aid,reporting,reporting_ref,funder_ref,title,status_code,day_start,day_end,description,country_code,country_percent,sector_group,sector_code,sector_percent,location_code,location_name,location_longitude,location_latitude,location_precision,location_precision_description,activity_url
XM-DAC-41122-Philippines-3420/A0/06/001/002,UNICEF,XM-DAC-41122,XM-DAC-41122,CHILD HEALTH SYSTEMS,Implementation,2019-01-01,2023-12-31,"The health systems at national level and in select provinces are strengthened to accelerate equitable access to high impact\ninterventions for reducing preventable newborn deaths, early childhood illnesses and disability, which contributes to Cross Sectoral - Children With Disabilities, Cross-Sectoral - Planning And Programme Reviews, Cross-Sectoral - Social And Behaviour Change, Evaluation, Health And Development In Early Childhood And Adolescence, Immunization Services As Part Of Primary Health Care, Reducing Child Poverty, Research, Safe And Equitable Water, Sanitation And Hygiene Services And Practices, Strengthening Primary Health Care And High-Impact Health Interventions, Strengthening Primary Health Care And High-Impact Health Interventions (Covid), Supply And Logistics, Water, Sanitation And Hygiene Systems And Empowerment Of Communities. UNICEF aims to achieve this through Advocacy And Public Engagement, Community Engagement, Social And Behaviour Change, Data, Research, Evaluation And Knowledge Management, Developing And Leveraging Resources And Partnerships, Evaluations, Research And Data, Fostering Innovation And Use Of New Technologies, Systems Strengthening And Institution Building, Systems Strengthening To Leave No One Behind, United Nations Working Together. This contributes to the following Country Programme result: By 2023, more children, adolescents and women, particularly the most vulnerable, benefit from improved and equitable neonatal,\nchild, maternal and adolescent health and nutrition services, and adopt healthy life practices.",Philippines,100,"Health, General",Health policy and administrative management,34.356434,,Region IX,122.84839,7.826196,1,Exact,https://d-portal.org/q.html?aid=XM-DAC-41122-Philippines-3420/A0/06/001/002
44000-P153814,World Bank,44000,IDA,Metro Manila Flood Management Project,Implementation,2017-09-28,2024-11-30,The project development objective is to improve flood management in selected areas of Metro Manila.,Philippines,100,Disaster Prevention & Preparedness,Multi-hazard response preparedness,41,,National Capital Region,121.04599,14.57775,2,Approximate,https://d-portal.org/q.html?aid=44000-P153814
XM-DAC-41122-Philippines-3420/A0/06/004/001,UNICEF,XM-DAC-41122,XM-DAC-41122,LOCAL GOVERNMENT STRENGTHENING,Implementation,2019-01-01,2023-12-31,"The capacity of government and key stakeholders to plan, budget and provide access to inclusive, integrated, resilient and quality\nbasic social services is strengthened, which contributes to Climate Change, Disaster Risks And Envionmental Degradation, Cross-Sectoral - Monitoring, Data And Situation Analyses, Cross-Sectoral - Social And Behaviour Change, Cross-Sectoral - Social And Behaviour Change (Covid), Evaluation, Learning, Skills, Participation And Engagement, Reducing Child Poverty, Research. UNICEF aims to achieve this through Advocacy And Communications, Advocacy And Public Engagement, Developing And Leveraging Resources And Partnerships, Evaluations, Research And Data, Fostering Innovation And Use Of New Technologies, Systems Strengthening And Institution Building, Systems Strengthening To Leave No One Behind. This contributes to the following Country Programme result: By 2023, the most disadvantaged children, families and communities in remote rural areas and impoverished urban pockets have access\nto inclusive systems that protect them from poverty and enhance their ability to appropriately respond to emergencies and climate\nchange risks.",Philippines,100,Government & Civil Society-general,Local government finance,6.3,,,121.77402,12.879721,1,Exact,https://d-portal.org/q.html?aid=XM-DAC-41122-Philippines-3420/A0/06/004/001
XM-DAC-41122-Philippines-3420/A0/06/001/002,UNICEF,XM-DAC-41122,XM-DAC-41122,CHILD HEALTH SYSTEMS,Implementation,2019-01-01,2023-12-31,"The health systems at national level and in select provinces are strengthened to accelerate equitable access to high impact\ninterventions for reducing preventable newborn deaths, early childhood illnesses and disability, which contributes to Cross Sectoral - Children With Disabilities, Cross-Sectoral - Planning And Programme Reviews, Cross-Sectoral - Social And Behaviour Change, Evaluation, Health And Development In Early Childhood And Adolescence, Immunization Services As Part Of Primary Health Care, Reducing Child Poverty, Research, Safe And Equitable Water, Sanitation And Hygiene Services And Practices, Strengthening Primary Health Care And High-Impact Health Interventions, Strengthening Primary Health Care And High-Impact Health Interventions (Covid), Supply And Logistics, Water, Sanitation And Hygiene Systems And Empowerment Of Communities. UNICEF aims to achieve this through Advocacy And Public Engagement, Community Engagement, Social And Behaviour Change, Data, Research, Evaluation And Knowledge Management, Developing And Leveraging Resources And Partnerships, Evaluations, Research And Data, Fostering Innovation And Use Of New Technologies, Systems Strengthening And Institution Building, Systems Strengthening To Leave No One Behind, United Nations Working Together. This contributes to the following Country Programme result: By 2023, more children, adolescents and women, particularly the most vulnerable, benefit from improved and equitable neonatal,\nchild, maternal and adolescent health and nutrition services, and adopt healthy life practices.",Philippines,100,Water Supply & Sanitation,Water sector policy and administrative management,0.1980198,,,121.77402,12.879721,1,Exact,https://d-portal.org/q.html?aid=XM-DAC-41122-Philippines-3420/A0/06/001/002
XM-DAC-41122-Philippines-3420/A0/06/001/002,UNICEF,XM-DAC-41122,XM-DAC-41122,CHILD HEALTH SYSTEMS,Implementation,2019-01-01,2023-12-31,"The health systems at national level and in select provinces are strengthened to accelerate equitable access to high impact\ninterventions for reducing preventable newborn deaths, early childhood illnesses and disability, which contributes to Cross Sectoral - Children With Disabilities, Cross-Sectoral - Planning And Programme Reviews, Cross-Sectoral - Social And Behaviour Change, Evaluation, Health And Development In Early Childhood And Adolescence, Immunization Services As Part Of Primary Health Care, Reducing Child Poverty, Research, Safe And Equitable Water, Sanitation And Hygiene Services And Practices, Strengthening Primary Health Care And High-Impact Health Interventions, Strengthening Primary Health Care And High-Impact Health Interventions (Covid), Supply And Logistics, Water, Sanitation And Hygiene Systems And Empowerment Of Communities. UNICEF aims to achieve this through Advocacy And Public Engagement, Community Engagement, Social And Behaviour Change, Data, Research, Evaluation And Knowledge Management, Developing And Leveraging Resources And Partnerships, Evaluations, Research And Data, Fostering Innovation And Use Of New Technologies, Systems Strengthening And Institution Building, Systems Strengthening To Leave No One Behind, United Nations Working Together. This contributes to the following Country Programme result: By 2023, more children, adolescents and women, particularly the most vulnerable, benefit from improved and equitable neonatal,\nchild, maternal and adolescent health and nutrition services, and adopt healthy life practices.",Philippines,100,"Health, General",Health policy and administrative management,34.356434,,,121.77402,12.879721,1,Exact,https://d-portal.org/q.html?aid=XM-DAC-41122-Philippines-3420/A0/06/001/002
44000-P153814,World Bank,44000,IDA,Metro Manila Flood Management Project,Implementation,2017-09-28,2024-11-30,The project development objective is to improve flood management in selected areas of Metro Manila.,Philippines,100,Water Supply & Sanitation,Waste management/disposal,11,,Dampalit,120.9401,14.6884,2,Approximate,https://d-portal.org/q.html?aid=44000-P153814
XI-IATI-UNPF-00093225,UN Pooled Funds,XI-IATI-UNPF,XI-IATI-UNPF,PBF/IRF-110: Increasing Public,Implementation,2006-11-28,2030-12-31,PBF/IRF-110: Increasing Public,Philippines,100,,,,,,,,,None,https://d-portal.org/q.html?aid=XI-IATI-UNPF-00093225
XM-DAC-41122-Philippines-3420/A0/06/001/002,UNICEF,XM-DAC-41122,XM-DAC-41122,CHILD HEALTH SYSTEMS,Implementation,2019-01-01,2023-12-31,"The health systems at national level and in select provinces are strengthened to accelerate equitable access to high impact\ninterventions for reducing preventable newborn deaths, early childhood illnesses and disability, which contributes to Cross Sectoral - Children With Disabilities, Cross-Sectoral - Planning And Programme Reviews, Cross-Sectoral - Social And Behaviour Change, Evaluation, Health And Development In Early Childhood And Adolescence, Immunization Services As Part Of Primary Health Care, Reducing Child Poverty, Research, Safe And Equitable Water, Sanitation And Hygiene Services And Practices, Strengthening Primary Health Care And High-Impact Health Interventions, Strengthening Primary Health Care And High-Impact Health Interventions (Covid), Supply And Logistics, Water, Sanitation And Hygiene Systems And Empowerment Of Communities. UNICEF aims to achieve this through Advocacy And Public Engagement, Community Engagement, Social And Behaviour Change, Data, Research, Evaluation And Knowledge Management, Developing And Leveraging Resources And Partnerships, Evaluations, Research And Data, Fostering Innovation And Use Of New Technologies, Systems Strengthening And Institution Building, Systems Strengthening To Leave No One Behind, United Nations Working Together. This contributes to the following Country Programme result: By 2023, more children, adolescents and women, particularly the most vulnerable, benefit from improved and equitable neonatal,\nchild, maternal and adolescent health and nutrition services, and adopt healthy life practices.",Philippines,100,Water Supply & Sanitation,Water sector policy and administrative management,0.1980198,,,121.77402,12.879721,1,Exact,https://d-portal.org/q.html?aid=XM-DAC-41122-Philippines-3420/A0/06/001/002
XM-DAC-41122-Philippines-3420/A0/06/001/001,UNICEF,XM-DAC-41122,XM-DAC-41122,NUTRITION AND FIRST 1000 DAYS,Implementation,2019-01-01,2023-12-31,"Government and partners have enhanced capacity to plan, deliver, and monitor coordinated multi-sectoral, gender-responsive, risk-\ninformed approaches at scale for improved access to nutritious diets to reduce stunting and other forms of malnutrition, which contributes to Cross-Sectoral - Planning And Programme Reviews, Cross-Sectoral - Social And Behaviour Change, Early Detection And Treatment Of Malnutrition, Evaluation, Health And Development In Early Childhood And Adolescence, Nutrition In Early Childhood, Nutrition In Early Childhood (Covid), Nutrition Of Adolescents And Women, Research, Safe And Equitable Water, Sanitation And Hygiene Services And Practices, Water, Sanitation And Hygiene Systems And Empowerment Of Communities. UNICEF aims to achieve this through Advocacy And Public Engagement, Community Engagement, Social And Behaviour Change, Data, Research, Evaluation And Knowledge Management, Developing And Leveraging Resources And Partnerships, Evaluations, Research And Data, Fostering Innovation And Use Of New Technologies, Harnessing Power Of Business And Markets, Systems Strengthening And Institution Building, Systems Strengthening To Leave No One Behind, United Nations Working Together. This contributes to the following Country Programme result: By 2023, more children, adolescents and women, particularly the most vulnerable, benefit from improved and equitable neonatal,\nchild, maternal and adolescent health and nutrition services, and adopt healthy life practices.",Philippines,100,Basic Health,Basic nutrition,18.118118,,,121.77402,12.879721,1,Exact,https://d-portal.org/q.html?aid=XM-DAC-41122-Philippines-3420/A0/06/001/001
XI-IATI-UNPF-17-RR-WHO-027,UN Pooled Funds,XI-IATI-UNPF,XI-IATI-UNPF,Protecting populations affected by the Marawi conflict against health threats,Implementation,2005-12-15,2030-12-31,Protecting populations affected by the Marawi conflict against health threats,Philippines,100,,,,,,,,,None,https://d-portal.org/q.html?aid=XI-IATI-UNPF-17-RR-WHO-027
XM-DAC-41122-Philippines-3420/A0/06/003/006,UNICEF,XM-DAC-41122,XM-DAC-41122,PEACEBUILDING AND CHILD PROTECTION- PROT,Implementation,2019-01-01,2023-12-31,"Strengthened capacities of the child protection system (services, families and communities) to protect at-risk children and\nadolescents in BARMM., which contributes to Access To Inclusive Social Protection, Access To Inclusive Social Protection (Covid), Cross Sectoral - Gender Discriminatory Roles And Practices, Cross-Sectoral - Monitoring, Data And Situation Analyses, Learning, Skills, Participation And Engagement, Promotion Of Care, Mental Health And Psychosocial Well-Being And Justice, Protection From Violence, Exploitation, Abuse And Neglect, Protection From Violence, Exploitation, Abuse And Neglect (Covid). UNICEF aims to achieve this through Advocacy And Public Engagement, Community Engagement, Social And Behaviour Change, Developing And Leveraging Resources And Partnerships, Evaluations, Research And Data, Partnerships And Engagement: Public And Private, Systems Strengthening And Institution Building, Systems Strengthening To Leave No One Behind. This contributes to the following Country Programme result: By 2023, moreÂ children and adolescents, particularly the most vulnerable, benefitÂ from more effective, quality, gender-sensitive,\npreventive, and responsive child protection system, and live in communities that better protect children from violence.",Philippines,100,Emergency Response,Relief co-ordination and support services,29.3,,,121.77402,12.879721,1,Exact,https://d-portal.org/q.html?aid=XM-DAC-41122-Philippines-3420/A0/06/003/006
XM-DAC-41122-Philippines-3420/A0/06/001/002,UNICEF,XM-DAC-41122,XM-DAC-41122,CHILD HEALTH SYSTEMS,Implementation,2019-01-01,2023-12-31,"The health systems at national level and in select provinces are strengthened to accelerate equitable access to high impact\ninterventions for reducing preventable newborn deaths, early childhood illnesses and disability, which contributes to Cross Sectoral - Children With Disabilities, Cross-Sectoral - Planning And Programme Reviews, Cross-Sectoral - Social And Behaviour Change, Evaluation, Health And Development In Early Childhood And Adolescence, Immunization Services As Part Of Primary Health Care, Reducing Child Poverty, Research, Safe And Equitable Water, Sanitation And Hygiene Services And Practices, Strengthening Primary Health Care And High-Impact Health Interventions, Strengthening Primary Health Care And High-Impact Health Interventions (Covid), Supply And Logistics, Water, Sanitation And Hygiene Systems And Empowerment Of Communities. UNICEF aims to achieve this through Advocacy And Public Engagement, Community Engagement, Social And Behaviour Change, Data, Research, Evaluation And Knowledge Management, Developing And Leveraging Resources And Partnerships, Evaluations, Research And Data, Fostering Innovation And Use Of New Technologies, Systems Strengthening And Institution Building, Systems Strengthening To Leave No One Behind, United Nations Working Together. This contributes to the following Country Programme result: By 2023, more children, adolescents and women, particularly the most vulnerable, benefit from improved and equitable neonatal,\nchild, maternal and adolescent health and nutrition services, and adopt healthy life practices.",Philippines,100,Population Policies/Programmes & Reproductive Health,Reproductive health care,50.49505,,Philippines (the),122.871025,11.733945,1,Exact,https://d-portal.org/q.html?aid=XM-DAC-41122-Philippines-3420/A0/06/001/002
44000-P153814,World Bank,44000,IDA,Metro Manila Flood Management Project,Implementation,2017-09-28,2024-11-30,The project development objective is to improve flood management in selected areas of Metro Manila.,Philippines,100,Other Social Infrastructure & Services,Housing policy and administrative management,3,,Estero de Tripa de Gallena,120.99141,14.58947,2,Approximate,https://d-portal.org/q.html?aid=44000-P153814
XM-DAC-41122-Philippines-3420/A0/06/001/001,UNICEF,XM-DAC-41122,XM-DAC-41122,NUTRITION AND FIRST 1000 DAYS,Implementation,2019-01-01,2023-12-31,"Government and partners have enhanced capacity to plan, deliver, and monitor coordinated multi-sectoral, gender-responsive, risk-\ninformed approaches at scale for improved access to nutritious diets to reduce stunting and other forms of malnutrition, which contributes to Cross-Sectoral - Planning And Programme Reviews, Cross-Sectoral - Social And Behaviour Change, Early Detection And Treatment Of Malnutrition, Evaluation, Health And Development In Early Childhood And Adolescence, Nutrition In Early Childhood, Nutrition In Early Childhood (Covid), Nutrition Of Adolescents And Women, Research, Safe And Equitable Water, Sanitation And Hygiene Services And Practices, Water, Sanitation And Hygiene Systems And Empowerment Of Communities. UNICEF aims to achieve this through Advocacy And Public Engagement, Community Engagement, Social And Behaviour Change, Data, Research, Evaluation And Knowledge Management, Developing And Leveraging Resources And Partnerships, Evaluations, Research And Data, Fostering Innovation And Use Of New Technologies, Harnessing Power Of Business And Markets, Systems Strengthening And Institution Building, Systems Strengthening To Leave No One Behind, United Nations Working Together. This contributes to the following Country Programme result: By 2023, more children, adolescents and women, particularly the most vulnerable, benefit from improved and equitable neonatal,\nchild, maternal and adolescent health and nutrition services, and adopt healthy life practices.",Philippines,100,Water Supply & Sanitation,Water sector policy and administrative management,5.2052054,,,121.77402,12.879721,1,Exact,https://d-portal.org/q.html?aid=XM-DAC-41122-Philippines-3420/A0/06/001/001
XM-DAC-41114-OUTPUT-00111581,United Nations Development Programme,XM-DAC-41114,UNDP,CORE-FW4A,Implementation,2018-08-15,2024-06-30,The project will support DICTs commitment to accelerate the roll-out of the free public internet program which is designed to provide free Wi-Fi access in public places.,Philippines,100,Government & Civil Society-general,National standards development,100,,Province of Albay,123.55,13.21667,1,Exact,https://d-portal.org/q.html?aid=XM-DAC-41114-OUTPUT-00111581
XM-DAC-41122-Philippines-3420/A0/06/004/002,UNICEF,XM-DAC-41122,XM-DAC-41122,SOCIAL PROTECTION,Implementation,2019-01-01,2023-12-31,"The equity, child focus and adaptive capacity of Government national social protection programmes are strengthened., which contributes to Access To Inclusive Social Protection, Climate Change, Disaster Risks And Envionmental Degradation, Cross Sectoral - Children With Disabilities, Cross Sectoral - Gender Discriminatory Roles And Practices, Cross-Sectoral - Monitoring, Data And Situation Analyses, Cross-Sectoral - Social And Behaviour Change, Cross-Sectoral - Social And Behaviour Change (Covid), Evaluation, Reducing Child Poverty, Research. UNICEF aims to achieve this through Advocacy And Public Engagement, Data, Research, Evaluation And Knowledge Management, Developing And Leveraging Resources And Partnerships, Evaluations, Research And Data, Fostering Innovation And Use Of New Technologies, Systems Strengthening And Institution Building, Systems Strengthening To Leave No One Behind. This contributes to the following Country Programme result: By 2023, the most disadvantaged children, families and communities in remote rural areas and impoverished urban pockets have access\nto inclusive systems that protect them from poverty and enhance their ability to appropriately respond to emergencies and climate\nchange risks.",Philippines,100,Other Social Infrastructure & Services,Statistical capacity building,7,,,121.77402,12.879721,1,Exact,https://d-portal.org/q.html?aid=XM-DAC-41122-Philippines-3420/A0/06/004/002
XM-DAC-41122-Philippines-3420/A0/06/001/002,UNICEF,XM-DAC-41122,XM-DAC-41122,CHILD HEALTH SYSTEMS,Implementation,2019-01-01,2023-12-31,"The health systems at national level and in select provinces are strengthened to accelerate equitable access to high impact\ninterventions for reducing preventable newborn deaths, early childhood illnesses and disability, which contributes to Cross Sectoral - Children With Disabilities, Cross-Sectoral - Planning And Programme Reviews, Cross-Sectoral - Social And Behaviour Change, Evaluation, Health And Development In Early Childhood And Adolescence, Immunization Services As Part Of Primary Health Care, Reducing Child Poverty, Research, Safe And Equitable Water, Sanitation And Hygiene Services And Practices, Strengthening Primary Health Care And High-Impact Health Interventions, Strengthening Primary Health Care And High-Impact Health Interventions (Covid), Supply And Logistics, Water, Sanitation And Hygiene Systems And Empowerment Of Communities. UNICEF aims to achieve this through Advocacy And Public Engagement, Community Engagement, Social And Behaviour Change, Data, Research, Evaluation And Knowledge Management, Developing And Leveraging Resources And Partnerships, Evaluations, Research And Data, Fostering Innovation And Use Of New Technologies, Systems Strengthening And Institution Building, Systems Strengthening To Leave No One Behind, United Nations Working Together. This contributes to the following Country Programme result: By 2023, more children, adolescents and women, particularly the most vulnerable, benefit from improved and equitable neonatal,\nchild, maternal and adolescent health and nutrition services, and adopt healthy life practices.",Philippines,100,"Health, General",Health policy and administrative management,34.356434,,,121.77402,12.879721,1,Exact,https://d-portal.org/q.html?aid=XM-DAC-41122-Philippines-3420/A0/06/001/002
XM-DAC-41122-Philippines-3420/A0/06/003/005,UNICEF,XM-DAC-41122,XM-DAC-41122,CHILD PROTECTION HUMANITARIAN ACTION,Implementation,2019-01-01,2023-12-31,"Children and adolescents affected by disasters and those affected by armed conflict, particularly in Mindanao are increasingly able\nto access critical multi-sectoral, gender/ conflict/ culturally -sensitive and child focused programs, which contributes to Promotion Of Care, Mental Health And Psychosocial Well-Being And Justice, Protection From Violence, Exploitation, Abuse And Neglect, Protection From Violence, Exploitation, Abuse And Neglect (Covid). UNICEF aims to achieve this through Advocacy And Public Engagement, Developing And Leveraging Resources And Partnerships, Evaluations, Research And Data, Partnerships And Engagement: Public And Private, Systems Strengthening And Institution Building, Systems Strengthening To Leave No One Behind, United Nations Working Together. This contributes to the following Country Programme result: By 2023, moreÂ children and adolescents, particularly the most vulnerable, benefitÂ from more effective, quality, gender-sensitive,\npreventive, and responsive child protection system, and live in communities that better protect children from violence.",Philippines,100,Government & Civil Society-general,Ending violence against women and girls,12.9,,,121.77402,12.879721,1,Exact,https://d-portal.org/q.html?aid=XM-DAC-41122-Philippines-3420/A0/06/003/005
XM-DAC-41122-Philippines-3420/A0/06/003/002,UNICEF,XM-DAC-41122,XM-DAC-41122,CHILD WELFARE SYSTEMS,Implementation,2019-01-01,2023-12-31,"The Child Protection system has strengthened capacity to deliver local, multi-sectoral, gender/conflict/culturally -sensitive and\nchild focused programs that prevent and respond to violence against children, which contributes to Promotion Of Care, Mental Health And Psychosocial Well-Being And Justice, Protection From Violence, Exploitation, Abuse And Neglect. UNICEF aims to achieve this through Advocacy And Public Engagement, Data, Research, Evaluation And Knowledge Management, Evaluations, Research And Data, Systems Strengthening And Institution Building, Systems Strengthening To Leave No One Behind. This contributes to the following Country Programme result: By 2023, moreÂ children and adolescents, particularly the most vulnerable, benefitÂ from more effective, quality, gender-sensitive,\npreventive, and responsive child protection system, and live in communities that better protect children from violence.",Philippines,100,Disaster Prevention & Preparedness,Multi-hazard response preparedness,3.1,,,121.77402,12.879721,1,Exact,https://d-portal.org/q.html?aid=XM-DAC-41122-Philippines-3420/A0/06/003/002
XM-DAC-41122-Philippines-3420/A0/06/003/006,UNICEF,XM-DAC-41122,XM-DAC-41122,PEACEBUILDING AND CHILD PROTECTION- PROT,Implementation,2019-01-01,2023-12-31,"Strengthened capacities of the child protection system (services, families and communities) to protect at-risk children and\nadolescents in BARMM., which contributes to Access To Inclusive Social Protection, Access To Inclusive Social Protection (Covid), Cross Sectoral - Gender Discriminatory Roles And Practices, Cross-Sectoral - Monitoring, Data And Situation Analyses, Learning, Skills, Participation And Engagement, Promotion Of Care, Mental Health And Psychosocial Well-Being And Justice, Protection From Violence, Exploitation, Abuse And Neglect, Protection From Violence, Exploitation, Abuse And Neglect (Covid). UNICEF aims to achieve this through Advocacy And Public Engagement, Community Engagement, Social And Behaviour Change, Developing And Leveraging Resources And Partnerships, Evaluations, Research And Data, Partnerships And Engagement: Public And Private, Systems Strengthening And Institution Building, Systems Strengthening To Leave No One Behind. This contributes to the following Country Programme result: By 2023, moreÂ children and adolescents, particularly the most vulnerable, benefitÂ from more effective, quality, gender-sensitive,\npreventive, and responsive child protection system, and live in communities that better protect children from violence.",Philippines,100,Government & Civil Society-general,Ending violence against women and girls,16.6,,,121.77402,12.879721,1,Exact,https://d-portal.org/q.html?aid=XM-DAC-41122-Philippines-3420/A0/06/003/006
AU-5-INL605-PH,Australian Aid,AU-5,AU,Investing in Women initiative,Implementation,2014-11-17,2023-07-31,"The Investing in Women initiative is an innovative,  long term approach to improving women's economic participation as employees and as entrepreneurs, and influencing the private and public sector environment to promote women's economic empowerment. The initiative works directly with the private sector and focuses on formal businesses. The overall goal is to contribute to women's economic empowerment in South East Asia with the understanding that this will contribute to continued inclusive economic growth in the region. Investing in Women intends to do this by achieving the following four outcomes: 1) more businesses achieve gender equality in their workplaces; 2) increased Impact Investment into women's small and medium enterprises; 3) removing policy and regulatory barriers to women's economic empowerment; and 4) public attitudes are more supportive of women's economic empowerment. The program operates in Indonesia, Philippines, Vietnam and Myanmar, from 2016-19 with a contract imple",Philippines,100,Industry,Small and medium-sized enterprises (SME) development,87.8,,,,,,None,https://d-portal.org/q.html?aid=AU-5-INL605-PH
NL-KVK-27378529-28691,Netherlands Enterprise Agency,NL-KVK-27378529,NL-KVK-27378529,Netherlands – MENA Partnership (Shiraka),Implementation,2016-01-01,2026-12-31,"The aim of Shiraka is to support sustainable democratic transition in the MENA region. It is a Dutch bilateral effort dedicated to contributing to political developments in the MENA region. The broader programme consists of the following two components: * Shiraka Training Programme* Government to government cooperationThe Shiraka Training Programme (STP) is an instrument for implementation of bilateral relations between the Netherlands and eligible countries at government level. The objective is to train senior public and semi-public officials on matters relevant to furthering a sustainable transition in the MENA region. An important aim is to create networks by bringing the participants together in the Netherlands. The programme also aims to increase and improve bilateral relations between Dutch line ministries and their colleagues in their respective countries. Some training programmes also invite people working for semi-public organisations. G2G is an instrument to stimulate structural cooperation between governments in order to offer support in solving issues of reciprocal concern. Where relevant, the Dutch business community is actively involved.",Philippines,1.23,Water Supply & Sanitation,Water sector policy and administrative management,16.1,,,,,,None,https://d-portal.org/q.html?aid=NL-KVK-27378529-28691
XM-DAC-41122-Philippines-3420/A0/06/001/002,UNICEF,XM-DAC-41122,XM-DAC-41122,CHILD HEALTH SYSTEMS,Implementation,2019-01-01,2023-12-31,"The health systems at national level and in select provinces are strengthened to accelerate equitable access to high impact\ninterventions for reducing preventable newborn deaths, early childhood illnesses and disability, which contributes to Cross Sectoral - Children With Disabilities, Cross-Sectoral - Planning And Programme Reviews, Cross-Sectoral - Social And Behaviour Change, Evaluation, Health And Development In Early Childhood And Adolescence, Immunization Services As Part Of Primary Health Care, Reducing Child Poverty, Research, Safe And Equitable Water, Sanitation And Hygiene Services And Practices, Strengthening Primary Health Care And High-Impact Health Interventions, Strengthening Primary Health Care And High-Impact Health Interventions (Covid), Supply And Logistics, Water, Sanitation And Hygiene Systems And Empowerment Of Communities. UNICEF aims to achieve this through Advocacy And Public Engagement, Community Engagement, Social And Behaviour Change, Data, Research, Evaluation And Knowledge Management, Developing And Leveraging Resources And Partnerships, Evaluations, Research And Data, Fostering Innovation And Use Of New Technologies, Systems Strengthening And Institution Building, Systems Strengthening To Leave No One Behind, United Nations Working Together. This contributes to the following Country Programme result: By 2023, more children, adolescents and women, particularly the most vulnerable, benefit from improved and equitable neonatal,\nchild, maternal and adolescent health and nutrition services, and adopt healthy life practices.",Philippines,100,"Health, General",Health policy and administrative management,34.356434,,,121.77402,12.879721,1,Exact,https://d-portal.org/q.html?aid=XM-DAC-41122-Philippines-3420/A0/06/001/002
XM-DAC-41122-Philippines-3420/A0/06/003/005,UNICEF,XM-DAC-41122,XM-DAC-41122,CHILD PROTECTION HUMANITARIAN ACTION,Implementation,2019-01-01,2023-12-31,"Children and adolescents affected by disasters and those affected by armed conflict, particularly in Mindanao are increasingly able\nto access critical multi-sectoral, gender/ conflict/ culturally -sensitive and child focused programs, which contributes to Promotion Of Care, Mental Health And Psychosocial Well-Being And Justice, Protection From Violence, Exploitation, Abuse And Neglect, Protection From Violence, Exploitation, Abuse And Neglect (Covid). UNICEF aims to achieve this through Advocacy And Public Engagement, Developing And Leveraging Resources And Partnerships, Evaluations, Research And Data, Partnerships And Engagement: Public And Private, Systems Strengthening And Institution Building, Systems Strengthening To Leave No One Behind, United Nations Working Together. This contributes to the following Country Programme result: By 2023, moreÂ children and adolescents, particularly the most vulnerable, benefitÂ from more effective, quality, gender-sensitive,\npreventive, and responsive child protection system, and live in communities that better protect children from violence.",Philippines,100,"Conflict, Peace & Security",Child soldiers (prevention and demobilisation),10.7,,,121.77402,12.879721,1,Exact,https://d-portal.org/q.html?aid=XM-DAC-41122-Philippines-3420/A0/06/003/005
XM-DAC-41122-Philippines-3420/A0/06/001/002,UNICEF,XM-DAC-41122,XM-DAC-41122,CHILD HEALTH SYSTEMS,Implementation,2019-01-01,2023-12-31,"The health systems at national level and in select provinces are strengthened to accelerate equitable access to high impact\ninterventions for reducing preventable newborn deaths, early childhood illnesses and disability, which contributes to Cross Sectoral - Children With Disabilities, Cross-Sectoral - Planning And Programme Reviews, Cross-Sectoral - Social And Behaviour Change, Evaluation, Health And Development In Early Childhood And Adolescence, Immunization Services As Part Of Primary Health Care, Reducing Child Poverty, Research, Safe And Equitable Water, Sanitation And Hygiene Services And Practices, Strengthening Primary Health Care And High-Impact Health Interventions, Strengthening Primary Health Care And High-Impact Health Interventions (Covid), Supply And Logistics, Water, Sanitation And Hygiene Systems And Empowerment Of Communities. UNICEF aims to achieve this through Advocacy And Public Engagement, Community Engagement, Social And Behaviour Change, Data, Research, Evaluation And Knowledge Management, Developing And Leveraging Resources And Partnerships, Evaluations, Research And Data, Fostering Innovation And Use Of New Technologies, Systems Strengthening And Institution Building, Systems Strengthening To Leave No One Behind, United Nations Working Together. This contributes to the following Country Programme result: By 2023, more children, adolescents and women, particularly the most vulnerable, benefit from improved and equitable neonatal,\nchild, maternal and adolescent health and nutrition services, and adopt healthy life practices.",Philippines,100,Disaster Prevention & Preparedness,Multi-hazard response preparedness,0.990099,,,121.77402,12.879721,1,Exact,https://d-portal.org/q.html?aid=XM-DAC-41122-Philippines-3420/A0/06/001/002
SE-0-SE-6-11781A0102-H10083,Sweden,SE-0,SE,Philippines 2021,Implementation,2018-02-02,2023-03-31,"New/additional funds to address COVID-19\nEach year Sida undertakes a humanitarian allocation process in which all on-going\nhumanitarian crises are analyzed, and where the partners most relevant to respond to\nidentified needs in each specific crisis are selected. The initial funding to the ICRC in\n2018, which is being encompassed in this decision, is thus based on the Sida\nhumanitarian allocation process that took place in late 2017. A three-year agreement is\nhowever suggested to be signed with the ICRC, where additional contributions will be\nadded to the agreement, subject to funds availability, governmental appropriations and\nSida needs assessments.\nFor 2018, it is proposed that 450 MSEK is allocated to the ICRC for the implementation\nof activities in 36 contexts (of which 8 are regional and covers several countries). Out of\nthe initial allocation 115 MSEK is proposed to be unallocated, which would enable the\nICRC to flexibly add additional financial contributions to countries and regions with\nincreased needs or that are severely underfunded. Sida must, as per the agreement,\napprove the ICRC suggestion on how the unallocated funds are to be allocated.\nAn additional 10 MSEK (5 MSEK per year) is allocated to the ICRC as unallocated\nfunding for 2019 and 2020, respectively.",Philippines,100,Emergency Response,,50,,,,,,None,https://d-portal.org/q.html?aid=SE-0-SE-6-11781A0102-H10083
XM-DAC-41122-Philippines-3420/A0/06/001/002,UNICEF,XM-DAC-41122,XM-DAC-41122,CHILD HEALTH SYSTEMS,Implementation,2019-01-01,2023-12-31,"The health systems at national level and in select provinces are strengthened to accelerate equitable access to high impact\ninterventions for reducing preventable newborn deaths, early childhood illnesses and disability, which contributes to Cross Sectoral - Children With Disabilities, Cross-Sectoral - Planning And Programme Reviews, Cross-Sectoral - Social And Behaviour Change, Evaluation, Health And Development In Early Childhood And Adolescence, Immunization Services As Part Of Primary Health Care, Reducing Child Poverty, Research, Safe And Equitable Water, Sanitation And Hygiene Services And Practices, Strengthening Primary Health Care And High-Impact Health Interventions, Strengthening Primary Health Care And High-Impact Health Interventions (Covid), Supply And Logistics, Water, Sanitation And Hygiene Systems And Empowerment Of Communities. UNICEF aims to achieve this through Advocacy And Public Engagement, Community Engagement, Social And Behaviour Change, Data, Research, Evaluation And Knowledge Management, Developing And Leveraging Resources And Partnerships, Evaluations, Research And Data, Fostering Innovation And Use Of New Technologies, Systems Strengthening And Institution Building, Systems Strengthening To Leave No One Behind, United Nations Working Together. This contributes to the following Country Programme result: By 2023, more children, adolescents and women, particularly the most vulnerable, benefit from improved and equitable neonatal,\nchild, maternal and adolescent health and nutrition services, and adopt healthy life practices.",Philippines,100,Emergency Response,Material relief assistance and services,10.594059,,,121.77402,12.879721,1,Exact,https://d-portal.org/q.html?aid=XM-DAC-41122-Philippines-3420/A0/06/001/002
XM-DAC-41122-Philippines-3420/A0/06/004/002,UNICEF,XM-DAC-41122,XM-DAC-41122,SOCIAL PROTECTION,Implementation,2019-01-01,2023-12-31,"The equity, child focus and adaptive capacity of Government national social protection programmes are strengthened., which contributes to Access To Inclusive Social Protection, Climate Change, Disaster Risks And Envionmental Degradation, Cross Sectoral - Children With Disabilities, Cross Sectoral - Gender Discriminatory Roles And Practices, Cross-Sectoral - Monitoring, Data And Situation Analyses, Cross-Sectoral - Social And Behaviour Change, Cross-Sectoral - Social And Behaviour Change (Covid), Evaluation, Reducing Child Poverty, Research. UNICEF aims to achieve this through Advocacy And Public Engagement, Data, Research, Evaluation And Knowledge Management, Developing And Leveraging Resources And Partnerships, Evaluations, Research And Data, Fostering Innovation And Use Of New Technologies, Systems Strengthening And Institution Building, Systems Strengthening To Leave No One Behind. This contributes to the following Country Programme result: By 2023, the most disadvantaged children, families and communities in remote rural areas and impoverished urban pockets have access\nto inclusive systems that protect them from poverty and enhance their ability to appropriately respond to emergencies and climate\nchange risks.",Philippines,100,Other Social Infrastructure & Services,Social services (incl youth development and women+ children),12.9,,,121.77402,12.879721,1,Exact,https://d-portal.org/q.html?aid=XM-DAC-41122-Philippines-3420/A0/06/004/002
XM-DAC-41122-Philippines-3420/A0/06/003/005,UNICEF,XM-DAC-41122,XM-DAC-41122,CHILD PROTECTION HUMANITARIAN ACTION,Implementation,2019-01-01,2023-12-31,"Children and adolescents affected by disasters and those affected by armed conflict, particularly in Mindanao are increasingly able\nto access critical multi-sectoral, gender/ conflict/ culturally -sensitive and child focused programs, which contributes to Promotion Of Care, Mental Health And Psychosocial Well-Being And Justice, Protection From Violence, Exploitation, Abuse And Neglect, Protection From Violence, Exploitation, Abuse And Neglect (Covid). UNICEF aims to achieve this through Advocacy And Public Engagement, Developing And Leveraging Resources And Partnerships, Evaluations, Research And Data, Partnerships And Engagement: Public And Private, Systems Strengthening And Institution Building, Systems Strengthening To Leave No One Behind, United Nations Working Together. This contributes to the following Country Programme result: By 2023, moreÂ children and adolescents, particularly the most vulnerable, benefitÂ from more effective, quality, gender-sensitive,\npreventive, and responsive child protection system, and live in communities that better protect children from violence.",Philippines,100,Disaster Prevention & Preparedness,Multi-hazard response preparedness,45.2,,,121.77402,12.879721,1,Exact,https://d-portal.org/q.html?aid=XM-DAC-41122-Philippines-3420/A0/06/003/005
XM-DAC-41122-Philippines-3420/A0/06/001/002,UNICEF,XM-DAC-41122,XM-DAC-41122,CHILD HEALTH SYSTEMS,Implementation,2019-01-01,2023-12-31,"The health systems at national level and in select provinces are strengthened to accelerate equitable access to high impact\ninterventions for reducing preventable newborn deaths, early childhood illnesses and disability, which contributes to Cross Sectoral - Children With Disabilities, Cross-Sectoral - Planning And Programme Reviews, Cross-Sectoral - Social And Behaviour Change, Evaluation, Health And Development In Early Childhood And Adolescence, Immunization Services As Part Of Primary Health Care, Reducing Child Poverty, Research, Safe And Equitable Water, Sanitation And Hygiene Services And Practices, Strengthening Primary Health Care And High-Impact Health Interventions, Strengthening Primary Health Care And High-Impact Health Interventions (Covid), Supply And Logistics, Water, Sanitation And Hygiene Systems And Empowerment Of Communities. UNICEF aims to achieve this through Advocacy And Public Engagement, Community Engagement, Social And Behaviour Change, Data, Research, Evaluation And Knowledge Management, Developing And Leveraging Resources And Partnerships, Evaluations, Research And Data, Fostering Innovation And Use Of New Technologies, Systems Strengthening And Institution Building, Systems Strengthening To Leave No One Behind, United Nations Working Together. This contributes to the following Country Programme result: By 2023, more children, adolescents and women, particularly the most vulnerable, benefit from improved and equitable neonatal,\nchild, maternal and adolescent health and nutrition services, and adopt healthy life practices.",Philippines,100,Population Policies/Programmes & Reproductive Health,Reproductive health care,50.49505,,,121.77402,12.879721,1,Exact,https://d-portal.org/q.html?aid=XM-DAC-41122-Philippines-3420/A0/06/001/002
XM-DAC-41122-Philippines-3420/A0/06/001/002,UNICEF,XM-DAC-41122,XM-DAC-41122,CHILD HEALTH SYSTEMS,Implementation,2019-01-01,2023-12-31,"The health systems at national level and in select provinces are strengthened to accelerate equitable access to high impact\ninterventions for reducing preventable newborn deaths, early childhood illnesses and disability, which contributes to Cross Sectoral - Children With Disabilities, Cross-Sectoral - Planning And Programme Reviews, Cross-Sectoral - Social And Behaviour Change, Evaluation, Health And Development In Early Childhood And Adolescence, Immunization Services As Part Of Primary Health Care, Reducing Child Poverty, Research, Safe And Equitable Water, Sanitation And Hygiene Services And Practices, Strengthening Primary Health Care And High-Impact Health Interventions, Strengthening Primary Health Care And High-Impact Health Interventions (Covid), Supply And Logistics, Water, Sanitation And Hygiene Systems And Empowerment Of Communities. UNICEF aims to achieve this through Advocacy And Public Engagement, Community Engagement, Social And Behaviour Change, Data, Research, Evaluation And Knowledge Management, Developing And Leveraging Resources And Partnerships, Evaluations, Research And Data, Fostering Innovation And Use Of New Technologies, Systems Strengthening And Institution Building, Systems Strengthening To Leave No One Behind, United Nations Working Together. This contributes to the following Country Programme result: By 2023, more children, adolescents and women, particularly the most vulnerable, benefit from improved and equitable neonatal,\nchild, maternal and adolescent health and nutrition services, and adopt healthy life practices.",Philippines,100,"Health, General",Health policy and administrative management,34.356434,,,121.77402,12.879721,1,Exact,https://d-portal.org/q.html?aid=XM-DAC-41122-Philippines-3420/A0/06/001/002
XM-DAC-41114-OUTPUT-00106047,United Nations Development Programme,XM-DAC-41114,UNDP,Roads 2 Sustainable Devt Goals,Implementation,2018-02-01,2023-06-30,Support to governance reform and quality assurance components of Conditional Matching Grant to Provinces (CMGP) through the Roads to SDGs framework,Philippines,100,Government & Civil Society-general,National standards development,100,,Province of Davao del Sur,125.30182,6.79281,1,Exact,https://d-portal.org/q.html?aid=XM-DAC-41114-OUTPUT-00106047
XM-DAC-41122-Philippines-3420/A0/06/003/005,UNICEF,XM-DAC-41122,XM-DAC-41122,CHILD PROTECTION HUMANITARIAN ACTION,Implementation,2019-01-01,2023-12-31,"Children and adolescents affected by disasters and those affected by armed conflict, particularly in Mindanao are increasingly able\nto access critical multi-sectoral, gender/ conflict/ culturally -sensitive and child focused programs, which contributes to Promotion Of Care, Mental Health And Psychosocial Well-Being And Justice, Protection From Violence, Exploitation, Abuse And Neglect, Protection From Violence, Exploitation, Abuse And Neglect (Covid). UNICEF aims to achieve this through Advocacy And Public Engagement, Developing And Leveraging Resources And Partnerships, Evaluations, Research And Data, Partnerships And Engagement: Public And Private, Systems Strengthening And Institution Building, Systems Strengthening To Leave No One Behind, United Nations Working Together. This contributes to the following Country Programme result: By 2023, moreÂ children and adolescents, particularly the most vulnerable, benefitÂ from more effective, quality, gender-sensitive,\npreventive, and responsive child protection system, and live in communities that better protect children from violence.",Philippines,100,Emergency Response,Relief co-ordination and support services,9.4,,,121.77402,12.879721,1,Exact,https://d-portal.org/q.html?aid=XM-DAC-41122-Philippines-3420/A0/06/003/005
XM-DAC-41122-Philippines-3420/A0/06/001/002,UNICEF,XM-DAC-41122,XM-DAC-41122,CHILD HEALTH SYSTEMS,Implementation,2019-01-01,2023-12-31,"The health systems at national level and in select provinces are strengthened to accelerate equitable access to high impact\ninterventions for reducing preventable newborn deaths, early childhood illnesses and disability, which contributes to Cross Sectoral - Children With Disabilities, Cross-Sectoral - Planning And Programme Reviews, Cross-Sectoral - Social And Behaviour Change, Evaluation, Health And Development In Early Childhood And Adolescence, Immunization Services As Part Of Primary Health Care, Reducing Child Poverty, Research, Safe And Equitable Water, Sanitation And Hygiene Services And Practices, Strengthening Primary Health Care And High-Impact Health Interventions, Strengthening Primary Health Care And High-Impact Health Interventions (Covid), Supply And Logistics, Water, Sanitation And Hygiene Systems And Empowerment Of Communities. UNICEF aims to achieve this through Advocacy And Public Engagement, Community Engagement, Social And Behaviour Change, Data, Research, Evaluation And Knowledge Management, Developing And Leveraging Resources And Partnerships, Evaluations, Research And Data, Fostering Innovation And Use Of New Technologies, Systems Strengthening And Institution Building, Systems Strengthening To Leave No One Behind, United Nations Working Together. This contributes to the following Country Programme result: By 2023, more children, adolescents and women, particularly the most vulnerable, benefit from improved and equitable neonatal,\nchild, maternal and adolescent health and nutrition services, and adopt healthy life practices.",Philippines,100,"Health, General",Health policy and administrative management,34.356434,,,121.77402,12.879721,1,Exact,https://d-portal.org/q.html?aid=XM-DAC-41122-Philippines-3420/A0/06/001/002
XM-DAC-41122-Philippines-3420/A0/06/001/002,UNICEF,XM-DAC-41122,XM-DAC-41122,CHILD HEALTH SYSTEMS,Implementation,2019-01-01,2023-12-31,"The health systems at national level and in select provinces are strengthened to accelerate equitable access to high impact\ninterventions for reducing preventable newborn deaths, early childhood illnesses and disability, which contributes to Cross Sectoral - Children With Disabilities, Cross-Sectoral - Planning And Programme Reviews, Cross-Sectoral - Social And Behaviour Change, Evaluation, Health And Development In Early Childhood And Adolescence, Immunization Services As Part Of Primary Health Care, Reducing Child Poverty, Research, Safe And Equitable Water, Sanitation And Hygiene Services And Practices, Strengthening Primary Health Care And High-Impact Health Interventions, Strengthening Primary Health Care And High-Impact Health Interventions (Covid), Supply And Logistics, Water, Sanitation And Hygiene Systems And Empowerment Of Communities. UNICEF aims to achieve this through Advocacy And Public Engagement, Community Engagement, Social And Behaviour Change, Data, Research, Evaluation And Knowledge Management, Developing And Leveraging Resources And Partnerships, Evaluations, Research And Data, Fostering Innovation And Use Of New Technologies, Systems Strengthening And Institution Building, Systems Strengthening To Leave No One Behind, United Nations Working Together. This contributes to the following Country Programme result: By 2023, more children, adolescents and women, particularly the most vulnerable, benefit from improved and equitable neonatal,\nchild, maternal and adolescent health and nutrition services, and adopt healthy life practices.",Philippines,100,Other Social Infrastructure & Services,"Social protection and welfare services policy, planning and administration",2.6732674,,,121.77402,12.879721,1,Exact,https://d-portal.org/q.html?aid=XM-DAC-41122-Philippines-3420/A0/06/001/002
44000-P119343,World Bank,44000,IDA,Cebu Bus Rapid Transit (BRT) Project,Implementation,2014-09-26,2023-06-30,"The Project Development Objective (PDO) is to improve the over-all performance of the urban passenger transport system in the Project Corridor in Cebu City in terms of the quality and level of service, safety, and environmental efficiency.",Philippines,100,Other Multisector,Urban development,50,,Bulacao,123.84611,10.27194,2,Approximate,https://d-portal.org/q.html?aid=44000-P119343
XM-DAC-41122-Philippines-3420/A0/06/001/001,UNICEF,XM-DAC-41122,XM-DAC-41122,NUTRITION AND FIRST 1000 DAYS,Implementation,2019-01-01,2023-12-31,"Government and partners have enhanced capacity to plan, deliver, and monitor coordinated multi-sectoral, gender-responsive, risk-\ninformed approaches at scale for improved access to nutritious diets to reduce stunting and other forms of malnutrition, which contributes to Cross-Sectoral - Planning And Programme Reviews, Cross-Sectoral - Social And Behaviour Change, Early Detection And Treatment Of Malnutrition, Evaluation, Health And Development In Early Childhood And Adolescence, Nutrition In Early Childhood, Nutrition In Early Childhood (Covid), Nutrition Of Adolescents And Women, Research, Safe And Equitable Water, Sanitation And Hygiene Services And Practices, Water, Sanitation And Hygiene Systems And Empowerment Of Communities. UNICEF aims to achieve this through Advocacy And Public Engagement, Community Engagement, Social And Behaviour Change, Data, Research, Evaluation And Knowledge Management, Developing And Leveraging Resources And Partnerships, Evaluations, Research And Data, Fostering Innovation And Use Of New Technologies, Harnessing Power Of Business And Markets, Systems Strengthening And Institution Building, Systems Strengthening To Leave No One Behind, United Nations Working Together. This contributes to the following Country Programme result: By 2023, more children, adolescents and women, particularly the most vulnerable, benefit from improved and equitable neonatal,\nchild, maternal and adolescent health and nutrition services, and adopt healthy life practices.",Philippines,100,Basic Health,Basic nutrition,18.118118,,,121.77402,12.879721,1,Exact,https://d-portal.org/q.html?aid=XM-DAC-41122-Philippines-3420/A0/06/001/001
XM-DAC-41122-Philippines-3420/A0/06/001/001,UNICEF,XM-DAC-41122,XM-DAC-41122,NUTRITION AND FIRST 1000 DAYS,Implementation,2019-01-01,2023-12-31,"Government and partners have enhanced capacity to plan, deliver, and monitor coordinated multi-sectoral, gender-responsive, risk-\ninformed approaches at scale for improved access to nutritious diets to reduce stunting and other forms of malnutrition, which contributes to Cross-Sectoral - Planning And Programme Reviews, Cross-Sectoral - Social And Behaviour Change, Early Detection And Treatment Of Malnutrition, Evaluation, Health And Development In Early Childhood And Adolescence, Nutrition In Early Childhood, Nutrition In Early Childhood (Covid), Nutrition Of Adolescents And Women, Research, Safe And Equitable Water, Sanitation And Hygiene Services And Practices, Water, Sanitation And Hygiene Systems And Empowerment Of Communities. UNICEF aims to achieve this through Advocacy And Public Engagement, Community Engagement, Social And Behaviour Change, Data, Research, Evaluation And Knowledge Management, Developing And Leveraging Resources And Partnerships, Evaluations, Research And Data, Fostering Innovation And Use Of New Technologies, Harnessing Power Of Business And Markets, Systems Strengthening And Institution Building, Systems Strengthening To Leave No One Behind, United Nations Working Together. This contributes to the following Country Programme result: By 2023, more children, adolescents and women, particularly the most vulnerable, benefit from improved and equitable neonatal,\nchild, maternal and adolescent health and nutrition services, and adopt healthy life practices.",Philippines,100,Basic Health,Basic nutrition,18.118118,,,121.77402,12.879721,1,Exact,https://d-portal.org/q.html?aid=XM-DAC-41122-Philippines-3420/A0/06/001/001
US-GOV-1-AID-OAA-TO-15-00007,U.S. Agency for International Development,US-GOV-1,US-GOV-1,USAID redacted this field in accordance with the exceptions outlined in the Foreign Aid Transparency and Accountability Act of 2016.,Implementation,2015-04-15,2024-11-28,"This program supports the Mission's goal for an independent, prosperous, and healthy Ukraine united around core European values in one or more of the following sectors: strengthening of democratic governance, and more inclusive, sustainable, market-driven economic growth.",Philippines,0.2618365,Basic Health,Malaria control,0.3837091,,Cabo-Delgado,39.3765,-12.4423,2,Approximate,https://d-portal.org/q.html?aid=US-GOV-1-AID-OAA-TO-15-00007
XM-DAC-41122-Philippines-3420/A0/06/001/002,UNICEF,XM-DAC-41122,XM-DAC-41122,CHILD HEALTH SYSTEMS,Implementation,2019-01-01,2023-12-31,"The health systems at national level and in select provinces are strengthened to accelerate equitable access to high impact\ninterventions for reducing preventable newborn deaths, early childhood illnesses and disability, which contributes to Cross Sectoral - Children With Disabilities, Cross-Sectoral - Planning And Programme Reviews, Cross-Sectoral - Social And Behaviour Change, Evaluation, Health And Development In Early Childhood And Adolescence, Immunization Services As Part Of Primary Health Care, Reducing Child Poverty, Research, Safe And Equitable Water, Sanitation And Hygiene Services And Practices, Strengthening Primary Health Care And High-Impact Health Interventions, Strengthening Primary Health Care And High-Impact Health Interventions (Covid), Supply And Logistics, Water, Sanitation And Hygiene Systems And Empowerment Of Communities. UNICEF aims to achieve this through Advocacy And Public Engagement, Community Engagement, Social And Behaviour Change, Data, Research, Evaluation And Knowledge Management, Developing And Leveraging Resources And Partnerships, Evaluations, Research And Data, Fostering Innovation And Use Of New Technologies, Systems Strengthening And Institution Building, Systems Strengthening To Leave No One Behind, United Nations Working Together. This contributes to the following Country Programme result: By 2023, more children, adolescents and women, particularly the most vulnerable, benefit from improved and equitable neonatal,\nchild, maternal and adolescent health and nutrition services, and adopt healthy life practices.",Philippines,100,Administrative Costs of Donors,Administrative costs (non-sector allocable),0.6930693,,,121.77402,12.879721,1,Exact,https://d-portal.org/q.html?aid=XM-DAC-41122-Philippines-3420/A0/06/001/002
XM-DAC-41114-OUTPUT-00106047,United Nations Development Programme,XM-DAC-41114,UNDP,Roads 2 Sustainable Devt Goals,Implementation,2018-02-01,2023-06-30,Support to governance reform and quality assurance components of Conditional Matching Grant to Provinces (CMGP) through the Roads to SDGs framework,Philippines,100,Government & Civil Society-general,National standards development,100,,Province of Negros Oriental,123,9.75,1,Exact,https://d-portal.org/q.html?aid=XM-DAC-41114-OUTPUT-00106047
XM-DAC-41122-Philippines-3420/A0/06/003/005,UNICEF,XM-DAC-41122,XM-DAC-41122,CHILD PROTECTION HUMANITARIAN ACTION,Implementation,2019-01-01,2023-12-31,"Children and adolescents affected by disasters and those affected by armed conflict, particularly in Mindanao are increasingly able\nto access critical multi-sectoral, gender/ conflict/ culturally -sensitive and child focused programs, which contributes to Promotion Of Care, Mental Health And Psychosocial Well-Being And Justice, Protection From Violence, Exploitation, Abuse And Neglect, Protection From Violence, Exploitation, Abuse And Neglect (Covid). UNICEF aims to achieve this through Advocacy And Public Engagement, Developing And Leveraging Resources And Partnerships, Evaluations, Research And Data, Partnerships And Engagement: Public And Private, Systems Strengthening And Institution Building, Systems Strengthening To Leave No One Behind, United Nations Working Together. This contributes to the following Country Programme result: By 2023, moreÂ children and adolescents, particularly the most vulnerable, benefitÂ from more effective, quality, gender-sensitive,\npreventive, and responsive child protection system, and live in communities that better protect children from violence.",Philippines,100,Emergency Response,Relief co-ordination and support services,9.4,,,121.77402,12.879721,1,Exact,https://d-portal.org/q.html?aid=XM-DAC-41122-Philippines-3420/A0/06/003/005
44000-P153814,World Bank,44000,IDA,Metro Manila Flood Management Project,Implementation,2017-09-28,2024-11-30,The project development objective is to improve flood management in selected areas of Metro Manila.,Philippines,100,Water Supply & Sanitation,Waste management/disposal,11,,Pandacan,121.0058,14.5897,2,Approximate,https://d-portal.org/q.html?aid=44000-P153814
XM-DAC-41122-Philippines-3420/A0/06/003/002,UNICEF,XM-DAC-41122,XM-DAC-41122,CHILD WELFARE SYSTEMS,Implementation,2019-01-01,2023-12-31,"The Child Protection system has strengthened capacity to deliver local, multi-sectoral, gender/conflict/culturally -sensitive and\nchild focused programs that prevent and respond to violence against children, which contributes to Promotion Of Care, Mental Health And Psychosocial Well-Being And Justice, Protection From Violence, Exploitation, Abuse And Neglect. UNICEF aims to achieve this through Advocacy And Public Engagement, Data, Research, Evaluation And Knowledge Management, Evaluations, Research And Data, Systems Strengthening And Institution Building, Systems Strengthening To Leave No One Behind. This contributes to the following Country Programme result: By 2023, moreÂ children and adolescents, particularly the most vulnerable, benefitÂ from more effective, quality, gender-sensitive,\npreventive, and responsive child protection system, and live in communities that better protect children from violence.",Philippines,100,Other Social Infrastructure & Services,"Social protection and welfare services policy, planning and administration",17.1,,National Capital Region,121.03221,14.606243,1,Exact,https://d-portal.org/q.html?aid=XM-DAC-41122-Philippines-3420/A0/06/003/002
XM-DAC-41122-Philippines-3420/A0/06/001/001,UNICEF,XM-DAC-41122,XM-DAC-41122,NUTRITION AND FIRST 1000 DAYS,Implementation,2019-01-01,2023-12-31,"Government and partners have enhanced capacity to plan, deliver, and monitor coordinated multi-sectoral, gender-responsive, risk-\ninformed approaches at scale for improved access to nutritious diets to reduce stunting and other forms of malnutrition, which contributes to Cross-Sectoral - Planning And Programme Reviews, Cross-Sectoral - Social And Behaviour Change, Early Detection And Treatment Of Malnutrition, Evaluation, Health And Development In Early Childhood And Adolescence, Nutrition In Early Childhood, Nutrition In Early Childhood (Covid), Nutrition Of Adolescents And Women, Research, Safe And Equitable Water, Sanitation And Hygiene Services And Practices, Water, Sanitation And Hygiene Systems And Empowerment Of Communities. UNICEF aims to achieve this through Advocacy And Public Engagement, Community Engagement, Social And Behaviour Change, Data, Research, Evaluation And Knowledge Management, Developing And Leveraging Resources And Partnerships, Evaluations, Research And Data, Fostering Innovation And Use Of New Technologies, Harnessing Power Of Business And Markets, Systems Strengthening And Institution Building, Systems Strengthening To Leave No One Behind, United Nations Working Together. This contributes to the following Country Programme result: By 2023, more children, adolescents and women, particularly the most vulnerable, benefit from improved and equitable neonatal,\nchild, maternal and adolescent health and nutrition services, and adopt healthy life practices.",Philippines,100,Population Policies/Programmes & Reproductive Health,Reproductive health care,0.4004004,,,121.77402,12.879721,1,Exact,https://d-portal.org/q.html?aid=XM-DAC-41122-Philippines-3420/A0/06/001/001
US-GOV-1-AID-OAA-TO-15-00007,U.S. Agency for International Development,US-GOV-1,US-GOV-1,USAID redacted this field in accordance with the exceptions outlined in the Foreign Aid Transparency and Accountability Act of 2016.,Implementation,2015-04-15,2024-11-28,"This program supports the Mission's goal for an independent, prosperous, and healthy Ukraine united around core European values in one or more of the following sectors: strengthening of democratic governance, and more inclusive, sustainable, market-driven economic growth.",Philippines,0.2618365,Basic Health,Infectious disease control,2.0758035,,Zambezia,36.98937,-16.6482,2,Approximate,https://d-portal.org/q.html?aid=US-GOV-1-AID-OAA-TO-15-00007
XM-DAC-41122-Philippines-3420/A0/06/004/001,UNICEF,XM-DAC-41122,XM-DAC-41122,LOCAL GOVERNMENT STRENGTHENING,Implementation,2019-01-01,2023-12-31,"The capacity of government and key stakeholders to plan, budget and provide access to inclusive, integrated, resilient and quality\nbasic social services is strengthened, which contributes to Climate Change, Disaster Risks And Envionmental Degradation, Cross-Sectoral - Monitoring, Data And Situation Analyses, Cross-Sectoral - Social And Behaviour Change, Cross-Sectoral - Social And Behaviour Change (Covid), Evaluation, Learning, Skills, Participation And Engagement, Reducing Child Poverty, Research. UNICEF aims to achieve this through Advocacy And Communications, Advocacy And Public Engagement, Developing And Leveraging Resources And Partnerships, Evaluations, Research And Data, Fostering Innovation And Use Of New Technologies, Systems Strengthening And Institution Building, Systems Strengthening To Leave No One Behind. This contributes to the following Country Programme result: By 2023, the most disadvantaged children, families and communities in remote rural areas and impoverished urban pockets have access\nto inclusive systems that protect them from poverty and enhance their ability to appropriately respond to emergencies and climate\nchange risks.",Philippines,100,Disaster Prevention & Preparedness,Multi-hazard response preparedness,35.2,,,121.77402,12.879721,1,Exact,https://d-portal.org/q.html?aid=XM-DAC-41122-Philippines-3420/A0/06/004/001
XM-DAC-41122-Philippines-3420/A0/06/001/002,UNICEF,XM-DAC-41122,XM-DAC-41122,CHILD HEALTH SYSTEMS,Implementation,2019-01-01,2023-12-31,"The health systems at national level and in select provinces are strengthened to accelerate equitable access to high impact\ninterventions for reducing preventable newborn deaths, early childhood illnesses and disability, which contributes to Cross Sectoral - Children With Disabilities, Cross-Sectoral - Planning And Programme Reviews, Cross-Sectoral - Social And Behaviour Change, Evaluation, Health And Development In Early Childhood And Adolescence, Immunization Services As Part Of Primary Health Care, Reducing Child Poverty, Research, Safe And Equitable Water, Sanitation And Hygiene Services And Practices, Strengthening Primary Health Care And High-Impact Health Interventions, Strengthening Primary Health Care And High-Impact Health Interventions (Covid), Supply And Logistics, Water, Sanitation And Hygiene Systems And Empowerment Of Communities. UNICEF aims to achieve this through Advocacy And Public Engagement, Community Engagement, Social And Behaviour Change, Data, Research, Evaluation And Knowledge Management, Developing And Leveraging Resources And Partnerships, Evaluations, Research And Data, Fostering Innovation And Use Of New Technologies, Systems Strengthening And Institution Building, Systems Strengthening To Leave No One Behind, United Nations Working Together. This contributes to the following Country Programme result: By 2023, more children, adolescents and women, particularly the most vulnerable, benefit from improved and equitable neonatal,\nchild, maternal and adolescent health and nutrition services, and adopt healthy life practices.",Philippines,100,Population Policies/Programmes & Reproductive Health,Reproductive health care,50.49505,,Manila,121.77402,12.879721,1,Exact,https://d-portal.org/q.html?aid=XM-DAC-41122-Philippines-3420/A0/06/001/002
XM-DAC-41122-Philippines-3420/A0/06/004/002,UNICEF,XM-DAC-41122,XM-DAC-41122,SOCIAL PROTECTION,Implementation,2019-01-01,2023-12-31,"The equity, child focus and adaptive capacity of Government national social protection programmes are strengthened., which contributes to Access To Inclusive Social Protection, Climate Change, Disaster Risks And Envionmental Degradation, Cross Sectoral - Children With Disabilities, Cross Sectoral - Gender Discriminatory Roles And Practices, Cross-Sectoral - Monitoring, Data And Situation Analyses, Cross-Sectoral - Social And Behaviour Change, Cross-Sectoral - Social And Behaviour Change (Covid), Evaluation, Reducing Child Poverty, Research. UNICEF aims to achieve this through Advocacy And Public Engagement, Data, Research, Evaluation And Knowledge Management, Developing And Leveraging Resources And Partnerships, Evaluations, Research And Data, Fostering Innovation And Use Of New Technologies, Systems Strengthening And Institution Building, Systems Strengthening To Leave No One Behind. This contributes to the following Country Programme result: By 2023, the most disadvantaged children, families and communities in remote rural areas and impoverished urban pockets have access\nto inclusive systems that protect them from poverty and enhance their ability to appropriately respond to emergencies and climate\nchange risks.",Philippines,100,Other Social Infrastructure & Services,"Social protection and welfare services policy, planning and administration",42.7,,,121.77402,12.879721,1,Exact,https://d-portal.org/q.html?aid=XM-DAC-41122-Philippines-3420/A0/06/004/002
XM-DAC-41122-Philippines-3420/A0/06/003/006,UNICEF,XM-DAC-41122,XM-DAC-41122,PEACEBUILDING AND CHILD PROTECTION- PROT,Implementation,2019-01-01,2023-12-31,"Strengthened capacities of the child protection system (services, families and communities) to protect at-risk children and\nadolescents in BARMM., which contributes to Access To Inclusive Social Protection, Access To Inclusive Social Protection (Covid), Cross Sectoral - Gender Discriminatory Roles And Practices, Cross-Sectoral - Monitoring, Data And Situation Analyses, Learning, Skills, Participation And Engagement, Promotion Of Care, Mental Health And Psychosocial Well-Being And Justice, Protection From Violence, Exploitation, Abuse And Neglect, Protection From Violence, Exploitation, Abuse And Neglect (Covid). UNICEF aims to achieve this through Advocacy And Public Engagement, Community Engagement, Social And Behaviour Change, Developing And Leveraging Resources And Partnerships, Evaluations, Research And Data, Partnerships And Engagement: Public And Private, Systems Strengthening And Institution Building, Systems Strengthening To Leave No One Behind. This contributes to the following Country Programme result: By 2023, moreÂ children and adolescents, particularly the most vulnerable, benefitÂ from more effective, quality, gender-sensitive,\npreventive, and responsive child protection system, and live in communities that better protect children from violence.",Philippines,100,Emergency Response,Relief co-ordination and support services,29.3,,,121.77402,12.879721,1,Exact,https://d-portal.org/q.html?aid=XM-DAC-41122-Philippines-3420/A0/06/003/006
44000-P132317,World Bank,44000,IDA,Philippine Rural Development Project,Implementation,2014-08-29,2025-07-31,The PRDP aims to increase rural incomes and enhance farm and fishery productivity in the targeted areas.,Philippines,100,Fishing,Fishery services,39,,Western Visayas,122.53,11.13,2,Approximate,https://d-portal.org/q.html?aid=44000-P132317
XM-DAC-41122-Philippines-3420/A0/06/001/002,UNICEF,XM-DAC-41122,XM-DAC-41122,CHILD HEALTH SYSTEMS,Implementation,2019-01-01,2023-12-31,"The health systems at national level and in select provinces are strengthened to accelerate equitable access to high impact\ninterventions for reducing preventable newborn deaths, early childhood illnesses and disability, which contributes to Cross Sectoral - Children With Disabilities, Cross-Sectoral - Planning And Programme Reviews, Cross-Sectoral - Social And Behaviour Change, Evaluation, Health And Development In Early Childhood And Adolescence, Immunization Services As Part Of Primary Health Care, Reducing Child Poverty, Research, Safe And Equitable Water, Sanitation And Hygiene Services And Practices, Strengthening Primary Health Care And High-Impact Health Interventions, Strengthening Primary Health Care And High-Impact Health Interventions (Covid), Supply And Logistics, Water, Sanitation And Hygiene Systems And Empowerment Of Communities. UNICEF aims to achieve this through Advocacy And Public Engagement, Community Engagement, Social And Behaviour Change, Data, Research, Evaluation And Knowledge Management, Developing And Leveraging Resources And Partnerships, Evaluations, Research And Data, Fostering Innovation And Use Of New Technologies, Systems Strengthening And Institution Building, Systems Strengthening To Leave No One Behind, United Nations Working Together. This contributes to the following Country Programme result: By 2023, more children, adolescents and women, particularly the most vulnerable, benefit from improved and equitable neonatal,\nchild, maternal and adolescent health and nutrition services, and adopt healthy life practices.",Philippines,100,Emergency Response,Material relief assistance and services,10.594059,,,121.77402,12.879721,1,Exact,https://d-portal.org/q.html?aid=XM-DAC-41122-Philippines-3420/A0/06/001/002
XM-DAC-41122-Philippines-3420/A0/06/001/001,UNICEF,XM-DAC-41122,XM-DAC-41122,NUTRITION AND FIRST 1000 DAYS,Implementation,2019-01-01,2023-12-31,"Government and partners have enhanced capacity to plan, deliver, and monitor coordinated multi-sectoral, gender-responsive, risk-\ninformed approaches at scale for improved access to nutritious diets to reduce stunting and other forms of malnutrition, which contributes to Cross-Sectoral - Planning And Programme Reviews, Cross-Sectoral - Social And Behaviour Change, Early Detection And Treatment Of Malnutrition, Evaluation, Health And Development In Early Childhood And Adolescence, Nutrition In Early Childhood, Nutrition In Early Childhood (Covid), Nutrition Of Adolescents And Women, Research, Safe And Equitable Water, Sanitation And Hygiene Services And Practices, Water, Sanitation And Hygiene Systems And Empowerment Of Communities. UNICEF aims to achieve this through Advocacy And Public Engagement, Community Engagement, Social And Behaviour Change, Data, Research, Evaluation And Knowledge Management, Developing And Leveraging Resources And Partnerships, Evaluations, Research And Data, Fostering Innovation And Use Of New Technologies, Harnessing Power Of Business And Markets, Systems Strengthening And Institution Building, Systems Strengthening To Leave No One Behind, United Nations Working Together. This contributes to the following Country Programme result: By 2023, more children, adolescents and women, particularly the most vulnerable, benefit from improved and equitable neonatal,\nchild, maternal and adolescent health and nutrition services, and adopt healthy life practices.",Philippines,100,Basic Health,Basic nutrition,18.118118,,,121.77402,12.879721,1,Exact,https://d-portal.org/q.html?aid=XM-DAC-41122-Philippines-3420/A0/06/001/001
US-GOV-1-72049218LA00002,U.S. Agency for International Development,US-GOV-1,US-GOV-1,USAID redacted this field in accordance with the exceptions outlined in the Foreign Aid Transparency and Accountability Act of 2016.,Implementation,2018-10-01,2023-09-30,USAID redacted this field in accordance with the exceptions outlined in the Foreign Aid Transparency and Accountability Act of 2016.,Philippines,100,Government & Civil Society-general,Legal and judicial development,72.7701,,,,,,None,https://d-portal.org/q.html?aid=US-GOV-1-72049218LA00002
XM-DAC-41122-Philippines-3420/A0/06/003/005,UNICEF,XM-DAC-41122,XM-DAC-41122,CHILD PROTECTION HUMANITARIAN ACTION,Implementation,2019-01-01,2023-12-31,"Children and adolescents affected by disasters and those affected by armed conflict, particularly in Mindanao are increasingly able\nto access critical multi-sectoral, gender/ conflict/ culturally -sensitive and child focused programs, which contributes to Promotion Of Care, Mental Health And Psychosocial Well-Being And Justice, Protection From Violence, Exploitation, Abuse And Neglect, Protection From Violence, Exploitation, Abuse And Neglect (Covid). UNICEF aims to achieve this through Advocacy And Public Engagement, Developing And Leveraging Resources And Partnerships, Evaluations, Research And Data, Partnerships And Engagement: Public And Private, Systems Strengthening And Institution Building, Systems Strengthening To Leave No One Behind, United Nations Working Together. This contributes to the following Country Programme result: By 2023, moreÂ children and adolescents, particularly the most vulnerable, benefitÂ from more effective, quality, gender-sensitive,\npreventive, and responsive child protection system, and live in communities that better protect children from violence.",Philippines,100,Emergency Response,Relief co-ordination and support services,9.4,,,121.77402,12.879721,1,Exact,https://d-portal.org/q.html?aid=XM-DAC-41122-Philippines-3420/A0/06/003/005
XM-DAC-41122-Philippines-3420/A0/06/001/002,UNICEF,XM-DAC-41122,XM-DAC-41122,CHILD HEALTH SYSTEMS,Implementation,2019-01-01,2023-12-31,"The health systems at national level and in select provinces are strengthened to accelerate equitable access to high impact\ninterventions for reducing preventable newborn deaths, early childhood illnesses and disability, which contributes to Cross Sectoral - Children With Disabilities, Cross-Sectoral - Planning And Programme Reviews, Cross-Sectoral - Social And Behaviour Change, Evaluation, Health And Development In Early Childhood And Adolescence, Immunization Services As Part Of Primary Health Care, Reducing Child Poverty, Research, Safe And Equitable Water, Sanitation And Hygiene Services And Practices, Strengthening Primary Health Care And High-Impact Health Interventions, Strengthening Primary Health Care And High-Impact Health Interventions (Covid), Supply And Logistics, Water, Sanitation And Hygiene Systems And Empowerment Of Communities. UNICEF aims to achieve this through Advocacy And Public Engagement, Community Engagement, Social And Behaviour Change, Data, Research, Evaluation And Knowledge Management, Developing And Leveraging Resources And Partnerships, Evaluations, Research And Data, Fostering Innovation And Use Of New Technologies, Systems Strengthening And Institution Building, Systems Strengthening To Leave No One Behind, United Nations Working Together. This contributes to the following Country Programme result: By 2023, more children, adolescents and women, particularly the most vulnerable, benefit from improved and equitable neonatal,\nchild, maternal and adolescent health and nutrition services, and adopt healthy life practices.",Philippines,100,Other Social Infrastructure & Services,"Social protection and welfare services policy, planning and administration",2.6732674,,,121.77402,12.879721,1,Exact,https://d-portal.org/q.html?aid=XM-DAC-41122-Philippines-3420/A0/06/001/002
XM-DAC-41122-Philippines-3420/A0/06/001/002,UNICEF,XM-DAC-41122,XM-DAC-41122,CHILD HEALTH SYSTEMS,Implementation,2019-01-01,2023-12-31,"The health systems at national level and in select provinces are strengthened to accelerate equitable access to high impact\ninterventions for reducing preventable newborn deaths, early childhood illnesses and disability, which contributes to Cross Sectoral - Children With Disabilities, Cross-Sectoral - Planning And Programme Reviews, Cross-Sectoral - Social And Behaviour Change, Evaluation, Health And Development In Early Childhood And Adolescence, Immunization Services As Part Of Primary Health Care, Reducing Child Poverty, Research, Safe And Equitable Water, Sanitation And Hygiene Services And Practices, Strengthening Primary Health Care And High-Impact Health Interventions, Strengthening Primary Health Care And High-Impact Health Interventions (Covid), Supply And Logistics, Water, Sanitation And Hygiene Systems And Empowerment Of Communities. UNICEF aims to achieve this through Advocacy And Public Engagement, Community Engagement, Social And Behaviour Change, Data, Research, Evaluation And Knowledge Management, Developing And Leveraging Resources And Partnerships, Evaluations, Research And Data, Fostering Innovation And Use Of New Technologies, Systems Strengthening And Institution Building, Systems Strengthening To Leave No One Behind, United Nations Working Together. This contributes to the following Country Programme result: By 2023, more children, adolescents and women, particularly the most vulnerable, benefit from improved and equitable neonatal,\nchild, maternal and adolescent health and nutrition services, and adopt healthy life practices.",Philippines,100,Population Policies/Programmes & Reproductive Health,Reproductive health care,50.49505,,,121.77402,12.879721,1,Exact,https://d-portal.org/q.html?aid=XM-DAC-41122-Philippines-3420/A0/06/001/002
XM-DAC-41122-Philippines-3420/A0/06/001/001,UNICEF,XM-DAC-41122,XM-DAC-41122,NUTRITION AND FIRST 1000 DAYS,Implementation,2019-01-01,2023-12-31,"Government and partners have enhanced capacity to plan, deliver, and monitor coordinated multi-sectoral, gender-responsive, risk-\ninformed approaches at scale for improved access to nutritious diets to reduce stunting and other forms of malnutrition, which contributes to Cross-Sectoral - Planning And Programme Reviews, Cross-Sectoral - Social And Behaviour Change, Early Detection And Treatment Of Malnutrition, Evaluation, Health And Development In Early Childhood And Adolescence, Nutrition In Early Childhood, Nutrition In Early Childhood (Covid), Nutrition Of Adolescents And Women, Research, Safe And Equitable Water, Sanitation And Hygiene Services And Practices, Water, Sanitation And Hygiene Systems And Empowerment Of Communities. UNICEF aims to achieve this through Advocacy And Public Engagement, Community Engagement, Social And Behaviour Change, Data, Research, Evaluation And Knowledge Management, Developing And Leveraging Resources And Partnerships, Evaluations, Research And Data, Fostering Innovation And Use Of New Technologies, Harnessing Power Of Business And Markets, Systems Strengthening And Institution Building, Systems Strengthening To Leave No One Behind, United Nations Working Together. This contributes to the following Country Programme result: By 2023, more children, adolescents and women, particularly the most vulnerable, benefit from improved and equitable neonatal,\nchild, maternal and adolescent health and nutrition services, and adopt healthy life practices.",Philippines,100,Water Supply & Sanitation,Water sector policy and administrative management,5.2052054,,Region VIII,124.95321,11.537046,1,Exact,https://d-portal.org/q.html?aid=XM-DAC-41122-Philippines-3420/A0/06/001/001
XM-DAC-41122-Philippines-3420/A0/06/004/001,UNICEF,XM-DAC-41122,XM-DAC-41122,LOCAL GOVERNMENT STRENGTHENING,Implementation,2019-01-01,2023-12-31,"The capacity of government and key stakeholders to plan, budget and provide access to inclusive, integrated, resilient and quality\nbasic social services is strengthened, which contributes to Climate Change, Disaster Risks And Envionmental Degradation, Cross-Sectoral - Monitoring, Data And Situation Analyses, Cross-Sectoral - Social And Behaviour Change, Cross-Sectoral - Social And Behaviour Change (Covid), Evaluation, Learning, Skills, Participation And Engagement, Reducing Child Poverty, Research. UNICEF aims to achieve this through Advocacy And Communications, Advocacy And Public Engagement, Developing And Leveraging Resources And Partnerships, Evaluations, Research And Data, Fostering Innovation And Use Of New Technologies, Systems Strengthening And Institution Building, Systems Strengthening To Leave No One Behind. This contributes to the following Country Programme result: By 2023, the most disadvantaged children, families and communities in remote rural areas and impoverished urban pockets have access\nto inclusive systems that protect them from poverty and enhance their ability to appropriately respond to emergencies and climate\nchange risks.",Philippines,100,Government & Civil Society-general,Budget planning,19.5,,Philippines,121.77402,12.879721,1,Exact,https://d-portal.org/q.html?aid=XM-DAC-41122-Philippines-3420/A0/06/004/001
XM-DAC-41122-Philippines-3420/A0/06/004/002,UNICEF,XM-DAC-41122,XM-DAC-41122,SOCIAL PROTECTION,Implementation,2019-01-01,2023-12-31,"The equity, child focus and adaptive capacity of Government national social protection programmes are strengthened., which contributes to Access To Inclusive Social Protection, Climate Change, Disaster Risks And Envionmental Degradation, Cross Sectoral - Children With Disabilities, Cross Sectoral - Gender Discriminatory Roles And Practices, Cross-Sectoral - Monitoring, Data And Situation Analyses, Cross-Sectoral - Social And Behaviour Change, Cross-Sectoral - Social And Behaviour Change (Covid), Evaluation, Reducing Child Poverty, Research. UNICEF aims to achieve this through Advocacy And Public Engagement, Data, Research, Evaluation And Knowledge Management, Developing And Leveraging Resources And Partnerships, Evaluations, Research And Data, Fostering Innovation And Use Of New Technologies, Systems Strengthening And Institution Building, Systems Strengthening To Leave No One Behind. This contributes to the following Country Programme result: By 2023, the most disadvantaged children, families and communities in remote rural areas and impoverished urban pockets have access\nto inclusive systems that protect them from poverty and enhance their ability to appropriately respond to emergencies and climate\nchange risks.",Philippines,100,Emergency Response,Relief co-ordination and support services,28.4,,,121.77402,12.879721,1,Exact,https://d-portal.org/q.html?aid=XM-DAC-41122-Philippines-3420/A0/06/004/002
XM-DAC-41114-PROJECT-00087256,United Nations Development Programme,XM-DAC-41114,UNDP,DICT Interest Earning-Ty Odette Response,Implementation,2015-02-27,2023-12-31,"On the request of DICT to provide rapid response in disaster situations, UNDP will provide support through procurement of ICT equipment using the DICT FWFA Interest Earnings through this Typhoon Odette Response Project.",Philippines,100,Government & Civil Society-general,National standards development,100,,,,,,None,https://d-portal.org/q.html?aid=XM-DAC-41114-PROJECT-00087256
XM-DAC-41122-Philippines-3420/A0/06/001/001,UNICEF,XM-DAC-41122,XM-DAC-41122,NUTRITION AND FIRST 1000 DAYS,Implementation,2019-01-01,2023-12-31,"Government and partners have enhanced capacity to plan, deliver, and monitor coordinated multi-sectoral, gender-responsive, risk-\ninformed approaches at scale for improved access to nutritious diets to reduce stunting and other forms of malnutrition, which contributes to Cross-Sectoral - Planning And Programme Reviews, Cross-Sectoral - Social And Behaviour Change, Early Detection And Treatment Of Malnutrition, Evaluation, Health And Development In Early Childhood And Adolescence, Nutrition In Early Childhood, Nutrition In Early Childhood (Covid), Nutrition Of Adolescents And Women, Research, Safe And Equitable Water, Sanitation And Hygiene Services And Practices, Water, Sanitation And Hygiene Systems And Empowerment Of Communities. UNICEF aims to achieve this through Advocacy And Public Engagement, Community Engagement, Social And Behaviour Change, Data, Research, Evaluation And Knowledge Management, Developing And Leveraging Resources And Partnerships, Evaluations, Research And Data, Fostering Innovation And Use Of New Technologies, Harnessing Power Of Business And Markets, Systems Strengthening And Institution Building, Systems Strengthening To Leave No One Behind, United Nations Working Together. This contributes to the following Country Programme result: By 2023, more children, adolescents and women, particularly the most vulnerable, benefit from improved and equitable neonatal,\nchild, maternal and adolescent health and nutrition services, and adopt healthy life practices.",Philippines,100,Basic Health,Basic nutrition,18.118118,,,121.77402,12.879721,1,Exact,https://d-portal.org/q.html?aid=XM-DAC-41122-Philippines-3420/A0/06/001/001
XM-DAC-41122-Philippines-3420/A0/06/004/003,UNICEF,XM-DAC-41122,XM-DAC-41122,PEACEBUILDING AND LOCAL GOVERNANCE- PROTECTION FROM CONFLICT AND DISASTERS,Implementation,2019-01-01,2023-12-31,"Strengthened capacities of local government units in BARMM to plan and act for children's rights., which contributes to Access To Inclusive Social Protection, Climate Change, Disaster Risks And Envionmental Degradation, Cross-Sectoral - Monitoring, Data And Situation Analyses, Cross-Sectoral - Planning And Programme Reviews, Cross-Sectoral - Social And Behaviour Change, Reducing Child Poverty. UNICEF aims to achieve this through Advocacy And Communications, Advocacy And Public Engagement, Community Engagement, Social And Behaviour Change, Data, Research, Evaluation And Knowledge Management, Developing And Leveraging Resources And Partnerships, Evaluations, Research And Data, Systems Strengthening And Institution Building, Systems Strengthening To Leave No One Behind. This contributes to the following Country Programme result: By 2023, the most disadvantaged children, families and communities in remote rural areas and impoverished urban pockets have access\nto inclusive systems that protect them from poverty and enhance their ability to appropriately respond to emergencies and climate\nchange risks.",Philippines,100,Other Social Infrastructure & Services,"Social protection and welfare services policy, planning and administration",20.4,,,121.77402,12.879721,1,Exact,https://d-portal.org/q.html?aid=XM-DAC-41122-Philippines-3420/A0/06/004/003
XM-DAC-41122-Philippines-3420/A0/06/001/002,UNICEF,XM-DAC-41122,XM-DAC-41122,CHILD HEALTH SYSTEMS,Implementation,2019-01-01,2023-12-31,"The health systems at national level and in select provinces are strengthened to accelerate equitable access to high impact\ninterventions for reducing preventable newborn deaths, early childhood illnesses and disability, which contributes to Cross Sectoral - Children With Disabilities, Cross-Sectoral - Planning And Programme Reviews, Cross-Sectoral - Social And Behaviour Change, Evaluation, Health And Development In Early Childhood And Adolescence, Immunization Services As Part Of Primary Health Care, Reducing Child Poverty, Research, Safe And Equitable Water, Sanitation And Hygiene Services And Practices, Strengthening Primary Health Care And High-Impact Health Interventions, Strengthening Primary Health Care And High-Impact Health Interventions (Covid), Supply And Logistics, Water, Sanitation And Hygiene Systems And Empowerment Of Communities. UNICEF aims to achieve this through Advocacy And Public Engagement, Community Engagement, Social And Behaviour Change, Data, Research, Evaluation And Knowledge Management, Developing And Leveraging Resources And Partnerships, Evaluations, Research And Data, Fostering Innovation And Use Of New Technologies, Systems Strengthening And Institution Building, Systems Strengthening To Leave No One Behind, United Nations Working Together. This contributes to the following Country Programme result: By 2023, more children, adolescents and women, particularly the most vulnerable, benefit from improved and equitable neonatal,\nchild, maternal and adolescent health and nutrition services, and adopt healthy life practices.",Philippines,100,Administrative Costs of Donors,Administrative costs (non-sector allocable),0.6930693,,,121.77402,12.879721,1,Exact,https://d-portal.org/q.html?aid=XM-DAC-41122-Philippines-3420/A0/06/001/002
44000-P153814,World Bank,44000,IDA,Metro Manila Flood Management Project,Implementation,2017-09-28,2024-11-30,The project development objective is to improve flood management in selected areas of Metro Manila.,Philippines,100,Water Supply & Sanitation,Waste management/disposal,11,,Taguig,121.06667,14.53333,2,Approximate,https://d-portal.org/q.html?aid=44000-P153814
XM-DAC-41122-Philippines-3420/A0/06/004/002,UNICEF,XM-DAC-41122,XM-DAC-41122,SOCIAL PROTECTION,Implementation,2019-01-01,2023-12-31,"The equity, child focus and adaptive capacity of Government national social protection programmes are strengthened., which contributes to Access To Inclusive Social Protection, Climate Change, Disaster Risks And Envionmental Degradation, Cross Sectoral - Children With Disabilities, Cross Sectoral - Gender Discriminatory Roles And Practices, Cross-Sectoral - Monitoring, Data And Situation Analyses, Cross-Sectoral - Social And Behaviour Change, Cross-Sectoral - Social And Behaviour Change (Covid), Evaluation, Reducing Child Poverty, Research. UNICEF aims to achieve this through Advocacy And Public Engagement, Data, Research, Evaluation And Knowledge Management, Developing And Leveraging Resources And Partnerships, Evaluations, Research And Data, Fostering Innovation And Use Of New Technologies, Systems Strengthening And Institution Building, Systems Strengthening To Leave No One Behind. This contributes to the following Country Programme result: By 2023, the most disadvantaged children, families and communities in remote rural areas and impoverished urban pockets have access\nto inclusive systems that protect them from poverty and enhance their ability to appropriately respond to emergencies and climate\nchange risks.",Philippines,100,Other Social Infrastructure & Services,Social services (incl youth development and women+ children),12.9,,,121.77402,12.879721,1,Exact,https://d-portal.org/q.html?aid=XM-DAC-41122-Philippines-3420/A0/06/004/002
XM-DAC-41122-Philippines-3420/A0/06/003/005,UNICEF,XM-DAC-41122,XM-DAC-41122,CHILD PROTECTION HUMANITARIAN ACTION,Implementation,2019-01-01,2023-12-31,"Children and adolescents affected by disasters and those affected by armed conflict, particularly in Mindanao are increasingly able\nto access critical multi-sectoral, gender/ conflict/ culturally -sensitive and child focused programs, which contributes to Promotion Of Care, Mental Health And Psychosocial Well-Being And Justice, Protection From Violence, Exploitation, Abuse And Neglect, Protection From Violence, Exploitation, Abuse And Neglect (Covid). UNICEF aims to achieve this through Advocacy And Public Engagement, Developing And Leveraging Resources And Partnerships, Evaluations, Research And Data, Partnerships And Engagement: Public And Private, Systems Strengthening And Institution Building, Systems Strengthening To Leave No One Behind, United Nations Working Together. This contributes to the following Country Programme result: By 2023, moreÂ children and adolescents, particularly the most vulnerable, benefitÂ from more effective, quality, gender-sensitive,\npreventive, and responsive child protection system, and live in communities that better protect children from violence.",Philippines,100,Government & Civil Society-general,Ending violence against women and girls,12.9,,,121.77402,12.879721,1,Exact,https://d-portal.org/q.html?aid=XM-DAC-41122-Philippines-3420/A0/06/003/005
XM-DAC-41122-Philippines-3420/A0/06/003/005,UNICEF,XM-DAC-41122,XM-DAC-41122,CHILD PROTECTION HUMANITARIAN ACTION,Implementation,2019-01-01,2023-12-31,"Children and adolescents affected by disasters and those affected by armed conflict, particularly in Mindanao are increasingly able\nto access critical multi-sectoral, gender/ conflict/ culturally -sensitive and child focused programs, which contributes to Promotion Of Care, Mental Health And Psychosocial Well-Being And Justice, Protection From Violence, Exploitation, Abuse And Neglect, Protection From Violence, Exploitation, Abuse And Neglect (Covid). UNICEF aims to achieve this through Advocacy And Public Engagement, Developing And Leveraging Resources And Partnerships, Evaluations, Research And Data, Partnerships And Engagement: Public And Private, Systems Strengthening And Institution Building, Systems Strengthening To Leave No One Behind, United Nations Working Together. This contributes to the following Country Programme result: By 2023, moreÂ children and adolescents, particularly the most vulnerable, benefitÂ from more effective, quality, gender-sensitive,\npreventive, and responsive child protection system, and live in communities that better protect children from violence.",Philippines,100,Government & Civil Society-general,Human rights,21.8,,,121.77402,12.879721,1,Exact,https://d-portal.org/q.html?aid=XM-DAC-41122-Philippines-3420/A0/06/003/005
XM-DAC-41122-Philippines-3420/A0/06/001/001,UNICEF,XM-DAC-41122,XM-DAC-41122,NUTRITION AND FIRST 1000 DAYS,Implementation,2019-01-01,2023-12-31,"Government and partners have enhanced capacity to plan, deliver, and monitor coordinated multi-sectoral, gender-responsive, risk-\ninformed approaches at scale for improved access to nutritious diets to reduce stunting and other forms of malnutrition, which contributes to Cross-Sectoral - Planning And Programme Reviews, Cross-Sectoral - Social And Behaviour Change, Early Detection And Treatment Of Malnutrition, Evaluation, Health And Development In Early Childhood And Adolescence, Nutrition In Early Childhood, Nutrition In Early Childhood (Covid), Nutrition Of Adolescents And Women, Research, Safe And Equitable Water, Sanitation And Hygiene Services And Practices, Water, Sanitation And Hygiene Systems And Empowerment Of Communities. UNICEF aims to achieve this through Advocacy And Public Engagement, Community Engagement, Social And Behaviour Change, Data, Research, Evaluation And Knowledge Management, Developing And Leveraging Resources And Partnerships, Evaluations, Research And Data, Fostering Innovation And Use Of New Technologies, Harnessing Power Of Business And Markets, Systems Strengthening And Institution Building, Systems Strengthening To Leave No One Behind, United Nations Working Together. This contributes to the following Country Programme result: By 2023, more children, adolescents and women, particularly the most vulnerable, benefit from improved and equitable neonatal,\nchild, maternal and adolescent health and nutrition services, and adopt healthy life practices.",Philippines,100,Water Supply & Sanitation,Water sector policy and administrative management,5.2052054,,,121.77402,12.879721,1,Exact,https://d-portal.org/q.html?aid=XM-DAC-41122-Philippines-3420/A0/06/001/001
XM-DAC-41122-Philippines-3420/A0/06/003/002,UNICEF,XM-DAC-41122,XM-DAC-41122,CHILD WELFARE SYSTEMS,Implementation,2019-01-01,2023-12-31,"The Child Protection system has strengthened capacity to deliver local, multi-sectoral, gender/conflict/culturally -sensitive and\nchild focused programs that prevent and respond to violence against children, which contributes to Promotion Of Care, Mental Health And Psychosocial Well-Being And Justice, Protection From Violence, Exploitation, Abuse And Neglect. UNICEF aims to achieve this through Advocacy And Public Engagement, Data, Research, Evaluation And Knowledge Management, Evaluations, Research And Data, Systems Strengthening And Institution Building, Systems Strengthening To Leave No One Behind. This contributes to the following Country Programme result: By 2023, moreÂ children and adolescents, particularly the most vulnerable, benefitÂ from more effective, quality, gender-sensitive,\npreventive, and responsive child protection system, and live in communities that better protect children from violence.",Philippines,100,Disaster Prevention & Preparedness,Multi-hazard response preparedness,3.1,,Philippines,121.77402,12.879721,1,Exact,https://d-portal.org/q.html?aid=XM-DAC-41122-Philippines-3420/A0/06/003/002
XM-DAC-41122-Philippines-3420/A0/06/004/003,UNICEF,XM-DAC-41122,XM-DAC-41122,PEACEBUILDING AND LOCAL GOVERNANCE- PROTECTION FROM CONFLICT AND DISASTERS,Implementation,2019-01-01,2023-12-31,"Strengthened capacities of local government units in BARMM to plan and act for children's rights., which contributes to Access To Inclusive Social Protection, Climate Change, Disaster Risks And Envionmental Degradation, Cross-Sectoral - Monitoring, Data And Situation Analyses, Cross-Sectoral - Planning And Programme Reviews, Cross-Sectoral - Social And Behaviour Change, Reducing Child Poverty. UNICEF aims to achieve this through Advocacy And Communications, Advocacy And Public Engagement, Community Engagement, Social And Behaviour Change, Data, Research, Evaluation And Knowledge Management, Developing And Leveraging Resources And Partnerships, Evaluations, Research And Data, Systems Strengthening And Institution Building, Systems Strengthening To Leave No One Behind. This contributes to the following Country Programme result: By 2023, the most disadvantaged children, families and communities in remote rural areas and impoverished urban pockets have access\nto inclusive systems that protect them from poverty and enhance their ability to appropriately respond to emergencies and climate\nchange risks.",Philippines,100,Other Social Infrastructure & Services,"Social protection and welfare services policy, planning and administration",20.4,,,121.77402,12.879721,1,Exact,https://d-portal.org/q.html?aid=XM-DAC-41122-Philippines-3420/A0/06/004/003
XM-DAC-41122-Philippines-3420/A0/06/003/005,UNICEF,XM-DAC-41122,XM-DAC-41122,CHILD PROTECTION HUMANITARIAN ACTION,Implementation,2019-01-01,2023-12-31,"Children and adolescents affected by disasters and those affected by armed conflict, particularly in Mindanao are increasingly able\nto access critical multi-sectoral, gender/ conflict/ culturally -sensitive and child focused programs, which contributes to Promotion Of Care, Mental Health And Psychosocial Well-Being And Justice, Protection From Violence, Exploitation, Abuse And Neglect, Protection From Violence, Exploitation, Abuse And Neglect (Covid). UNICEF aims to achieve this through Advocacy And Public Engagement, Developing And Leveraging Resources And Partnerships, Evaluations, Research And Data, Partnerships And Engagement: Public And Private, Systems Strengthening And Institution Building, Systems Strengthening To Leave No One Behind, United Nations Working Together. This contributes to the following Country Programme result: By 2023, moreÂ children and adolescents, particularly the most vulnerable, benefitÂ from more effective, quality, gender-sensitive,\npreventive, and responsive child protection system, and live in communities that better protect children from violence.",Philippines,100,Disaster Prevention & Preparedness,Multi-hazard response preparedness,45.2,,,121.77402,12.879721,1,Exact,https://d-portal.org/q.html?aid=XM-DAC-41122-Philippines-3420/A0/06/003/005
NL-KVK-27378529-28691,Netherlands Enterprise Agency,NL-KVK-27378529,NL-KVK-27378529,Netherlands – MENA Partnership (Shiraka),Implementation,2016-01-01,2026-12-31,"The aim of Shiraka is to support sustainable democratic transition in the MENA region. It is a Dutch bilateral effort dedicated to contributing to political developments in the MENA region. The broader programme consists of the following two components: * Shiraka Training Programme* Government to government cooperationThe Shiraka Training Programme (STP) is an instrument for implementation of bilateral relations between the Netherlands and eligible countries at government level. The objective is to train senior public and semi-public officials on matters relevant to furthering a sustainable transition in the MENA region. An important aim is to create networks by bringing the participants together in the Netherlands. The programme also aims to increase and improve bilateral relations between Dutch line ministries and their colleagues in their respective countries. Some training programmes also invite people working for semi-public organisations. G2G is an instrument to stimulate structural cooperation between governments in order to offer support in solving issues of reciprocal concern. Where relevant, the Dutch business community is actively involved.",Philippines,1.23,Agriculture,Industrial crops/export crops,0.1,,,,,,None,https://d-portal.org/q.html?aid=NL-KVK-27378529-28691
XM-DAC-41122-Philippines-3420/A0/06/001/002,UNICEF,XM-DAC-41122,XM-DAC-41122,CHILD HEALTH SYSTEMS,Implementation,2019-01-01,2023-12-31,"The health systems at national level and in select provinces are strengthened to accelerate equitable access to high impact\ninterventions for reducing preventable newborn deaths, early childhood illnesses and disability, which contributes to Cross Sectoral - Children With Disabilities, Cross-Sectoral - Planning And Programme Reviews, Cross-Sectoral - Social And Behaviour Change, Evaluation, Health And Development In Early Childhood And Adolescence, Immunization Services As Part Of Primary Health Care, Reducing Child Poverty, Research, Safe And Equitable Water, Sanitation And Hygiene Services And Practices, Strengthening Primary Health Care And High-Impact Health Interventions, Strengthening Primary Health Care And High-Impact Health Interventions (Covid), Supply And Logistics, Water, Sanitation And Hygiene Systems And Empowerment Of Communities. UNICEF aims to achieve this through Advocacy And Public Engagement, Community Engagement, Social And Behaviour Change, Data, Research, Evaluation And Knowledge Management, Developing And Leveraging Resources And Partnerships, Evaluations, Research And Data, Fostering Innovation And Use Of New Technologies, Systems Strengthening And Institution Building, Systems Strengthening To Leave No One Behind, United Nations Working Together. This contributes to the following Country Programme result: By 2023, more children, adolescents and women, particularly the most vulnerable, benefit from improved and equitable neonatal,\nchild, maternal and adolescent health and nutrition services, and adopt healthy life practices.",Philippines,100,Other Social Infrastructure & Services,"Social protection and welfare services policy, planning and administration",2.6732674,,,121.77402,12.879721,1,Exact,https://d-portal.org/q.html?aid=XM-DAC-41122-Philippines-3420/A0/06/001/002
XM-DAC-41122-Philippines-3420/A0/06/001/001,UNICEF,XM-DAC-41122,XM-DAC-41122,NUTRITION AND FIRST 1000 DAYS,Implementation,2019-01-01,2023-12-31,"Government and partners have enhanced capacity to plan, deliver, and monitor coordinated multi-sectoral, gender-responsive, risk-\ninformed approaches at scale for improved access to nutritious diets to reduce stunting and other forms of malnutrition, which contributes to Cross-Sectoral - Planning And Programme Reviews, Cross-Sectoral - Social And Behaviour Change, Early Detection And Treatment Of Malnutrition, Evaluation, Health And Development In Early Childhood And Adolescence, Nutrition In Early Childhood, Nutrition In Early Childhood (Covid), Nutrition Of Adolescents And Women, Research, Safe And Equitable Water, Sanitation And Hygiene Services And Practices, Water, Sanitation And Hygiene Systems And Empowerment Of Communities. UNICEF aims to achieve this through Advocacy And Public Engagement, Community Engagement, Social And Behaviour Change, Data, Research, Evaluation And Knowledge Management, Developing And Leveraging Resources And Partnerships, Evaluations, Research And Data, Fostering Innovation And Use Of New Technologies, Harnessing Power Of Business And Markets, Systems Strengthening And Institution Building, Systems Strengthening To Leave No One Behind, United Nations Working Together. This contributes to the following Country Programme result: By 2023, more children, adolescents and women, particularly the most vulnerable, benefit from improved and equitable neonatal,\nchild, maternal and adolescent health and nutrition services, and adopt healthy life practices.",Philippines,100,Disaster Prevention & Preparedness,Multi-hazard response preparedness,2.5025024,,,121.77402,12.879721,1,Exact,https://d-portal.org/q.html?aid=XM-DAC-41122-Philippines-3420/A0/06/001/001
XM-DAC-41122-Philippines-3420/A0/06/001/002,UNICEF,XM-DAC-41122,XM-DAC-41122,CHILD HEALTH SYSTEMS,Implementation,2019-01-01,2023-12-31,"The health systems at national level and in select provinces are strengthened to accelerate equitable access to high impact\ninterventions for reducing preventable newborn deaths, early childhood illnesses and disability, which contributes to Cross Sectoral - Children With Disabilities, Cross-Sectoral - Planning And Programme Reviews, Cross-Sectoral - Social And Behaviour Change, Evaluation, Health And Development In Early Childhood And Adolescence, Immunization Services As Part Of Primary Health Care, Reducing Child Poverty, Research, Safe And Equitable Water, Sanitation And Hygiene Services And Practices, Strengthening Primary Health Care And High-Impact Health Interventions, Strengthening Primary Health Care And High-Impact Health Interventions (Covid), Supply And Logistics, Water, Sanitation And Hygiene Systems And Empowerment Of Communities. UNICEF aims to achieve this through Advocacy And Public Engagement, Community Engagement, Social And Behaviour Change, Data, Research, Evaluation And Knowledge Management, Developing And Leveraging Resources And Partnerships, Evaluations, Research And Data, Fostering Innovation And Use Of New Technologies, Systems Strengthening And Institution Building, Systems Strengthening To Leave No One Behind, United Nations Working Together. This contributes to the following Country Programme result: By 2023, more children, adolescents and women, particularly the most vulnerable, benefit from improved and equitable neonatal,\nchild, maternal and adolescent health and nutrition services, and adopt healthy life practices.",Philippines,100,Disaster Prevention & Preparedness,Multi-hazard response preparedness,0.990099,,Region VI,122.4442,11.172506,1,Exact,https://d-portal.org/q.html?aid=XM-DAC-41122-Philippines-3420/A0/06/001/002
XM-DAC-41122-Philippines-3420/A0/06/001/002,UNICEF,XM-DAC-41122,XM-DAC-41122,CHILD HEALTH SYSTEMS,Implementation,2019-01-01,2023-12-31,"The health systems at national level and in select provinces are strengthened to accelerate equitable access to high impact\ninterventions for reducing preventable newborn deaths, early childhood illnesses and disability, which contributes to Cross Sectoral - Children With Disabilities, Cross-Sectoral - Planning And Programme Reviews, Cross-Sectoral - Social And Behaviour Change, Evaluation, Health And Development In Early Childhood And Adolescence, Immunization Services As Part Of Primary Health Care, Reducing Child Poverty, Research, Safe And Equitable Water, Sanitation And Hygiene Services And Practices, Strengthening Primary Health Care And High-Impact Health Interventions, Strengthening Primary Health Care And High-Impact Health Interventions (Covid), Supply And Logistics, Water, Sanitation And Hygiene Systems And Empowerment Of Communities. UNICEF aims to achieve this through Advocacy And Public Engagement, Community Engagement, Social And Behaviour Change, Data, Research, Evaluation And Knowledge Management, Developing And Leveraging Resources And Partnerships, Evaluations, Research And Data, Fostering Innovation And Use Of New Technologies, Systems Strengthening And Institution Building, Systems Strengthening To Leave No One Behind, United Nations Working Together. This contributes to the following Country Programme result: By 2023, more children, adolescents and women, particularly the most vulnerable, benefit from improved and equitable neonatal,\nchild, maternal and adolescent health and nutrition services, and adopt healthy life practices.",Philippines,100,Water Supply & Sanitation,Water sector policy and administrative management,0.1980198,,,121.77402,12.879721,1,Exact,https://d-portal.org/q.html?aid=XM-DAC-41122-Philippines-3420/A0/06/001/002
XM-DAC-41122-Philippines-3420/A0/06/003/006,UNICEF,XM-DAC-41122,XM-DAC-41122,PEACEBUILDING AND CHILD PROTECTION- PROT,Implementation,2019-01-01,2023-12-31,"Strengthened capacities of the child protection system (services, families and communities) to protect at-risk children and\nadolescents in BARMM., which contributes to Access To Inclusive Social Protection, Access To Inclusive Social Protection (Covid), Cross Sectoral - Gender Discriminatory Roles And Practices, Cross-Sectoral - Monitoring, Data And Situation Analyses, Learning, Skills, Participation And Engagement, Promotion Of Care, Mental Health And Psychosocial Well-Being And Justice, Protection From Violence, Exploitation, Abuse And Neglect, Protection From Violence, Exploitation, Abuse And Neglect (Covid). UNICEF aims to achieve this through Advocacy And Public Engagement, Community Engagement, Social And Behaviour Change, Developing And Leveraging Resources And Partnerships, Evaluations, Research And Data, Partnerships And Engagement: Public And Private, Systems Strengthening And Institution Building, Systems Strengthening To Leave No One Behind. This contributes to the following Country Programme result: By 2023, moreÂ children and adolescents, particularly the most vulnerable, benefitÂ from more effective, quality, gender-sensitive,\npreventive, and responsive child protection system, and live in communities that better protect children from violence.",Philippines,100,Government & Civil Society-general,Ending violence against women and girls,16.6,,,121.77402,12.879721,1,Exact,https://d-portal.org/q.html?aid=XM-DAC-41122-Philippines-3420/A0/06/003/006
XM-DAC-41114-OUTPUT-00109317,United Nations Development Programme,XM-DAC-41114,UNDP,Philippines NDC Support Proj,Implementation,2018-04-01,2023-12-31,To support in achieving transformational change by using Nationally Determined Contribution (NDC) Implementation as a tool for scaling up public and private investments in climate change efforts to deliver sustainable development.,Philippines,100,General Environment Protection,Environmental policy and administrative management,100,,Manila,120.9822,14.6042,1,Exact,https://d-portal.org/q.html?aid=XM-DAC-41114-OUTPUT-00109317
XM-DAC-41122-Philippines-3420/A0/06/004/003,UNICEF,XM-DAC-41122,XM-DAC-41122,PEACEBUILDING AND LOCAL GOVERNANCE- PROTECTION FROM CONFLICT AND DISASTERS,Implementation,2019-01-01,2023-12-31,"Strengthened capacities of local government units in BARMM to plan and act for children's rights., which contributes to Access To Inclusive Social Protection, Climate Change, Disaster Risks And Envionmental Degradation, Cross-Sectoral - Monitoring, Data And Situation Analyses, Cross-Sectoral - Planning And Programme Reviews, Cross-Sectoral - Social And Behaviour Change, Reducing Child Poverty. UNICEF aims to achieve this through Advocacy And Communications, Advocacy And Public Engagement, Community Engagement, Social And Behaviour Change, Data, Research, Evaluation And Knowledge Management, Developing And Leveraging Resources And Partnerships, Evaluations, Research And Data, Systems Strengthening And Institution Building, Systems Strengthening To Leave No One Behind. This contributes to the following Country Programme result: By 2023, the most disadvantaged children, families and communities in remote rural areas and impoverished urban pockets have access\nto inclusive systems that protect them from poverty and enhance their ability to appropriately respond to emergencies and climate\nchange risks.",Philippines,100,Government & Civil Society-general,Budget planning,77.3,,,121.77402,12.879721,1,Exact,https://d-portal.org/q.html?aid=XM-DAC-41122-Philippines-3420/A0/06/004/003
XM-DAC-41122-Philippines-3420/A0/06/004/001,UNICEF,XM-DAC-41122,XM-DAC-41122,LOCAL GOVERNMENT STRENGTHENING,Implementation,2019-01-01,2023-12-31,"The capacity of government and key stakeholders to plan, budget and provide access to inclusive, integrated, resilient and quality\nbasic social services is strengthened, which contributes to Climate Change, Disaster Risks And Envionmental Degradation, Cross-Sectoral - Monitoring, Data And Situation Analyses, Cross-Sectoral - Social And Behaviour Change, Cross-Sectoral - Social And Behaviour Change (Covid), Evaluation, Learning, Skills, Participation And Engagement, Reducing Child Poverty, Research. UNICEF aims to achieve this through Advocacy And Communications, Advocacy And Public Engagement, Developing And Leveraging Resources And Partnerships, Evaluations, Research And Data, Fostering Innovation And Use Of New Technologies, Systems Strengthening And Institution Building, Systems Strengthening To Leave No One Behind. This contributes to the following Country Programme result: By 2023, the most disadvantaged children, families and communities in remote rural areas and impoverished urban pockets have access\nto inclusive systems that protect them from poverty and enhance their ability to appropriately respond to emergencies and climate\nchange risks.",Philippines,100,Other Social Infrastructure & Services,"Social protection and welfare services policy, planning and administration",33.6,,,121.77402,12.879721,1,Exact,https://d-portal.org/q.html?aid=XM-DAC-41122-Philippines-3420/A0/06/004/001
US-GOV-1-7200AA18C00077,U.S. Agency for International Development,US-GOV-1,US-GOV-1,Supporting Economic Growth in Asia (US-SEGA),Implementation,2018-08-16,2024-12-31,"(USAID Asia Regional):  .When governments and economic actors have sound, effective, transparent, gender-aware, and accountable systems and policies in place, there is an increased ability to achieve broad-based economic growth and improved regional economic connectivity. Through the US-Support for Economic Growth in Asia (US-SEGA) Project, the Asia Bureau will improve the policy environment to promote sustainable economic growth and prosperity, improved regional economic cooperation, sound management of institutions, and good governance under the Indo Pacific Strategy. US-SEGA will achieve this goal through two key components that: 1. Strengthen the capacity of the Asia-Pacific Economic Cooperation (APEC) foreign assistance eligible developing member economies to advance regional economic cooperation and achieve forum-wide goals of free and open trade and investment in the region. This component will deliver targeted technical assistance through policy studies, dialogues, workshops and conferences designed to share best practices with policy makers in helping them to fulfill their economy level commitments to APEC. 2. Support USAID economic growth programs in the Asia Region by providing the Asia Bureau and Missions with a flexible, on-demand mechanism to engage in economic reforms and promote interventions and best practices under the Indo Pacific Strategy that support trade facilitation and business enabling environment. US-SEGA provides sound economic growth, trade, and investment advice under the Indo-Pacific Strategy while also supporting USAID efforts to assist APEC economies in the implementation of forum-wide benchmarks to support regional economic cooperation... .",Philippines,44.81316,Agriculture,Agricultural policy and administrative management,8.515676,,,,,,None,https://d-portal.org/q.html?aid=US-GOV-1-7200AA18C00077
XM-DAC-41122-Philippines-3420/A0/06/001/002,UNICEF,XM-DAC-41122,XM-DAC-41122,CHILD HEALTH SYSTEMS,Implementation,2019-01-01,2023-12-31,"The health systems at national level and in select provinces are strengthened to accelerate equitable access to high impact\ninterventions for reducing preventable newborn deaths, early childhood illnesses and disability, which contributes to Cross Sectoral - Children With Disabilities, Cross-Sectoral - Planning And Programme Reviews, Cross-Sectoral - Social And Behaviour Change, Evaluation, Health And Development In Early Childhood And Adolescence, Immunization Services As Part Of Primary Health Care, Reducing Child Poverty, Research, Safe And Equitable Water, Sanitation And Hygiene Services And Practices, Strengthening Primary Health Care And High-Impact Health Interventions, Strengthening Primary Health Care And High-Impact Health Interventions (Covid), Supply And Logistics, Water, Sanitation And Hygiene Systems And Empowerment Of Communities. UNICEF aims to achieve this through Advocacy And Public Engagement, Community Engagement, Social And Behaviour Change, Data, Research, Evaluation And Knowledge Management, Developing And Leveraging Resources And Partnerships, Evaluations, Research And Data, Fostering Innovation And Use Of New Technologies, Systems Strengthening And Institution Building, Systems Strengthening To Leave No One Behind, United Nations Working Together. This contributes to the following Country Programme result: By 2023, more children, adolescents and women, particularly the most vulnerable, benefit from improved and equitable neonatal,\nchild, maternal and adolescent health and nutrition services, and adopt healthy life practices.",Philippines,100,Disaster Prevention & Preparedness,Multi-hazard response preparedness,0.990099,,,121.77402,12.879721,1,Exact,https://d-portal.org/q.html?aid=XM-DAC-41122-Philippines-3420/A0/06/001/002
US-GOV-1-7200AA18C00096,U.S. Agency for International Development,US-GOV-1,US-GOV-1,USAID redacted this field in accordance with the exceptions outlined in the Foreign Aid Transparency and Accountability Act of 2016.,Implementation,2018-09-27,2023-09-30,"This program supports the Mission's goal for an independent, prosperous, and healthy Ukraine united around core European values in one or more of the following sectors: strengthening of democratic governance, and more inclusive, sustainable, market-driven economic growth.",Philippines,0.0633465,Emergency Response,Emergency food assistance,2.1640503,,,,,,None,https://d-portal.org/q.html?aid=US-GOV-1-7200AA18C00096
XM-DAC-41122-Philippines-3420/A0/06/003/002,UNICEF,XM-DAC-41122,XM-DAC-41122,CHILD WELFARE SYSTEMS,Implementation,2019-01-01,2023-12-31,"The Child Protection system has strengthened capacity to deliver local, multi-sectoral, gender/conflict/culturally -sensitive and\nchild focused programs that prevent and respond to violence against children, which contributes to Promotion Of Care, Mental Health And Psychosocial Well-Being And Justice, Protection From Violence, Exploitation, Abuse And Neglect. UNICEF aims to achieve this through Advocacy And Public Engagement, Data, Research, Evaluation And Knowledge Management, Evaluations, Research And Data, Systems Strengthening And Institution Building, Systems Strengthening To Leave No One Behind. This contributes to the following Country Programme result: By 2023, moreÂ children and adolescents, particularly the most vulnerable, benefitÂ from more effective, quality, gender-sensitive,\npreventive, and responsive child protection system, and live in communities that better protect children from violence.",Philippines,100,Other Social Infrastructure & Services,"Social protection and welfare services policy, planning and administration",17.1,,Cordillera Administrative Region,121.03896,17.35538,1,Exact,https://d-portal.org/q.html?aid=XM-DAC-41122-Philippines-3420/A0/06/003/002
XM-DAC-41122-Philippines-3420/A0/06/004/003,UNICEF,XM-DAC-41122,XM-DAC-41122,PEACEBUILDING AND LOCAL GOVERNANCE- PROTECTION FROM CONFLICT AND DISASTERS,Implementation,2019-01-01,2023-12-31,"Strengthened capacities of local government units in BARMM to plan and act for children's rights., which contributes to Access To Inclusive Social Protection, Climate Change, Disaster Risks And Envionmental Degradation, Cross-Sectoral - Monitoring, Data And Situation Analyses, Cross-Sectoral - Planning And Programme Reviews, Cross-Sectoral - Social And Behaviour Change, Reducing Child Poverty. UNICEF aims to achieve this through Advocacy And Communications, Advocacy And Public Engagement, Community Engagement, Social And Behaviour Change, Data, Research, Evaluation And Knowledge Management, Developing And Leveraging Resources And Partnerships, Evaluations, Research And Data, Systems Strengthening And Institution Building, Systems Strengthening To Leave No One Behind. This contributes to the following Country Programme result: By 2023, the most disadvantaged children, families and communities in remote rural areas and impoverished urban pockets have access\nto inclusive systems that protect them from poverty and enhance their ability to appropriately respond to emergencies and climate\nchange risks.",Philippines,100,Other Social Infrastructure & Services,"Social protection and welfare services policy, planning and administration",20.4,,,121.77402,12.879721,1,Exact,https://d-portal.org/q.html?aid=XM-DAC-41122-Philippines-3420/A0/06/004/003
XM-DAC-41122-Philippines-3420/A0/06/004/001,UNICEF,XM-DAC-41122,XM-DAC-41122,LOCAL GOVERNMENT STRENGTHENING,Implementation,2019-01-01,2023-12-31,"The capacity of government and key stakeholders to plan, budget and provide access to inclusive, integrated, resilient and quality\nbasic social services is strengthened, which contributes to Climate Change, Disaster Risks And Envionmental Degradation, Cross-Sectoral - Monitoring, Data And Situation Analyses, Cross-Sectoral - Social And Behaviour Change, Cross-Sectoral - Social And Behaviour Change (Covid), Evaluation, Learning, Skills, Participation And Engagement, Reducing Child Poverty, Research. UNICEF aims to achieve this through Advocacy And Communications, Advocacy And Public Engagement, Developing And Leveraging Resources And Partnerships, Evaluations, Research And Data, Fostering Innovation And Use Of New Technologies, Systems Strengthening And Institution Building, Systems Strengthening To Leave No One Behind. This contributes to the following Country Programme result: By 2023, the most disadvantaged children, families and communities in remote rural areas and impoverished urban pockets have access\nto inclusive systems that protect them from poverty and enhance their ability to appropriately respond to emergencies and climate\nchange risks.",Philippines,100,Administrative Costs of Donors,Administrative costs (non-sector allocable),5.4,,,121.77402,12.879721,1,Exact,https://d-portal.org/q.html?aid=XM-DAC-41122-Philippines-3420/A0/06/004/001
44000-P153814,World Bank,44000,IDA,Metro Manila Flood Management Project,Implementation,2017-09-28,2024-11-30,The project development objective is to improve flood management in selected areas of Metro Manila.,Philippines,100,Other Social Infrastructure & Services,"Social protection and welfare services policy, planning and administration",3,,San Agustin,120.95,14.65,2,Approximate,https://d-portal.org/q.html?aid=44000-P153814
XM-DAC-41122-Philippines-3420/A0/06/003/005,UNICEF,XM-DAC-41122,XM-DAC-41122,CHILD PROTECTION HUMANITARIAN ACTION,Implementation,2019-01-01,2023-12-31,"Children and adolescents affected by disasters and those affected by armed conflict, particularly in Mindanao are increasingly able\nto access critical multi-sectoral, gender/ conflict/ culturally -sensitive and child focused programs, which contributes to Promotion Of Care, Mental Health And Psychosocial Well-Being And Justice, Protection From Violence, Exploitation, Abuse And Neglect, Protection From Violence, Exploitation, Abuse And Neglect (Covid). UNICEF aims to achieve this through Advocacy And Public Engagement, Developing And Leveraging Resources And Partnerships, Evaluations, Research And Data, Partnerships And Engagement: Public And Private, Systems Strengthening And Institution Building, Systems Strengthening To Leave No One Behind, United Nations Working Together. This contributes to the following Country Programme result: By 2023, moreÂ children and adolescents, particularly the most vulnerable, benefitÂ from more effective, quality, gender-sensitive,\npreventive, and responsive child protection system, and live in communities that better protect children from violence.",Philippines,100,"Conflict, Peace & Security",Child soldiers (prevention and demobilisation),10.7,,,121.77402,12.879721,1,Exact,https://d-portal.org/q.html?aid=XM-DAC-41122-Philippines-3420/A0/06/003/005
XM-DAC-41122-Philippines-3420/A0/06/001/002,UNICEF,XM-DAC-41122,XM-DAC-41122,CHILD HEALTH SYSTEMS,Implementation,2019-01-01,2023-12-31,"The health systems at national level and in select provinces are strengthened to accelerate equitable access to high impact\ninterventions for reducing preventable newborn deaths, early childhood illnesses and disability, which contributes to Cross Sectoral - Children With Disabilities, Cross-Sectoral - Planning And Programme Reviews, Cross-Sectoral - Social And Behaviour Change, Evaluation, Health And Development In Early Childhood And Adolescence, Immunization Services As Part Of Primary Health Care, Reducing Child Poverty, Research, Safe And Equitable Water, Sanitation And Hygiene Services And Practices, Strengthening Primary Health Care And High-Impact Health Interventions, Strengthening Primary Health Care And High-Impact Health Interventions (Covid), Supply And Logistics, Water, Sanitation And Hygiene Systems And Empowerment Of Communities. UNICEF aims to achieve this through Advocacy And Public Engagement, Community Engagement, Social And Behaviour Change, Data, Research, Evaluation And Knowledge Management, Developing And Leveraging Resources And Partnerships, Evaluations, Research And Data, Fostering Innovation And Use Of New Technologies, Systems Strengthening And Institution Building, Systems Strengthening To Leave No One Behind, United Nations Working Together. This contributes to the following Country Programme result: By 2023, more children, adolescents and women, particularly the most vulnerable, benefit from improved and equitable neonatal,\nchild, maternal and adolescent health and nutrition services, and adopt healthy life practices.",Philippines,100,Water Supply & Sanitation,Water sector policy and administrative management,0.1980198,,Samar,124.94021,11.846453,1,Exact,https://d-portal.org/q.html?aid=XM-DAC-41122-Philippines-3420/A0/06/001/002
US-GOV-1-AID-OAA-TO-15-00007,U.S. Agency for International Development,US-GOV-1,US-GOV-1,USAID redacted this field in accordance with the exceptions outlined in the Foreign Aid Transparency and Accountability Act of 2016.,Implementation,2015-04-15,2024-11-28,"This program supports the Mission's goal for an independent, prosperous, and healthy Ukraine united around core European values in one or more of the following sectors: strengthening of democratic governance, and more inclusive, sustainable, market-driven economic growth.",Philippines,0.2618365,Basic Health,COVID-19 control,87.213036,,Tete,32.78347,-15.5115,2,Approximate,https://d-portal.org/q.html?aid=US-GOV-1-AID-OAA-TO-15-00007
US-GOV-1-AID-OAA-TO-15-00007,U.S. Agency for International Development,US-GOV-1,US-GOV-1,USAID redacted this field in accordance with the exceptions outlined in the Foreign Aid Transparency and Accountability Act of 2016.,Implementation,2015-04-15,2024-11-28,"This program supports the Mission's goal for an independent, prosperous, and healthy Ukraine united around core European values in one or more of the following sectors: strengthening of democratic governance, and more inclusive, sustainable, market-driven economic growth.",Philippines,0.2618365,General Environment Protection,Environmental policy and administrative management,2.1733034,,Nampula,39.26283,-14.9756,2,Approximate,https://d-portal.org/q.html?aid=US-GOV-1-AID-OAA-TO-15-00007
US-GOV-1-7200AA19F00024,U.S. Agency for International Development,US-GOV-1,US-GOV-1,Task Order for Public Finance Management-PFM II IDIQ,Implementation,2018-08-08,2025-08-07,Task Order for Public Finance Management-PFM II IDIQ to underpin the response to the priorities of the Indo Pacific Strategy,Philippines,29.456705,Business & Other Services,Business policy and administration,26.990122,,,,,,None,https://d-portal.org/q.html?aid=US-GOV-1-7200AA19F00024
XM-DAC-41122-Philippines-3420/A0/06/001/001,UNICEF,XM-DAC-41122,XM-DAC-41122,NUTRITION AND FIRST 1000 DAYS,Implementation,2019-01-01,2023-12-31,"Government and partners have enhanced capacity to plan, deliver, and monitor coordinated multi-sectoral, gender-responsive, risk-\ninformed approaches at scale for improved access to nutritious diets to reduce stunting and other forms of malnutrition, which contributes to Cross-Sectoral - Planning And Programme Reviews, Cross-Sectoral - Social And Behaviour Change, Early Detection And Treatment Of Malnutrition, Evaluation, Health And Development In Early Childhood And Adolescence, Nutrition In Early Childhood, Nutrition In Early Childhood (Covid), Nutrition Of Adolescents And Women, Research, Safe And Equitable Water, Sanitation And Hygiene Services And Practices, Water, Sanitation And Hygiene Systems And Empowerment Of Communities. UNICEF aims to achieve this through Advocacy And Public Engagement, Community Engagement, Social And Behaviour Change, Data, Research, Evaluation And Knowledge Management, Developing And Leveraging Resources And Partnerships, Evaluations, Research And Data, Fostering Innovation And Use Of New Technologies, Harnessing Power Of Business And Markets, Systems Strengthening And Institution Building, Systems Strengthening To Leave No One Behind, United Nations Working Together. This contributes to the following Country Programme result: By 2023, more children, adolescents and women, particularly the most vulnerable, benefit from improved and equitable neonatal,\nchild, maternal and adolescent health and nutrition services, and adopt healthy life practices.",Philippines,100,Basic Health,Basic nutrition,18.118118,,,121.77402,12.879721,1,Exact,https://d-portal.org/q.html?aid=XM-DAC-41122-Philippines-3420/A0/06/001/001
44000-P153814,World Bank,44000,IDA,Metro Manila Flood Management Project,Implementation,2017-09-28,2024-11-30,The project development objective is to improve flood management in selected areas of Metro Manila.,Philippines,100,Disaster Prevention & Preparedness,Multi-hazard response preparedness,41,,Quiapo,120.9833,14.6,2,Approximate,https://d-portal.org/q.html?aid=44000-P153814
XM-DAC-41122-Philippines-3420/A0/06/001/002,UNICEF,XM-DAC-41122,XM-DAC-41122,CHILD HEALTH SYSTEMS,Implementation,2019-01-01,2023-12-31,"The health systems at national level and in select provinces are strengthened to accelerate equitable access to high impact\ninterventions for reducing preventable newborn deaths, early childhood illnesses and disability, which contributes to Cross Sectoral - Children With Disabilities, Cross-Sectoral - Planning And Programme Reviews, Cross-Sectoral - Social And Behaviour Change, Evaluation, Health And Development In Early Childhood And Adolescence, Immunization Services As Part Of Primary Health Care, Reducing Child Poverty, Research, Safe And Equitable Water, Sanitation And Hygiene Services And Practices, Strengthening Primary Health Care And High-Impact Health Interventions, Strengthening Primary Health Care And High-Impact Health Interventions (Covid), Supply And Logistics, Water, Sanitation And Hygiene Systems And Empowerment Of Communities. UNICEF aims to achieve this through Advocacy And Public Engagement, Community Engagement, Social And Behaviour Change, Data, Research, Evaluation And Knowledge Management, Developing And Leveraging Resources And Partnerships, Evaluations, Research And Data, Fostering Innovation And Use Of New Technologies, Systems Strengthening And Institution Building, Systems Strengthening To Leave No One Behind, United Nations Working Together. This contributes to the following Country Programme result: By 2023, more children, adolescents and women, particularly the most vulnerable, benefit from improved and equitable neonatal,\nchild, maternal and adolescent health and nutrition services, and adopt healthy life practices.",Philippines,100,Disaster Prevention & Preparedness,Multi-hazard response preparedness,0.990099,,,121.77402,12.879721,1,Exact,https://d-portal.org/q.html?aid=XM-DAC-41122-Philippines-3420/A0/06/001/002
XM-DAC-41122-Philippines-3420/A0/06/001/001,UNICEF,XM-DAC-41122,XM-DAC-41122,NUTRITION AND FIRST 1000 DAYS,Implementation,2019-01-01,2023-12-31,"Government and partners have enhanced capacity to plan, deliver, and monitor coordinated multi-sectoral, gender-responsive, risk-\ninformed approaches at scale for improved access to nutritious diets to reduce stunting and other forms of malnutrition, which contributes to Cross-Sectoral - Planning And Programme Reviews, Cross-Sectoral - Social And Behaviour Change, Early Detection And Treatment Of Malnutrition, Evaluation, Health And Development In Early Childhood And Adolescence, Nutrition In Early Childhood, Nutrition In Early Childhood (Covid), Nutrition Of Adolescents And Women, Research, Safe And Equitable Water, Sanitation And Hygiene Services And Practices, Water, Sanitation And Hygiene Systems And Empowerment Of Communities. UNICEF aims to achieve this through Advocacy And Public Engagement, Community Engagement, Social And Behaviour Change, Data, Research, Evaluation And Knowledge Management, Developing And Leveraging Resources And Partnerships, Evaluations, Research And Data, Fostering Innovation And Use Of New Technologies, Harnessing Power Of Business And Markets, Systems Strengthening And Institution Building, Systems Strengthening To Leave No One Behind, United Nations Working Together. This contributes to the following Country Programme result: By 2023, more children, adolescents and women, particularly the most vulnerable, benefit from improved and equitable neonatal,\nchild, maternal and adolescent health and nutrition services, and adopt healthy life practices.",Philippines,100,Basic Health,Basic nutrition,18.118118,,Manila,121.77402,12.879721,1,Exact,https://d-portal.org/q.html?aid=XM-DAC-41122-Philippines-3420/A0/06/001/001
XM-DAC-41114-OUTPUT-00111581,United Nations Development Programme,XM-DAC-41114,UNDP,CORE-FW4A,Implementation,2018-08-15,2024-06-30,The project will support DICTs commitment to accelerate the roll-out of the free public internet program which is designed to provide free Wi-Fi access in public places.,Philippines,100,Government & Civil Society-general,National standards development,100,,Real,121.2252,14.4836,1,Exact,https://d-portal.org/q.html?aid=XM-DAC-41114-OUTPUT-00111581
XM-DAC-41122-Philippines-3420/A0/06/002/004,UNICEF,XM-DAC-41122,XM-DAC-41122,PEACEBUILDING AND LEARNING-PROTECTION FROM CONFLICT AND DISASTERS,Implementation,2019-01-01,2023-12-31,"Strengthened capacities of government authorities for delivery of early childhood  and basic education for children in BARMM, which contributes to Access To Quality Learning Opportunities, Cross-Sectoral - Monitoring, Data And Situation Analyses, Cross-Sectoral - Social And Behaviour Change, Health And Development In Early Childhood And Adolescence, Learning, Skills, Participation And Engagement, Learning, Skills, Participation And Engagement (Covid), Safe And Equitable Water, Sanitation And Hygiene Services And Practices, Water, Sanitation And Hygiene Systems And Empowerment Of Communities. UNICEF aims to achieve this through Advocacy And Communications, Advocacy And Public Engagement, Community Engagement, Social And Behaviour Change, Data, Research, Evaluation And Knowledge Management, Developing And Leveraging Resources And Partnerships, Evaluations, Research And Data, Fostering Innovation And Use Of New Technologies, Systems Strengthening And Institution Building, Systems Strengthening To Leave No One Behind. This contributes to the following Country Programme result: By 2023, more children and adolescents, especially the most disadvantaged, have improved education and learning outcomes.",Philippines,100,Government & Civil Society-general,Ending violence against women and girls,11.5,,,121.77402,12.879721,1,Exact,https://d-portal.org/q.html?aid=XM-DAC-41122-Philippines-3420/A0/06/002/004
44000-P132317,World Bank,44000,IDA,Philippine Rural Development Project,Implementation,2014-08-29,2025-07-31,The PRDP aims to increase rural incomes and enhance farm and fishery productivity in the targeted areas.,Philippines,100,Fishing,Fishery services,39,,Central Visayas,123.61442,9.91072,2,Approximate,https://d-portal.org/q.html?aid=44000-P132317
