,Snapshot date,Country,Country Code,DTM Round,Date,State,State_Pcode,LGA,LGA Pcode,Ward,CODs_Ward_Pcode,SiteID,Site Name,Longitude,Latitude,Site Status,Site Type,Site Classification,Site Area,Site Management Agency,SMA type,Registration Activity,WASH Support,CCCM Support,CCCM_Organization,HEALTH Support,SHELTER Support,NFI Support ,FOOD Support,PROTECTION Support,EDUCATION Support,LIVELIHOOD Support,PSS SUPPORT,PSS_ORGANIZATION,Land Ownership,Most Common Type of Shelter,Number of Households,Number of Individuals,Boys (<1),Girls (<1),Boys (1 - 5 y),Girls (1 - 5 y),Boys 6to12y,Girls 6to12y,Boys 13to17y,Girls 13to17y,Men (18 - 59 y),Women (18 - 59 y),(Elderly men 60+ y),(Elderly women 60+ y),Have IDPs been displaced previously,Reason for displacement of Majority,Natural Hazard Risks,Intended Area of Return,Reasons to Return Home,Reasons NOT to Return Home,% HH living outside (no shelter),% HH living in EmS,% HH living in makeshift/self-made shelter,% HH living indoors (solid walls),% HH have access to electricity,% HH have access to safe cooking facilities,% HH have private living area,% HH have mosquito nets,Most needed NFI,Location of site main water source,Main drinking water source,Avg amount of water available /day/person,Is drinking water potable,Complaints about drinking water quality,Condition of most of the toilets,# of functioning toilets,Main garbage disposal,Garbage and solid waste problem,Availability of hand-washing station,Hygiene promotion campaign,Evidence of open defecation,Access to food,Access to market near from the site,Frequency of food distribution,Most common source for obtaining food,Screening for malnutrition,Most health problem,Regular access to medicine,Access to health facility,Location of health facilities,Main provider of health facilities
Snapshot Date,0.99980086,0.00422255,0.015947584,0.0013426575,0.9969414,0.0034092262,0.0056982036,0.00015476161,0.002893771,6.0238734e-05,0.003955105,0.11119539,0.00017050387,0.0026354091,0.0016005202,0.00843596,0.0019832284,0.004007384,0.0070470734,0.0024963766,0.0008770235,0.0032402875,0.0026087586,0.0023812344,0.000792559,0.0023905542,0.002566335,0.0018220776,0.0023370404,0.0024904665,0.0023490007,0.0022962876,0.0024391767,0.002456864,0.0060871635,0.0008614058,0.00048601624,0.0018758664,0.0001819816,0.0001717494,0.00017957382,0.00018601688,0.0003253421,0.00034020236,0.00033564554,0.00033597287,0.00023723498,0.00023487725,0.00027010654,0.00027010654,0.0030271257,0.0034196256,0.007357037,0.015708148,0.002537317,0.006531041,0.0022728955,0.002031487,0.0022055698,0.0020264452,0.0015635118,0.0018836013,0.0045460844,0.0003927899,0.0005170556,0.017574877,0.0014140487,0.00072192977,0.0027457543,0.0023350294,0.00094413996,0.00025926923,0.0036868406,0.0022148232,0.00048609072,0.0022148232,0.0022171482,0.0020894643,0.003072595,0.00039006854,0.00030766142,0.0015682786,0.0020188084,0.0015682786,0.0017109029,0.0027231812,0.0004888873
Country,0.004457388,0.99980086,0.7635617,0.006638069,0.004960126,0.0050545055,0.006103245,0.00040661835,0.050393157,0.00015108714,0.017538289,0.09136019,4.6175443e-05,0.0050808354,0.0011454846,0.026249813,0.0017883921,0.0069248695,0.0008448031,0.012272532,0.002956277,0.009265819,0.0058186306,0.044309516,0.0013219018,0.0046341904,0.006021857,0.003867447,0.030944608,0.022842187,0.03022621,0.00793262,0.005159294,0.00023908453,0.0026833825,0.0007865537,0.0002176732,6.520516e-05,0.00034963756,0.00013238146,0.00011446897,0.00011408066,0.0001810019,0.00015274563,0.00018828397,0.00015720414,0.00015294879,9.0220055e-05,0.00019434882,0.00020126166,0.008059201,0.0051107244,0.0032492285,0.0053460104,0.00028615294,0.000891566,0.0021097702,0.001612031,0.001833691,0.0016996696,0.0019526158,0.0025597308,0.0015981076,0.00036934437,0.00019853176,0.0008030986,0.0005522475,0.0018754445,0.007888194,0.007161937,0.00065917044,0.0003173101,0.00072079035,0.0039060297,0.00034710404,0.0029739144,0.004201439,0.0016128677,0.0058394726,0.0009190777,0.0005293442,0.018691191,0.004855791,0.0031279493,0.008036563,0.00012436956,0.0011851658
Country Code,0.016527325,0.7635617,0.99980086,0.023595603,0.0019075291,0.049750924,0.042121924,0.003578921,0.017384727,0.0015619681,0.022887748,0.007330303,0.00021230266,0.0006708185,0.00041945328,0.0047552856,0.00088666065,0.050527602,0.00037830113,0.04282786,0.025857013,0.07239505,0.029365571,0.2033394,0.0036934179,0.055196706,0.11101547,0.14567812,0.1498921,0.11043586,0.06171848,0.026551772,0.014366724,0.00065550423,0.0009101464,0.0005458847,0.00061202125,0.0004528892,0.0006641507,9.289015e-05,0.00016113452,7.418267e-05,0.00032192245,0.00033189054,0.00032973132,0.00022147919,0.00011907787,0.00014529155,0.0005530959,0.0007011399,0.029170418,0.0004064654,0.16131389,0.003099698,0.00024596136,0.00045867628,0.0030612738,0.002134442,0.0012538965,0.0021013329,0.0030404036,0.0021576842,0.0022377751,0.00042076595,0.00066798803,0.00030824798,0.000724582,0.0002232223,0.09385198,0.06688525,0.00029638794,0.00024013821,0.00020419213,0.018902477,0.00023982939,0.032372203,0.1324465,0.007556801,0.15054953,0.001748581,0.00020025937,0.13302904,0.0030540559,0.095516704,0.08350585,0.00019115774,0.00050308334
DTM Round,0.0013532549,0.006638069,0.023795078,0.99980086,0.00115291,0.00010240016,0.06356528,3.9922335e-05,0.008629736,8.749918e-05,0.0005209356,0.005265609,0.00012709494,0.045657042,0.02340131,0.00023665305,9.582417e-05,0.00015777879,0.0009825393,0.0004112334,0.00012968467,0.0002618136,0.0003946963,0.0015395752,0.00014919226,0.0010902839,0.0006803039,0.00035203467,0.0010333649,0.00041285943,0.0010977242,0.000389308,0.00058072654,0.00013341526,0.0001489939,7.466917e-05,0.015730439,0.02292749,0.20750721,0.12021507,0.04659249,0.014702665,0.062361706,0.0402134,0.07112731,0.042211756,0.0111428425,0.005995544,0.118234806,0.16726339,0.00067639956,4.9040027e-05,0.00047107748,0.00033219665,0.00014849432,0.00014123887,0.000121954195,0.0006240073,0.0004224547,0.00074225874,0.0005872497,0.00044433703,0.00035412956,0.006087227,8.566968e-05,0.00015857983,0.00016450974,0.00029523432,0.00028258876,0.0005811791,0.00012470399,0.04613083,5.604364e-05,0.0006465421,0.0001572702,0.0004104034,0.00026429453,0.00019417485,0.00029460673,0.000105989515,6.1034414e-05,0.00025667658,0.00010997696,0.0002570381,0.00027708436,9.1896676e-05,6.467209e-05
Date,0.9969414,0.0053537996,0.0020379773,0.0018062594,0.99980086,0.014507138,0.0045994823,0.000319398,0.0038464833,0.00015020536,0.0040765563,0.13101082,0.00017095519,0.0029235547,0.001706001,0.0024099422,0.002475466,0.0021718456,0.0050701937,0.00082981243,0.0011612399,0.0010722379,0.00060483586,0.00054664694,0.0007810133,0.0005793329,0.0008305739,0.00053160096,0.00060483586,0.00082981243,0.0008389754,0.0005793329,0.0005296221,0.00067638065,0.0010925281,0.00026019572,0.00022956959,0.0011875863,0.0002278156,0.00020744445,0.0002223428,0.00023469336,0.0002075138,0.00022356762,0.00021465989,0.00022436432,0.00023448352,0.00023448352,0.00027634428,0.00027634428,0.00054664694,0.00074034714,0.0022078275,0.005992212,0.00058440136,0.0013735719,0.0016207357,0.0030178668,0.0019537369,0.0019537369,0.0014926885,0.0018138502,0.002543918,0.00029233436,0.00013098757,0.003847758,0.00046166033,0.0011929295,0.00088708976,0.00078184606,0.00021232918,0.00018802944,0.0008729523,0.00058228686,0.00016029186,0.00054664694,0.00062165264,0.0008759951,0.0007431986,0.0002082894,0.00024282424,0.00054664694,0.0005847435,0.0005793329,0.00057974894,0.00086240395,0.00027452127
State,0.0037599644,0.0054264455,0.03850335,0.0001404158,0.013991937,0.9997893,0.08445927,0.29747647,0.00059021043,0.043540437,0.00020516751,0.008898085,0.0028082079,0.00071575586,0.0016183974,0.2639601,0.0044473163,0.013988809,0.0024664695,0.0111545455,0.019339764,0.0015032656,0.0020681757,0.0026634322,0.0059811436,0.0027412544,0.008892942,0.0025194031,0.0026188095,0.0031074446,0.0036651732,0.0026509527,0.0020712584,0.0047423714,0.00023179618,0.0014781847,0.00014995967,0.00014149361,7.547038e-05,9.0489695e-05,8.8689354e-05,0.0001032891,7.35066e-05,0.00010502375,9.519424e-05,8.841674e-05,0.000103640596,8.4957515e-05,0.000102022896,0.000103692844,0.0024449904,0.0012753693,0.0059908517,0.00784795,0.000646756,0.0022334808,0.0018939511,0.008436417,0.008552007,0.00801299,0.005130171,0.014030465,0.015770862,0.002431069,0.005213274,0.00037764935,0.00048496175,0.0010481677,0.0038810233,0.008336008,0.0013275798,0.00017738584,0.001974914,0.0027681487,0.0021478184,0.0014772384,0.0017055027,0.0007267208,0.0006323051,0.0015360594,0.0020023633,0.0015821294,0.26392034,0.00093483407,0.003927222,0.0010004422,0.0006639558
State_Pcode,0.005684179,0.006103245,0.043765802,0.060089003,0.0044159405,0.09113335,0.99977267,7.129748e-05,0.7609069,3.5997436e-05,0.14269574,0.030569606,8.9412104e-05,0.021496119,0.00628661,0.008981539,0.00035533274,0.0020228226,0.00041664043,0.0008862581,0.00028926742,0.001088665,0.0004789341,0.0007871441,0.00011480752,0.00047654833,0.0004963604,0.0007232191,0.0005926635,0.00080694363,0.0005655927,0.0005471201,0.0012099841,0.0004839376,0.0004548343,0.00011998715,0.0020860764,0.0013030155,0.0015019184,0.0010751232,0.001205934,0.0006307659,0.004435194,0.0016746832,0.0036457772,0.0032890805,0.000627522,0.000627522,0.0024681664,0.0024209789,0.00078574044,0.000107300235,0.0037180497,0.0008513344,7.168407e-05,8.102327e-05,0.00089179864,0.0012186856,0.0008379307,0.0007110408,0.0022715875,0.0010418125,0.0021332316,0.03746275,0.00019165654,0.00020325823,0.0002740911,0.00017494019,0.00078177825,0.00049170025,0.000121094534,0.0017095769,0.00019672516,0.0006372534,0.000117335316,0.00042532216,0.00039748722,0.00031503756,0.0010692753,9.595717e-05,4.4734043e-05,0.00026954446,0.00050574203,0.00051024475,0.0007488664,0.00035236112,0.00013659781
LGA,0.00017940578,0.0004475401,0.0059551913,9.897683e-05,0.00038820965,0.49913388,5.522287e-05,0.999876,0.0018202409,0.96773106,5.7374098e-05,0.00024200033,0.17282267,0.00082773954,0.00482224,0.0009029131,0.0016756259,0.0004162979,0.0011988797,0.00034825798,0.03646087,0.00034263002,0.00032305025,0.00035021978,0.0023531127,0.00033636458,0.00032349842,0.00031936725,0.00035021798,0.00033253647,0.00034825798,0.00034825798,0.00035869578,0.0028121031,0.0013508095,0.003547246,0.0002499252,0.000307567,7.536262e-05,0.00038988312,0.00039250893,0.00041596455,0.00038399026,0.0004336819,0.000364254,0.0004176128,0.0002747621,0.00024260921,0.00010078006,9.32682e-05,0.00036690198,0.000888175,0.0009182878,0.0011074217,0.0010106675,0.00036039215,0.00033358266,0.0003383027,0.00080539985,0.00023635502,0.00025439062,0.0010918338,0.0013020268,0.0002548145,0.0032092324,0.00017112364,0.0028772373,0.00050610537,0.00033251967,0.00045778815,0.0011716373,0.00054274744,0.0035805104,0.00035822572,0.010283703,0.00035514694,0.0003587003,0.0041623716,0.00040984148,0.009947724,0.0022261688,0.00034110085,0.0023153108,0.00034270692,0.00032398006,0.00025778782,0.02227612
LGA Pcode,0.004510762,0.050393157,0.017624382,0.008629736,0.0027587893,0.00043864598,0.7620209,0.0023896585,0.9997732,4.459878e-05,0.50390136,0.009512917,4.383002e-05,0.004984599,0.003127554,0.0038091897,0.00027384076,0.0024860285,0.00035007813,0.0010352742,0.00023670797,0.00090027414,0.0006833542,0.0012139744,0.00015133891,0.0008881539,0.00079095626,0.001051695,0.0010014656,0.0008990249,0.0008828951,0.0011544558,0.0012118514,0.00015267577,0.00013582037,0.00010883323,0.0012378773,0.0010392901,0.0021101604,0.0029157542,0.0015307614,0.0015389896,0.002017205,0.00304784,0.0024231842,0.0038063033,0.0012371178,0.0012159058,0.0022142192,0.0022830484,0.0010782579,0.00048665528,0.00033142825,0.00032932762,5.8693124e-05,0.00020314308,0.00025682422,0.00034081558,0.00029681757,0.0002919552,0.00038000467,0.00036954661,0.0004344039,0.0015314756,9.513079e-05,0.0001362612,9.3696304e-05,0.00031481267,0.0010374987,0.00064534385,0.0001454191,0.0023011346,0.0003944195,0.0011549386,8.606423e-05,0.00078223075,0.000882891,0.00069189526,0.0008666167,0.00021655567,6.019645e-05,0.0005556389,0.00069253024,0.0007467784,0.0005530538,4.266677e-05,0.00035726262
Ward,6.351718e-05,0.00016075863,0.0012382021,0.0001235341,0.00011887812,0.026274983,4.2490316e-05,0.9382554,0.00012835895,0.99982923,0.010041613,0.00011515822,0.16677074,9.955977e-05,0.0003697084,0.00020884603,0.000853145,0.00021083304,0.0028452217,0.00023548657,0.002792917,0.000236771,0.00080745295,0.00023043013,0.0016922805,0.00022955377,0.00024177053,0.00019301444,0.00021175492,0.0002374732,0.00020723723,0.00020517918,0.00019065893,0.0020900306,0.00041970704,0.002133088,4.5966986e-05,5.46327e-05,4.1360596e-05,3.6699654e-05,4.865096e-05,4.760938e-05,4.5056062e-05,4.6855395e-05,4.646853e-05,4.760938e-05,4.6810455e-05,4.8479626e-05,4.8003858e-05,5.009117e-05,0.00020517918,0.0008818137,0.00030097849,0.0005977935,0.00023019999,0.00014144753,9.629126e-05,0.00015931638,0.00040994913,0.00014670298,0.00015426456,0.0004984893,0.00034988511,0.000100200064,0.00076836994,0.00017309487,0.0017059686,0.00055388716,0.0002541921,0.0002131573,0.00034821147,5.0416354e-05,0.005777067,0.00025071154,0.0044426834,0.0002490818,0.00020586675,0.0018191354,0.0002453394,0.0015323148,0.0014561806,0.00020795682,0.0004043958,0.00027082989,0.00018000556,0.00077525276,0.0018841255
CODs_Ward_Pcode,0.0046375548,0.016527336,0.022270309,0.0004921992,0.004080656,0.00039715378,0.14269574,6.467262e-05,0.48713467,0.0043924265,0.99977267,0.0058485614,4.536361e-05,0.0019317343,0.00059153,0.000992205,0.0002044706,0.0049214857,0.0019916042,0.0012529916,0.00025925844,0.0010617936,0.0012480114,0.0013595783,0.00029373675,0.0008802839,0.00091292604,0.00083724444,0.0012611486,0.0013632805,0.0008887866,0.0012016253,0.0018078416,0.00019767304,0.00054537813,0.0001077439,0.0008276521,0.0028686381,0.0010053855,0.00033758287,0.0005298336,0.0005507071,0.00077044603,0.00079321803,0.00077044603,0.0005251615,0.00022841981,0.00026858458,0.0006423021,0.0006776056,0.0019331133,0.0011322838,0.001570154,0.0015591361,0.00017178591,0.0002519732,0.00067573355,0.00063643366,0.00034211163,0.00088246784,0.0006217024,0.00035834152,0.0007697233,0.0004295226,0.00025649703,0.00012051656,0.00015985839,0.00015375344,0.001336667,0.0012197291,0.00015443632,0.00045279803,0.0010361497,0.0012667632,0.00014735898,0.00095703773,0.0011368974,0.0007032539,0.0017966414,0.00071551924,0.00018064216,0.0008355343,0.0004554996,0.0011663667,0.0018700357,7.7091754e-05,0.00050583936
SiteID,0.124806024,0.09140749,0.007966412,0.007858177,0.1322052,0.008207238,0.031323228,0.00021489419,0.014202918,0.0001079272,0.0048531536,0.99899113,0.0035430123,0.0046726568,0.0027678162,0.36347985,0.046217564,0.03832651,0.16792403,0.015647033,0.0015806992,0.006115879,0.0042779357,0.0057905023,0.000332052,0.005192618,0.01701194,0.0043192073,0.0031156763,0.006395337,0.0028616127,0.014856527,0.005642154,0.00044966475,0.0004813784,0.00025516373,0.00028939964,0.00019887568,0.00046498477,0.0003083861,0.00029083475,0.00028774745,0.00023990973,0.00028467405,0.00029039907,0.00029832177,0.00028996324,0.0002378424,0.00038049326,0.00058348366,0.005334898,0.0020045864,0.003673902,0.0031223383,9.81842e-05,0.00035674433,0.011630759,0.00665694,0.0070896433,0.006468902,0.008856478,0.010332094,0.0072273025,0.00057140883,0.00023334875,0.003528501,0.00022608544,0.0038048497,0.008184542,0.0034341812,0.00051589,0.0004036309,0.0007645832,0.008851506,0.00027260082,0.0037776658,0.00541093,0.0026735794,0.010689371,0.00042461924,0.00023286979,0.0032152869,0.0027668509,0.0037653074,0.008329381,0.0003748795,0.0014383529
Site Name,0.00024359053,0.00015579167,0.004837649,7.436709e-05,0.00023158855,0.1979523,0.00012657384,0.8409741,0.00014929188,0.6300605,0.00011215247,0.007962217,0.99325126,0.00042574928,0.0025539831,0.045378573,0.083389536,0.010586652,0.15348375,0.0032306311,0.0019035442,0.0003235445,0.00028671132,0.00024630057,0.0047900705,0.00024921424,0.00086292677,0.0002836473,0.00024460242,0.00031147312,0.0002490857,0.00024188035,0.00023220574,0.035041764,0.004521807,0.0014757719,5.8567264e-05,0.00012120451,0.00010545704,0.00013408512,5.9508955e-05,5.9692025e-05,6.0317467e-05,6.0656836e-05,6.1939005e-05,6.154567e-05,9.687141e-05,9.071445e-05,0.00012261263,7.7281e-05,0.0002490857,0.00339766,0.00057054777,0.0032864404,0.0025070617,0.00046126093,0.00012408088,0.0003360828,0.00025765607,0.00015513638,8.5859036e-05,0.00017601262,0.0010791591,0.00017091268,0.04222421,0.00035399102,0.031247124,0.0009045003,0.0006629178,0.00024323694,0.00090975163,7.240655e-05,0.010213628,0.00083075423,0.0057863942,0.0009815526,0.00031247223,0.006386563,0.0007805262,0.014387843,0.0025121358,0.00030867258,0.002258762,0.0008124041,0.0007475889,0.00053820654,0.004999373
Longitude,0.0019494314,0.005770133,0.00047808615,0.08994484,0.0014214299,0.0010556978,0.017276768,0.0011295578,0.006227167,0.00021718098,0.0007034901,0.005347919,0.00030510226,0.9997934,0.9995315,0.004803508,0.004319389,0.0015910437,0.06005,0.00016634153,0.0046680276,0.00024338723,7.4259726e-05,9.8990065e-05,0.0007931213,0.00022958564,0.00021339094,0.00029891293,6.918651e-05,0.00010595754,0.00013524023,7.152112e-05,7.7750294e-05,0.0020780659,0.00042168854,0.00050284277,0.056799587,0.0043450035,0.034898046,0.13500014,0.0368651,0.044068374,0.050126337,0.14089276,0.0608621,0.14078814,0.037987612,0.038835384,0.024371829,0.024745036,0.00010569058,0.00034062262,0.0022469794,0.00023261496,0.0022605765,0.00601495,0.0017239013,0.0037250572,0.00062686304,0.0009413002,0.00069715,0.00062921114,0.0009540493,0.012291324,0.0069766683,0.0022782355,0.0014112116,0.0015972811,0.00010818883,0.000118155884,0.006950108,0.042761937,0.0006346991,6.766908e-05,0.0029314512,0.000112742426,0.0001074501,0.004427525,0.00012991726,0.0020888967,0.0008959466,0.000106136205,0.00026450542,9.333076e-05,0.00019318532,0.025060493,0.0010242562
Latitude,0.0015425629,0.0013900185,0.00040063082,0.04847163,0.0016677481,0.004994373,0.007034237,0.002566596,0.0032075464,0.00053250795,0.00037693986,0.0030857713,0.00035382464,0.9990571,0.99981207,0.004928872,0.0011684505,0.0013656758,0.03030474,0.00022268994,0.0013195149,0.00016699414,0.00010139711,0.00014645532,0.00097424584,0.00018644378,0.00016237622,0.00010371663,0.000103857674,0.00014366012,0.00031446046,0.00011504772,0.000120994686,0.0027395457,0.0003789247,0.0010326977,0.051909573,0.0041155033,0.033156376,0.042810656,0.023735516,0.020703858,0.031670615,0.036959976,0.03244427,0.036569122,0.0330873,0.020799704,0.030178951,0.028678974,0.00017048827,0.00013161673,0.00048747158,0.00023820509,0.005976192,0.0019973058,0.00046452152,0.0007226789,0.0005391238,0.00076247205,0.0006621599,0.00075345667,0.0008932887,0.011067859,0.0074569066,0.00087694824,0.0021308148,0.0015266271,6.305732e-05,0.00014119569,0.0040641646,0.021348104,0.00046834286,0.00010128851,0.0031113343,0.00010365761,0.00016529005,0.009798329,0.0001527792,0.0013093227,0.0009343083,0.00014268927,0.00063187873,0.00020167296,0.00010489936,0.013915418,0.0011959954
Site Type,0.34354755,0.10549953,0.014202563,0.00087811134,0.34821725,0.014089962,0.009249221,0.00030637498,0.0021884367,0.000118475946,0.013317174,0.25642416,0.016578864,0.0005859794,0.00017746018,0.1285761,0.96198595,0.10706189,0.02587485,0.019628512,0.015019909,0.005324832,0.0026172413,0.00066114176,0.00086757477,0.002090377,0.003661678,0.003491197,0.00066114176,0.0030137766,0.0006674596,0.0019342124,0.0033365155,0.0023390376,0.01872709,0.0030254966,9.8640114e-05,0.00033571388,0.00019811737,0.00023070395,0.00014446783,0.00014491192,0.0001948133,0.00019245206,0.00015322749,0.00015322749,0.00015410548,0.00012228322,8.112862e-05,8.112862e-05,0.0006674596,0.0066950526,0.0071817543,0.101101466,0.0027037456,0.010144044,0.0014590161,0.0010453411,0.0011493178,0.0010137041,0.002585159,0.0010379171,0.0014664906,0.0007247643,0.0019486875,0.003749155,0.0075470516,0.0005066979,0.0036063364,0.00092465046,0.0012226502,0.00018164472,0.0031382362,0.004881443,0.00066593674,0.0032224914,0.0009503923,0.0063479673,0.0016305409,0.00046597148,0.0015966351,0.00092978484,0.004496276,0.0009504561,0.005306604,0.0011958525,0.0009190667
Site Classification,0.34096006,0.011387572,0.018126491,0.0007254894,0.032067616,0.009220087,0.007399666,0.00040687327,0.0015680188,0.00015123327,0.013699195,0.10321035,0.00069819926,0.0004952775,0.00030140363,0.057348147,0.023996126,0.94376993,0.010285827,0.020241356,0.0013423567,0.02350653,0.0030112544,0.0008928042,0.023316834,0.0019342124,0.0034935754,0.0030089372,0.000622748,0.012109482,0.015434168,0.0022948857,0.0028716647,0.06240717,0.016542517,0.0015520699,0.00015352119,0.00076188863,9.8018e-05,0.00011441753,9.226908e-05,9.3457624e-05,0.00014432764,0.00014728856,0.00014432764,0.00014728856,9.745157e-05,9.745157e-05,8.112862e-05,8.177778e-05,0.002876504,0.031563185,0.042685144,0.1145158,0.0031447294,0.010742626,0.002098333,0.0018641776,0.0014357843,0.001057699,0.0024727464,0.0023235295,0.0024760019,0.0006908147,0.0029410163,0.016873889,0.006183223,0.00059763686,0.0036908449,0.0028851747,0.0030551488,0.0004088433,0.010564012,0.0058755027,0.0016961558,0.0041269115,0.008931989,0.006665945,0.0055605127,0.0033723307,0.0063874586,0.0040371167,0.0044115027,0.0037592922,0.005801578,0.003114157,0.00428988
Site Management Agency,0.010089193,0.01146386,0.03766044,0.0045816097,0.0014689765,0.0055054855,0.004253395,0.00019171477,0.00076696865,8.946682e-05,0.0011021319,0.029869713,9.9444485e-05,7.004494e-05,5.3679334e-05,0.03244464,0.001271416,0.030699683,0.0015795771,0.99855906,0.010927023,0.48872823,0.25344443,0.4393518,0.0007817844,0.37233028,0.57855076,0.23352681,0.15692703,0.3206838,0.4495984,0.530828,0.5651496,0.00069789344,0.0003243915,0.00047167848,0.00011217759,0.00016738568,0.00016944886,0.00014654647,0.000110487264,8.607786e-05,0.000110487264,8.607786e-05,0.00011247468,0.00010069733,0.00017350358,0.00020556932,0.00043079464,0.0006463934,0.8488827,0.0032359832,0.31726772,0.0024953864,0.00032685683,0.00061547256,0.058372263,0.003351116,0.0024041662,0.0009171912,0.062788375,0.0019742912,0.0028238238,0.0006759229,0.000369794,0.0007904228,0.0005682289,0.0005958387,0.38634622,0.9344795,0.0005228343,0.00029829392,0.0011631981,0.6711165,0.0076598474,0.6775633,0.5987497,0.00039772576,0.48152333,0.00030542054,0.00033138492,0.5861603,0.0027247583,0.2085446,0.3216288,0.00011296458,0.0014448541
SMA type,0.01598524,0.12366505,0.27779076,0.0011788518,0.015786014,0.016986275,0.02917939,0.00033108908,0.004144778,9.844308e-05,0.0037308333,0.094989285,0.00011924218,0.00031930595,0.0002576492,0.03927539,0.0075902566,0.0039680023,0.0011518496,0.26341543,0.99643314,0.04624919,0.052807026,0.31831735,0.00025109964,0.14444228,0.032816038,0.044575777,0.006977752,0.007217305,0.04772626,0.08282272,0.28433287,0.00033227773,0.0010001252,0.0005663409,0.00011364288,0.00020939081,0.00064999185,0.000318187,0.00025037752,0.00024168189,0.00031217412,0.0002633139,0.00027159983,0.00028323464,0.00026183733,0.0001358838,0.00022313767,0.0002789076,0.046864275,0.00080736994,0.896617,0.0065080523,0.00020740516,0.00039556713,0.60831875,0.020964067,0.0023116218,0.003620205,0.69011754,0.002179589,0.0033143566,0.0005141077,0.0007323582,0.00015116968,0.00067235617,0.00025026978,0.02669789,0.11185666,0.00020496681,0.00028465135,0.00050236256,0.034176573,0.009135584,0.006327464,0.039085746,0.0047706706,0.0059983246,0.0008102595,0.00014100228,0.054681744,0.008344857,0.0090540005,0.04128954,0.00019347276,0.00041906507
Registration Activity,0.0032561454,0.005983978,0.0549371,0.00026176125,0.0007297258,0.0019608052,0.0007858045,0.0002404721,0.00090541434,0.0001275148,0.0010617936,0.0038770186,6.0438735e-05,0.0001473837,0.00015380733,0.047336306,0.004430931,0.42702428,0.00021529314,0.9887834,0.01768375,0.99980783,0.8816208,0.87926835,0.007996699,0.9354721,0.94722605,0.8870397,0.7958447,0.98481065,0.9406935,0.9517521,0.49063423,0.00855705,0.00020631308,0.00046631802,0.00030592465,0.0012176989,6.8528054e-05,8.352931e-05,0.00016243946,0.00065139047,0.00010948532,0.0006809555,0.00011916466,0.0007812991,0.00042463798,0.0004229079,0.00030208027,0.0003037175,0.97338223,0.0059482544,0.08542539,0.0040274505,0.0005426024,0.0031179218,0.02364298,0.009418758,0.0029971898,0.0026524428,0.03496812,0.0043901755,0.005859624,0.00065617,0.00078897586,0.0022521054,0.000832573,0.0012100532,0.966945,0.5873485,0.0024471586,0.0008528912,0.0061209532,0.9556132,0.032520406,0.9851858,0.96848536,0.20036994,0.98863256,0.007420012,0.0008959158,0.9701762,0.0116713345,0.98521763,0.9927565,0.0033333267,0.0064403987
WASH Support,0.0026087586,0.007004686,0.014978239,0.00040665985,0.00056849816,0.0023223928,0.0004757372,0.00028227235,0.0007594982,0.00030426527,0.001205677,0.005349816,6.468641e-05,7.941618e-05,0.00013685033,0.06039664,0.0041173403,0.096647546,0.000363934,0.8773101,0.12647301,0.24952757,0.99978346,0.9929341,0.0017631665,0.9923876,0.9852467,0.99199104,0.99210477,0.98751837,0.9929509,0.9928258,0.9888263,0.0021291694,0.001531954,0.00021019852,0.00025540873,0.00027388328,0.00017159445,0.00014934487,0.00025027164,0.00024767537,0.0005045092,0.00072433567,0.000615275,0.0005158808,0.00023965945,0.00017582043,0.00015831034,8.063237e-05,0.9668126,0.0032302504,0.17811199,0.0021656146,0.0006102211,0.0031642932,0.09596048,0.0016882987,0.0016168576,0.0015973734,0.16355853,0.0013307986,0.0014835086,0.0006558592,0.00022795494,0.0003181678,0.0009283399,0.0002812931,0.64706945,0.6776961,0.00028151693,0.00018974942,0.0055777417,0.9753556,0.06460591,0.9690449,0.8611094,0.07787785,0.16741478,0.00037251317,0.00020158618,0.96320593,0.009809864,0.2197404,0.69733125,0.0004537851,0.0010023848
CCCM Support,0.008122124,0.095498465,0.43762422,0.030300386,0.0013838093,0.0017799226,0.003455894,0.00018951757,0.0015135063,8.567852e-05,0.0011739697,0.008786775,4.3556043e-05,6.953085e-05,4.9530943e-05,0.016987588,0.0001530345,0.0011267418,0.00011544803,0.4402783,0.012057812,0.122732595,0.7888591,0.99855906,0.051499903,0.86511874,0.75619876,0.8911557,0.79066855,0.78172225,0.9408702,0.9487155,0.9739984,0.0008553424,0.00042162515,0.0003517355,9.340195e-05,8.470224e-05,0.00017571216,0.00015776038,0.00011007193,8.567251e-05,0.000117324416,0.00013231716,0.00011964135,0.00010751764,5.7948124e-05,5.7435256e-05,0.000105998755,0.00016080518,0.60744864,0.00027996014,0.055638585,0.0004573281,0.00010901183,0.00018655793,0.05097934,0.0013859888,0.0008575394,0.0013591493,0.0590653,0.0014933068,0.00068996346,0.00031207444,0.00024172213,0.00012729982,0.0006096022,0.0002332915,0.1670421,0.83734626,0.00013114743,9.1353286e-05,0.0009420436,0.19174515,0.002943808,0.1489006,0.17435819,0.0017418404,0.10001068,0.00017795197,0.0003146003,0.492883,0.0014761398,0.064341776,0.27297962,5.7807185e-05,0.00036950182
CCCM_Organization,0.0784167,0.081207275,0.01387657,0.0011824492,0.04912571,0.0031148081,0.00061780657,0.0004127203,0.001460931,0.000101334816,0.0015989605,0.006246468,6.131792e-05,0.0017228639,0.00057423126,0.008060715,0.0016248521,0.07181605,0.00029980316,0.004797047,0.0013626035,0.011098907,0.002876504,0.17045103,0.9683235,0.0042422074,0.0042574853,0.0044467645,0.002876504,0.0107198935,0.01994105,0.0028463765,0.002800821,0.07057013,0.024267243,0.002608638,0.00022054849,0.00028072763,8.9246525e-05,8.5842454e-05,8.484639e-05,8.5842454e-05,8.5842454e-05,0.000119503806,8.5842454e-05,0.000119503806,8.865752e-05,8.865752e-05,9.54972e-05,9.66166e-05,0.0009227892,0.007870822,0.010194398,0.043675743,0.007106371,0.023835152,0.000945718,0.0017847653,0.00069667265,0.0012620265,0.002540408,0.001338814,0.0027445182,0.0003036626,0.0012102884,0.00927788,0.0038376437,0.0010087705,0.0046555707,0.0033931877,0.006950799,0.00026257994,0.027467549,0.005194279,0.0013814642,0.0032953655,0.008039507,0.0049045156,0.005191372,0.0016793765,0.0021138664,0.0044569275,0.0061214166,0.0046392074,0.0050801495,0.0012059262,0.0033553485
HEALTH Support,0.0023905542,0.0031487937,0.1009986,0.0006484557,0.0005793329,0.0019276339,0.00035638455,0.0002705305,0.00074454915,0.00015156058,0.0009042951,0.0037821925,5.815072e-05,0.00019881157,0.00015419564,0.058403574,0.0036235205,0.07704138,0.00041639892,0.8455875,0.07521737,0.97056186,0.9924245,0.99319416,0.002758837,0.9997888,0.99561405,0.99287355,0.9958034,0.99195683,0.9861026,0.99559903,0.98753256,0.0033039977,0.001298128,0.00022068087,0.0005341591,0.0005851939,7.7907374e-05,6.864068e-05,0.00018198845,0.00019021692,0.00020383272,0.0004863876,0.00011336019,0.00046265085,0.00030093658,0.00035469318,0.000100075275,9.2361566e-05,0.9215398,0.0034976364,0.08065266,0.0027087184,0.0006279725,0.0032127523,0.035308644,0.0084216455,0.0028104826,0.002927947,0.025436241,0.0013502747,0.005323034,0.00050388573,0.00023919545,0.0005067027,0.001076138,0.00028376037,0.9675616,0.15561312,0.00033845304,7.684508e-05,0.0059400084,0.9538981,0.035418745,0.97855353,0.7919019,0.30244023,0.9591895,0.0003765505,0.0002759464,0.9836153,0.064612925,0.9864792,0.99255085,0.0026750262,0.023433475
SHELTER Support,0.0025245778,0.007803855,0.103157,0.00064143474,0.0005793329,0.0056285476,0.0004963604,0.00026638166,0.0008255972,0.00015594331,0.0008887866,0.016849773,9.293042e-05,0.0002094473,0.00019838859,0.062226385,0.0055292295,0.11093973,0.00052891194,0.97696614,0.08167604,0.9304804,0.9926534,0.992976,0.0026626193,0.9954849,0.99980086,0.9926914,0.9920731,0.9956105,0.992855,0.99575853,0.99287415,0.0033212616,0.00495711,0.0070614293,0.0011042232,0.00070538535,7.870361e-05,6.725465e-05,0.0001908974,0.0002454637,0.00044788775,0.0005023223,0.00049177953,0.0005209557,0.00026763475,0.00029302356,0.00062936044,0.0007163963,0.96676505,0.0044889706,0.03464464,0.0034274876,0.00040483146,0.0035579258,0.043125708,0.004460834,0.0028639552,0.0026511746,0.018592622,0.001197862,0.004991222,0.0005173362,0.00060607167,0.0008947707,0.0028102342,0.00041362894,0.9661406,0.18061642,0.00047124166,0.00016680174,0.0056775226,0.97557205,0.0048146066,0.98440397,0.80821806,0.29852065,0.8968243,0.0017881365,0.0011642978,0.9814135,0.007106553,0.96780866,0.9739152,0.00081446534,0.0015619465
NFI Support ,0.002379381,0.0035968053,0.14537935,0.0003499133,0.00053160096,0.0017968555,0.00072707597,0.00025804975,0.001096645,0.00011939225,0.00090323435,0.005263133,6.9875015e-05,0.0003074186,0.00012951189,0.040286977,0.005536511,0.085260406,0.00039314697,0.7962499,0.0043988046,0.85115105,0.9926194,0.9924881,0.002769854,0.99283326,0.9925154,0.99980783,0.992641,0.992251,0.98813653,0.9928258,0.9851919,0.002230094,0.0012277741,0.00017402026,0.00046187808,0.00028257282,8.2024744e-05,0.00010134713,0.00018263479,0.00021323486,0.00026450242,0.00076555257,0.00018718356,0.00067003793,0.00023612597,0.00022649643,8.426562e-05,7.6787815e-05,0.8069844,0.0023274343,0.003722934,0.0016237203,0.0003013581,0.0026316522,0.0032888812,0.0027732865,0.0016901186,0.0018925127,0.0042996095,0.0011416526,0.000882194,0.00035577978,0.03400801,0.0004894997,0.0007304286,0.00019008387,0.910082,0.07909873,0.00022433569,0.00018999152,0.0046581635,0.949998,0.0024266837,0.941407,0.8113077,0.027914645,0.7049923,0.0012203165,0.00027455925,0.95700926,0.001296821,0.84135306,0.69588786,0.0003171833,0.0009553232
FOOD Support,0.0023905542,0.02155704,0.1517872,0.00092203263,0.00056849816,0.0017842706,0.0005926635,0.00023826088,0.00097187783,0.000105253785,0.0012957795,0.002027572,5.848143e-05,7.087897e-05,0.00010074632,0.039502516,0.0006591007,0.009519371,0.000114176364,0.72834927,0.017764136,0.79020536,0.992641,0.9929341,0.0018600782,0.9923437,0.99209446,0.9927698,0.99980086,0.9926802,0.9869126,0.9927583,0.98692596,0.0021919021,0.0015834385,0.00046387507,0.0005590702,0.00027462456,7.813619e-05,5.552323e-05,0.00018751576,0.00018202564,0.0006201147,0.00026892818,0.00044676065,0.00021839028,0.0002622394,0.00027127189,7.574277e-05,9.8609904e-05,0.5182001,0.0044142157,0.0059832796,0.0024716873,0.0003929436,0.0015648757,0.004806072,0.0014566858,0.0019278795,0.0018493634,0.005287937,0.0011936573,0.0008822294,0.0003561003,0.0008421439,0.00057416863,0.0010430759,0.00029078417,0.97018075,0.09356713,0.00022422578,0.00012979574,0.0010366959,0.97502255,0.0066827345,0.915179,0.80987537,0.48476398,0.8953747,0.00830099,0.0028118077,0.98983085,0.008036186,0.9125492,0.87182,0.0005200374,0.0008799462
PROTECTION Support,0.0024904665,0.022468777,0.104236975,0.0004104034,0.0005793329,0.0018939127,0.0010544955,0.00022938519,0.0008937422,0.00015884683,0.0012722638,0.003947102,7.4943746e-05,0.00010707774,0.00011050427,0.062716216,0.0053054853,0.35023102,0.0005347038,0.68901557,0.0043516457,0.9849382,0.9933638,0.9919869,0.0075174333,0.9857522,0.9957178,0.9924835,0.99283195,0.99980783,0.98583865,0.98530674,0.9735686,0.007993235,0.0008103381,0.0005909415,0.00036467073,0.00069367525,7.2810275e-05,6.0164726e-05,0.00011079219,0.00020478074,0.0001163074,0.00017702326,8.820472e-05,0.0001067387,0.00021332927,0.00052909047,0.0002950602,0.00031735495,0.8179935,0.004073129,0.0046525714,0.0032418922,0.00078567053,0.0026986692,0.019686002,0.006506726,0.0020266592,0.0013907754,0.01092154,0.0012359447,0.005660096,0.00051490293,0.0005171041,0.00079068827,0.000950343,0.00027910765,0.965815,0.30264533,0.002378954,0.0008430672,0.008545385,0.9578049,0.0040915613,0.9843277,0.96400064,0.11746568,0.9545542,0.0025264197,0.0009288692,0.9692443,0.011120897,0.9795428,0.9750954,0.00077121396,0.005795902
EDUCATION Support,0.0023515678,0.02284566,0.11149927,0.00064831943,0.0005846746,0.0018283235,0.00073802954,0.00024160971,0.0007429951,0.00013710985,0.00091292604,0.0020339482,5.848184e-05,0.000107436426,0.0002586567,0.04113976,0.0006450339,0.308548,0.000120931756,0.50075537,0.0025656372,0.9719323,0.9929314,0.98851043,0.014046032,0.9861894,0.9927812,0.9893603,0.9926766,0.9932071,0.99968106,0.9849215,0.97525096,0.015316513,0.00096552627,0.00047525825,0.00037208563,0.0010171987,9.604315e-05,8.295058e-05,0.000116258096,0.00011815911,8.864882e-05,0.000114727125,5.850531e-05,0.00011391437,0.00021880705,0.00027416405,0.00031484396,0.00031656038,0.74825865,0.004159743,0.04343275,0.0024514853,0.00078567053,0.0023298957,0.01225749,0.009576278,0.0019662827,0.0013885463,0.009339266,0.0035244422,0.004403153,0.001269646,0.00024325878,0.0019053253,0.0012807423,0.00020311901,0.9647615,0.30264533,0.002378954,0.00023066474,0.0061893547,0.95473987,0.023725346,0.9823999,0.9678566,0.20255688,0.94871336,0.0025264197,0.0009463714,0.9669844,0.006630917,0.9765928,0.96217054,0.0011060926,0.005491885
LIVELIHOOD Support,0.0022171482,0.00793262,0.029891476,0.0002593396,0.00058317586,0.0019571858,0.00054470194,0.00028033543,0.0011530803,0.00013089462,0.0012016253,0.014872301,5.8312908e-05,6.837607e-05,0.00013351253,0.03578942,0.003639198,0.07813419,0.00024924675,0.8787421,0.065183446,0.9753622,0.9927563,0.9934999,0.0018518353,0.9957691,0.99575853,0.9926038,0.9958252,0.99267316,0.99207145,0.99980086,0.9928522,0.0031619389,0.005968766,0.0004624127,0.0009741571,0.0010364455,7.9955906e-05,6.75981e-05,0.00019004983,0.00021275162,0.00018587594,0.000487863,0.0002037034,0.0004812464,0.00025296284,0.0002972293,0.00046180122,0.00067396695,0.9789635,0.0032093986,0.26651862,0.003064472,0.00059480924,0.0055166106,0.18905498,0.005962589,0.005999807,0.011017287,0.095045,0.001808208,0.0058312593,0.0006984051,0.0003379249,0.0006074062,0.0010237431,0.00019008387,0.8962126,0.21054295,0.0011770386,0.0002490939,0.0063499114,0.9797541,0.051418014,0.97981274,0.94524544,0.31579447,0.71939033,0.0032710126,0.0012518709,0.9818351,0.0077579217,0.9628817,0.95430386,0.00084768224,0.005162445
PSS SUPPORT,0.0024391767,0.0039319666,0.01324799,0.00080019864,0.0005296221,0.001754784,0.0010120587,0.0002968182,0.0010934921,0.00012568316,0.0018325512,0.0055707814,5.5981218e-05,0.00015291394,0.0001389811,0.07255611,0.0033814614,0.11329828,0.0005001798,0.36812687,0.1802779,0.045250893,0.80495775,0.9696871,0.00176195,0.9170722,0.800639,0.9315811,0.83300847,0.80495733,0.984648,0.98149055,0.99978524,0.013280804,0.001613175,0.00022207163,5.9489335e-05,0.00022766023,0.0002625665,0.00017714147,0.00018244488,0.00015922515,0.0005033117,0.00048034545,0.0004968828,0.00046312378,8.745407e-05,5.706511e-05,8.001543e-05,8.2806815e-05,0.95951647,0.005969931,0.01673048,0.00023687602,0.00041746878,0.0014893891,0.07384468,0.0040132017,0.0038524207,0.0055527226,0.09066767,0.0053711897,0.0030723072,0.001507509,0.00021968577,0.00018854065,0.0003028483,0.0002778759,0.31874868,0.77061146,0.00023118379,6.5931345e-05,0.00068570697,0.19030723,0.0046344474,0.07651266,0.16797821,0.04278184,0.0666995,0.00042623928,0.00025232087,0.55725205,0.0030831317,0.07252726,0.4457504,0.0001349495,0.0011617331
PSS_ORGANIZATION,0.01351515,0.0006198898,0.000869016,0.00014646525,0.0017740205,0.0041370643,0.00082302623,0.011300935,0.00035527183,0.0020864827,0.0003800906,0.0014689334,0.0016631223,0.014109405,0.0042858524,0.02960358,0.0052538766,0.044209138,0.029305551,0.00792149,0.0038210119,0.025856081,0.0070031225,0.008490522,0.15968834,0.009866733,0.009891783,0.007296673,0.00725994,0.023226174,0.041994814,0.009486958,0.044589628,0.9995783,0.058241796,0.016099757,0.00042161715,0.0073588556,0.00059195637,0.0003411613,0.00033162977,0.00035079013,0.0008484933,0.001047935,0.00082395424,0.0010475355,0.00020732313,0.00021403466,0.00037393929,0.00041694212,0.0076264064,0.014874094,0.032031383,0.15784104,0.014653371,0.033186324,0.00091268076,0.0012195125,0.0003239453,0.0010723772,0.0042660087,0.0020436044,0.0031492591,0.00038178085,0.029031856,0.00819609,0.016591309,0.0075195855,0.0077055977,0.006564141,0.03827501,0.0017266045,0.02878789,0.008389185,0.017140621,0.008712137,0.021234738,0.03556122,0.011686734,0.016451411,0.03319779,0.008233714,0.022972524,0.0067059617,0.012366577,0.040344305,0.021170521
Land Ownership,0.0021649066,0.001909212,0.000729997,0.00017528387,0.00041267788,0.0006198694,0.00018235293,0.0018175817,0.00013672176,0.00067997887,0.000322285,0.00038149708,0.0016302643,0.008059329,0.00046087406,0.00054181693,0.03733283,0.005778636,0.0022782215,0.0002398605,0.0018776442,0.0006374068,0.0011439985,0.0006073163,0.024823166,0.0008895652,0.0011501082,0.00067680434,0.0011296491,0.0006000173,0.0006466259,0.0012972424,0.00057825836,0.06011704,0.9998041,0.061027043,0.00045520152,0.0016429164,0.00012472947,8.667489e-05,8.599799e-05,9.085151e-05,8.599799e-05,0.00019009979,9.0250585e-05,0.00019009979,8.5527245e-05,8.551205e-05,0.00043418552,0.00043506073,0.0008091696,0.0317888,0.0030704848,0.1109724,0.029993843,0.04051527,0.0013732502,0.001216967,0.00068100943,0.0012945959,0.0007981339,0.00063169195,0.0002299868,0.00018075651,0.040703468,0.0032612225,0.058812052,0.008576177,0.002134396,0.0019700315,0.037313078,0.00029367232,0.03440971,0.0011994207,0.05869311,0.0008806631,0.0008461659,0.0039227176,0.0026022757,0.0005327445,0.0067225927,0.00057739945,0.0017092874,0.0027827783,0.0018568729,0.022276238,0.0021488154
Most Common Type of Shelter,0.0010348705,0.0005047175,0.00045315904,6.610356e-05,0.00023645493,0.003452028,6.079279e-05,0.0011845052,6.399813e-05,0.0011050281,0.0001024541,0.0002324811,0.0008113994,0.00095037516,0.00096178125,0.00035850654,0.05146367,0.0035901049,0.0017466916,0.0010326314,0.02337027,0.00092109374,0.00025413558,0.00048671104,0.0068408363,0.00037228296,0.008356536,0.00018909985,0.00066071394,0.001189183,0.0008199835,0.0009262976,0.00018535358,0.0124004325,0.049170613,0.9966252,0.001013704,0.0025484518,6.588211e-05,0.0001225544,0.0002909956,0.0004137945,0.00013228391,0.0004005976,0.0001303723,0.00013297403,0.00017172625,0.00044137958,0.0003572599,0.0003103891,0.0007263396,0.020387461,0.00041571262,0.027497623,0.23431584,0.175107,0.011537577,0.0007172087,0.011216239,0.0008080967,0.0011584773,0.002999293,0.0032973967,0.00025560515,0.046199434,0.008528733,0.120200135,0.0018381908,0.001505652,0.0014029539,0.26481968,0.0010194184,0.011926761,0.001146078,0.17200796,0.0012602396,0.0032316337,0.0006795292,0.0013452315,0.015332158,0.4111114,0.00075724587,0.026857015,0.0011119033,0.0011328431,0.062327594,0.007336387
Number of Households,0.0004714234,0.0001958664,0.00029838708,0.16468991,0.00022185135,0.00012697998,0.0045342348,0.0004510116,0.0012999491,0.00010508959,0.0007221345,0.00036785216,6.8568734e-05,0.10098577,0.08265897,0.00015876384,7.244331e-05,0.00017800058,0.0039451723,0.0005661694,0.00027408186,8.7357126e-05,0.00014986645,0.0003985202,0.0005839661,0.00043684538,0.0006856312,0.0002694364,0.0004158865,0.00026912265,0.00046977762,0.0009574243,0.00020087314,0.00041497554,8.386773e-05,0.0006299522,0.9992855,0.3156582,0.5089444,0.6553344,0.74394774,0.2475025,0.8936682,0.24474949,0.94092935,0.36579102,0.50403637,0.356756,0.36618897,0.39821923,0.0010288804,0.00020948236,0.00023727502,0.0008175829,0.0012596372,0.0008376262,0.00056861964,0.0018658745,0.0015929682,0.0018074204,0.00028677902,0.00040989806,0.0014809108,0.010725311,0.0010466616,0.00029889063,0.00050618005,0.0012970018,0.000430543,0.00033894271,0.0031280331,0.82130873,0.00029489424,0.00084275275,0.004714366,0.00035438742,0.0007793732,0.0031874108,0.0002239415,0.007964034,0.0036102375,0.00039421069,0.0015792997,0.0002650275,0.00034347817,0.0031036576,0.007839511
Number of Individuals,0.0003073257,0.0002485379,0.0011661464,0.06929433,0.00020444447,0.000108082786,0.0025812706,0.00015524808,0.0019095247,8.807072e-05,0.0004586262,0.0004896385,6.1474806e-05,0.0856043,0.05738107,8.0008016e-05,7.4744974e-05,0.00048531612,0.0058144764,0.0013541082,0.00015202818,0.0032570292,0.0003023545,0.0002902166,0.000358334,0.0006086215,0.0009139273,0.00030219002,0.00029334507,0.0010858758,0.001075171,0.002105138,0.00016557757,0.0010029232,0.0001882125,0.0004964234,0.9870012,0.99974614,0.04806586,0.083724044,0.09087467,0.17266536,0.091483064,0.17197058,0.08940736,0.11054416,0.61785305,0.6330065,0.020831408,0.14063457,0.0023045915,0.00029329804,0.0010461587,0.003570971,0.00020912485,0.00016128564,0.000959491,0.002200673,0.0007586958,0.0026019108,0.0007014052,0.00032688506,0.0012855864,0.003941712,0.00020929414,0.0004200645,0.0002711308,0.0017959015,0.0018525731,0.0011299711,0.007183075,0.2995389,0.0015140068,0.001769248,0.010907169,0.0015979756,0.002523851,0.0073965034,0.0013250933,0.0044054687,0.0013469206,0.0019783026,0.00026487914,0.0030003428,0.0019156935,0.0012716458,0.005299209
Boys (<1),0.00020758562,0.00035464825,0.0011135535,0.02572336,0.00024259188,0.00010496612,0.0020914432,6.4594526e-05,0.0017970232,7.5238626e-05,0.0009831986,0.000465174,0.00014991027,0.11639146,0.10334032,7.639602e-05,0.00045190117,0.00015596204,0.0009540486,0.00011816007,0.0013759123,4.237516e-05,0.00010722482,7.508295e-05,6.612477e-05,0.00012178611,7.861937e-05,9.103238e-05,7.455663e-05,8.838574e-05,0.00015400458,0.000119940305,0.00020611806,0.00023254217,2.9804114e-05,8.700452e-05,0.024983577,0.036774255,0.9987201,0.7315301,0.89980596,0.27563128,0.54547995,0.21774983,0.5763684,0.14565088,0.07905195,0.05213145,0.2252992,0.098484024,0.0001171236,3.7494425e-05,5.893212e-05,8.238503e-05,0.00023739501,0.00021521105,0.00010484852,0.00032150102,0.00023002957,0.00050985214,0.00023582777,0.00025089906,0.00024201008,0.0034631204,0.00040980446,0.000106062886,0.000112315676,0.0006265909,8.722702e-05,9.723556e-05,0.0008890262,0.15507771,0.00011560467,7.179018e-05,0.0006585379,5.335842e-05,7.045524e-05,0.00198767,4.4470456e-05,0.00019626055,0.00019096996,8.703636e-05,0.00014632022,4.582308e-05,7.001833e-05,0.00018439624,7.209448e-05
Girls (<1),0.00019321364,0.00018595558,0.00025038802,0.041318014,0.00026417375,0.000103683065,0.002033392,6.3101514e-05,0.0035307915,6.566748e-05,0.00041655704,0.0004792102,0.00015055915,0.40124628,0.11912939,6.606705e-05,0.00045668872,0.0001589791,0.00096164574,0.00012257692,0.00023245232,9.233467e-05,7.865822e-05,0.00012362383,6.7234534e-05,0.0001280809,5.5494576e-05,0.00013539789,9.3963776e-05,8.838574e-05,0.00015635835,0.00012109547,0.0002066608,0.0002339066,3.283709e-05,8.5789296e-05,0.025811287,0.049009684,0.84352297,0.99887913,0.4885365,0.61191887,0.30819544,0.5341946,0.32360962,0.5314367,0.10627159,0.068907544,0.7037643,0.2593379,0.00011604737,3.740333e-05,5.934986e-05,8.451236e-05,0.00023912355,7.453508e-05,0.00010419265,0.00031832635,0.00023002957,0.0017756023,0.00023961744,0.00024043903,0.00024022744,0.0033661355,0.00015969941,0.000106128835,0.00014857936,0.0006302022,7.831303e-05,9.5152864e-05,0.00087326067,0.2439668,0.00013732418,0.0001214547,0.0006585379,5.7115085e-05,0.00011976111,0.0018888619,4.413859e-05,0.00027592792,0.00018695535,8.8792745e-05,0.00015031513,6.728357e-05,6.984998e-05,0.00018439624,7.400433e-05
Boys (1 - 5 y),0.00020288992,0.00020126166,0.000468397,0.32433176,0.00027671433,0.00010310694,0.0015841837,7.0675494e-05,0.0014016054,8.9189816e-05,0.0006980677,0.0005971805,6.964891e-05,0.036325056,0.025001317,7.5076125e-05,0.00023762787,0.00012113384,0.00053927884,0.00013498028,0.00019548336,7.366442e-05,0.00014457949,0.00013867683,8.164309e-05,0.00013094899,0.00014457949,0.00013513946,0.0001375997,0.00013871912,0.00013394159,0.00013394159,0.0002585149,0.00022245749,2.9804114e-05,0.0001431748,0.037333895,0.025386075,0.99788725,0.96917564,0.998955,0.9462587,0.9725215,0.54164684,0.9712937,0.54398966,0.4797955,0.45676956,0.97592026,0.9664,0.00014609347,3.392578e-05,4.9358834e-05,8.4046376e-05,0.00037262737,0.00019912292,8.6231514e-05,0.0008567229,0.00020804578,0.0003763716,0.00017537014,0.00033269176,0.0003201697,0.0033458206,0.00019042994,0.000107582295,9.095467e-05,0.0006288044,0.00017651495,0.00017895455,0.0008882698,0.6923851,0.00014083681,0.00013612224,0.0006671505,0.00016247648,0.00017607212,0.006568944,7.6780016e-05,0.00020700485,0.00018919022,0.00013886893,0.00042175816,0.0001180949,0.0003231191,0.0001858425,7.4813e-05
Girls (1 - 5 y),0.00020288992,0.00020126166,0.00021585131,0.37129292,0.00028116818,0.00010345348,0.0015841837,7.2730196e-05,0.0014066754,8.776814e-05,0.0007029838,0.00059221487,6.964891e-05,0.043130647,0.03231899,7.343632e-05,0.00023810053,0.00012042878,0.0004935968,0.00014206761,0.00020241943,0.00046547668,0.0001771223,0.00013234037,8.294779e-05,0.00013975307,0.0001771223,0.00013726516,0.00013376458,0.00013886955,0.00013857536,0.0001416174,0.000251269,0.00023720016,3.2645785e-05,8.83786e-05,0.04114392,0.030031385,0.9853322,0.99115914,0.9510189,0.9989487,0.5284073,0.9723653,0.6438341,0.97149706,0.47627127,0.61274743,0.9664896,0.9771961,0.0001524277,7.325086e-05,0.00010451788,8.2902865e-05,0.00037187003,0.00019912292,0.000125508,0.0005929864,0.0002006588,0.0010404836,0.00030220774,0.00031870615,0.00031100094,0.0030954604,0.00018393119,0.00010598502,0.00011828367,0.0006422822,0.0005598086,0.00020453085,0.0009083381,0.61405593,0.00014002681,0.00047583997,0.0006671505,0.00021683406,0.00017561197,0.005206126,8.523499e-05,0.0002076385,0.00018897475,0.00013741461,0.00014173797,0.00045093457,0.00062107487,0.00021611094,7.4813e-05
Boys 6to12y,0.00040932035,0.0004355028,0.00097078155,0.58168876,0.0002677688,7.724579e-05,0.0059379814,7.10168e-05,0.0020191115,8.494927e-05,0.0011274249,0.0004787959,6.961723e-05,0.04738916,0.048225146,0.0001655346,0.00038193676,0.00031583256,0.0007577038,0.00013453045,0.00017422924,7.805882e-05,0.0005572084,0.000152394,8.294779e-05,0.0001441594,0.00048754553,0.00023795755,0.0008201219,0.00013886955,0.00013657263,0.00013394159,0.0009863621,0.00061817176,2.9804114e-05,8.83786e-05,0.17177044,0.025298553,0.9901517,0.9637256,0.9735666,0.53138113,0.998955,0.91479933,0.98323834,0.6708298,0.2214162,0.23970285,0.9602791,0.671591,0.00013234546,3.392578e-05,4.9358834e-05,8.526328e-05,0.0003824593,0.00020022025,7.7930024e-05,0.00020471793,0.00015168653,0.00020169214,0.00021888682,0.00023838713,0.00022911183,0.005260126,0.00018448454,0.00012248263,9.167335e-05,0.0005963437,0.00017835927,0.00019597259,0.0007902097,0.58461946,0.00013950288,0.00014225433,0.0006671505,0.00017676479,0.00013612224,0.0066765193,8.568611e-05,0.00020690526,0.00018919022,0.00013691075,0.00032533644,0.00012834,0.00044745705,0.00018439624,7.314788e-05
Girls 6to12y,0.00041612724,0.00030403925,0.00096906786,0.6063348,0.00027037988,0.00010407671,0.004316133,6.963848e-05,0.002595435,8.577082e-05,0.0010995378,0.0005603501,6.961723e-05,0.17114142,0.035515737,0.00016348432,0.0002532317,0.0003115726,0.00069248443,0.00013557942,0.00021542271,0.00048184447,0.0010674145,0.00024428382,0.00012117901,0.00053647865,0.0006637182,0.00084376254,0.0002485266,0.0001800586,0.00013825233,0.0004896279,0.0009663681,0.000679613,6.5716726e-05,8.460522e-05,0.04114392,0.030031385,0.96400416,0.9903285,0.56812006,0.97196794,0.91600555,0.9989487,0.81200385,0.9710587,0.24131845,0.102408186,0.9189909,0.9825274,0.00014921134,3.392578e-05,4.8488335e-05,8.474417e-05,0.00037416155,0.00020022025,7.411256e-05,0.00020602367,0.00015077561,0.00030511184,0.00022713245,0.0002466067,0.00029223072,0.0049940366,7.122196e-05,0.00012248263,0.00018813166,0.0006438637,0.0018450313,0.0005335815,0.00097217615,0.69655436,0.00014683366,0.00047786487,0.0006671505,0.00058423606,0.00013691075,0.006481615,8.727235e-05,0.00020356674,0.00018875774,0.00049131335,0.0003908049,0.00047188965,0.00033292716,0.00021611094,7.4813e-05
Boys 13to17y,0.0003891668,0.00038713322,0.000919148,0.6427141,0.00024975743,9.502856e-05,0.004756287,6.957823e-05,0.0024208426,8.2486265e-05,0.0011274249,0.00051433,6.799184e-05,0.056457967,0.054465406,0.0002988067,0.00024770485,0.00030534196,0.0006785436,0.00012096906,0.00024321304,7.75208e-05,0.0005131502,0.00013222269,7.75326e-05,0.00012988065,0.00044573736,0.00014035906,0.0007416447,0.00013061693,0.00012255559,0.00012047206,0.0008616235,0.00061648426,2.7889044e-05,8.347792e-05,0.18731344,0.028535785,0.9910797,0.9392025,0.97359896,0.5558212,0.9717865,0.7195562,0.99934506,0.76697797,0.23748724,0.2594396,0.6793734,0.6305437,0.00012047206,3.2382875e-05,4.708975e-05,7.792544e-05,0.00044467684,0.00019043528,7.203901e-05,0.00019934392,0.00014813767,0.00014429957,0.0002079351,0.00022880813,0.00020994726,0.0054932735,0.0004129048,0.000100670484,8.611992e-05,0.00054300035,0.00016477142,0.00018038541,0.0009082591,0.577024,0.00013216282,0.0001277297,0.0006256583,0.00017785239,0.0001277297,0.0065681897,8.017138e-05,0.0001677454,0.00017940819,0.00013086852,0.00031565258,0.00012767263,0.00036820283,0.0001748442,6.938742e-05
Girls 13to17y,0.00038964703,0.0002901741,0.00070597464,0.6072386,0.0002583487,9.924043e-05,0.0033627742,6.882669e-05,0.00325666,8.4057276e-05,0.0007029838,0.00053716725,6.3456195e-05,0.2621258,0.055985536,0.00029118318,0.00024137052,0.00030821597,0.00051846687,0.00012291393,0.00024887186,0.00048160847,0.0004901985,0.00012847471,0.0001426287,0.00047357247,0.00048027578,0.00047893132,0.0001361191,0.00013518144,0.00012465456,0.00043618647,0.0012553725,0.0006790631,6.193498e-05,8.303711e-05,0.042326115,0.065283135,0.9680336,0.9913157,0.7457543,0.97376925,0.8142103,0.97216594,0.9117494,0.9993781,0.25223666,0.10069048,0.7845237,0.93365586,0.00013291667,3.2382875e-05,4.821163e-05,6.6299006e-05,0.00037706288,0.00019043528,5.5286335e-05,0.00015473654,0.00015004579,0.00027072814,0.00020790414,0.00022408759,0.00015351927,0.005290067,0.00017674064,0.00010192757,0.00018106504,0.00054451765,0.0005038836,0.00020021247,0.00092025596,0.5656218,0.00013800747,0.00042156,0.0006256583,0.0007436068,0.00012061071,0.0063668475,8.767359e-05,0.0001675841,0.00017987263,0.00043083998,0.00040459688,0.00047057852,0.00044806144,0.00017629046,7.129727e-05
Men (18 - 59 y),0.00022777093,0.0002008544,7.214177e-05,0.14836285,0.00022500836,0.00010300796,0.0012112487,0.00044198666,0.0013033126,0.000103205966,0.00021952864,0.00037045474,0.000102051345,0.07061561,0.05179373,0.0001040159,0.00012869945,0.00012695635,0.003690183,0.00073274056,0.00030956577,9.092356e-05,0.000106341344,0.00017694385,0.000100901925,0.000266342,0.00010962421,0.00010905688,0.00010649549,0.00017092576,0.0002942652,0.000195648,0.00019883714,0.00018802426,2.8320033e-05,0.0002052378,0.35775736,0.032664638,0.9189844,0.9227255,0.9826939,0.94487053,0.8979868,0.695236,0.9553595,0.8484842,0.99931496,0.937174,0.9533674,0.6006173,0.00029682874,0.00014988835,5.0042774e-05,0.00043621007,0.0010333396,0.00042004994,5.6216468e-05,0.00045986538,0.00025379265,0.00024123765,0.00016179767,0.0002900654,0.00022931777,0.0010925722,0.00027024577,9.33313e-05,0.00037172294,0.00028123765,0.00028530462,0.00042139122,0.0006747669,0.29923582,0.00015623415,0.00018589577,0.0003894486,0.0002546305,0.00042917693,0.0030240612,5.949524e-05,0.0017523307,0.00034973066,0.00022446846,0.00016219006,0.00012363518,0.00022921836,0.00045270452,0.0005173592
Women (18 - 59 y),0.00024205363,0.00012593647,7.680849e-05,0.036086887,0.00024250036,0.00013449909,0.0010827482,0.000464015,0.0014081707,0.00011265088,0.00021952864,0.000324619,0.00010755377,0.061231967,0.030745652,0.0001049279,9.9757046e-05,0.00013335065,0.003992498,0.001155154,8.797498e-05,0.00010221329,0.00017630115,0.00020781677,0.00010303406,0.0002961561,0.00023690163,0.0001814158,0.00018509802,0.00067352847,0.0003650843,0.0002971415,0.00025827892,0.00020488499,2.956265e-05,0.00032770415,0.5581937,0.031932134,0.60108286,0.8805324,0.98315924,0.989957,0.95625806,0.8617911,0.95679224,0.8957963,0.9840128,0.9994361,0.59193474,0.9702594,0.00035006556,0.00015406421,5.382056e-05,0.0004669234,0.0012103985,0.0006485919,6.075816e-05,0.00047639152,0.00027830628,0.00021577602,0.00017749437,0.00022626757,0.0002785285,0.0010413198,0.000108042215,9.676698e-05,0.0004000283,0.0003120945,0.00024985275,0.0014049795,0.00069777394,0.21721287,0.00015544261,0.00020199943,0.00052944274,0.00036577275,0.00047546325,0.0012352206,0.00017847972,0.0014777551,0.00042272633,0.00037409418,0.00016791826,0.0001246588,0.00022766997,0.00047837285,0.0005439744
(Elderly men 60+ y),0.00026148255,0.0002517947,0.0007765153,0.050705705,0.00026936794,0.00013373116,0.00449602,4.6845984e-05,0.00059071946,7.9871024e-05,0.00017432029,0.0004920993,0.0001249369,0.012633198,0.0075092427,6.412815e-05,0.000161872,0.00021786582,0.00038391375,0.00045665237,7.0980226e-05,0.00034322724,0.000109918634,7.969469e-05,5.4759053e-05,0.00010337968,0.00063200475,9.7811964e-05,8.1387865e-05,0.0004380341,0.00033651752,0.000447238,7.987824e-05,8.125037e-05,0.00017237532,0.00012667601,0.10628018,0.05190856,0.04787593,0.20110118,0.112445556,0.07060909,0.095105655,0.061004963,0.100735866,0.04111434,0.83741266,0.28472483,0.99899405,0.984524,0.00041226295,0.00045425093,0.00039064855,0.00038096198,0.0003160444,0.000443883,0.0011526978,0.004498014,0.0015202183,0.0008783106,0.0031543076,0.00095013576,0.0011410791,0.009408057,0.00026836715,0.0007370647,0.0001578272,0.00010315145,0.0003613202,0.00011148633,0.00037893048,0.09190033,0.00011822529,0.0002973661,0.00029594215,0.0019843047,0.0005983712,0.0001503005,0.0002369459,0.00030416535,7.765847e-05,0.00057946227,0.00010134493,0.000601761,0.00029634382,0.00044803548,9.4875664e-05
(Elderly women 60+ y),0.00027010654,0.00019509374,0.0008285609,0.016591365,0.00027793553,0.000114633345,0.002258066,7.701783e-05,0.0014018939,9.577333e-05,0.00064210745,0.0005676452,7.129709e-05,0.07200752,0.07576256,0.00011596583,8.446802e-05,0.00042302968,0.00047410143,0.0002947318,0.00049881305,0.00024020635,7.111933e-05,6.842305e-05,8.2747065e-05,9.537471e-05,0.00034811563,0.00023863965,9.710309e-05,0.000996576,0.00024185538,0.00032345418,0.00022637982,0.00014135987,9.794202e-05,0.00026254062,0.07545003,0.09043523,0.030329451,0.05082635,0.10497571,0.079679646,0.0204508,0.06938425,0.020634707,0.07159484,0.13919675,0.7189358,0.9840027,0.99866694,0.00027761055,0.00019423103,6.366434e-05,0.00023412134,0.0006541534,0.0011233224,0.0004433671,0.00063949137,0.0005761486,0.0013727151,0.0011235664,0.00037358646,0.0003832648,0.0022482472,0.0008335227,0.0003054941,0.00024527416,0.0009899454,0.00023569206,0.0004947062,0.00096919306,0.0248563,0.000199568,0.00024067918,0.0031624956,0.00046015502,0.00031981402,0.0020784314,0.00014232738,0.0008859357,0.00026251617,0.0013270206,0.00042903647,0.00033176833,0.00018625816,0.0011220623,0.0005423494
Have IDPs been displaced previously,0.0020465038,0.008259069,0.014746822,0.0006976366,0.0005509349,0.0022282982,0.00093778875,0.00030795627,0.0010151593,0.000108811306,0.0017993163,0.0056803348,5.7676458e-05,0.00011025476,0.00020169385,0.02178984,0.00064408965,0.10066264,0.00014721314,0.97569996,0.020071365,0.7547988,0.8917833,0.72465557,0.00066409237,0.9405051,0.8882572,0.7251247,0.49169013,0.9540623,0.95018303,0.9761476,0.97890216,0.0017468109,0.00078183267,0.0003728465,0.0009956842,0.0011885009,7.497141e-05,0.00010303551,0.00022890278,0.00025292503,0.00023088377,0.00025210378,0.00025147703,0.0002261659,0.00018678908,0.00026310037,0.000504451,0.0005934115,0.99980086,0.03381576,0.12957089,0.0035342062,0.0005901579,0.0055631194,0.1916872,0.004855408,0.0056760837,0.0053732507,0.12541346,0.0039400323,0.009972986,0.0007158305,0.0008308079,0.0022529517,0.0008280454,0.00090908195,0.6237962,0.93525594,0.0022799596,0.00020836668,0.008637254,0.9678776,0.037136763,0.8568678,0.9308054,0.007874291,0.6794805,0.0033572244,0.00075477146,0.91333544,0.009598384,0.59531116,0.6557494,0.0008352976,0.0042938474
Reason for displacement of Majority,0.0031883619,0.004105382,0.00029914704,4.919194e-05,0.00097185344,0.00061938027,0.00013271206,0.0017729125,0.0003791822,0.0010932337,0.00088541216,0.001600631,8.251507e-05,0.0010750139,0.00028818072,0.0011840315,0.0049880967,0.050190903,0.0019871003,0.03150018,0.0009376549,0.0103621995,0.0046587423,0.0006198688,0.041974057,0.004627568,0.006624124,0.004663555,0.006269998,0.007926738,0.007697366,0.0065668505,0.004642499,0.010242747,0.19114405,0.0029429102,0.00022769831,0.0004134891,3.868465e-05,5.8110618e-05,5.1233223e-05,7.840426e-05,5.1903982e-05,5.0422794e-05,5.011151e-05,5.0599814e-05,0.0001327125,0.00013079446,0.0002006857,0.00019534616,0.053672735,0.9998184,0.03236353,0.26492846,0.019230476,0.058522787,0.013537384,0.0017246695,0.0023618354,0.0022618733,0.0025969637,0.0023742116,0.0024555845,0.00045994774,0.017279692,0.015923424,0.01582567,0.013406174,0.011311278,0.01256863,0.04792578,0.0001641084,0.16791512,0.011140319,0.0528459,0.010274942,0.011004028,0.021473173,0.011475453,0.1169574,0.059041224,0.031911887,0.0049279486,0.010408394,0.012342509,0.0029386783,0.017596949
Natural Hazard Risks,0.007049864,0.0035363366,0.035288963,0.0002014218,0.0015682844,0.003534266,0.00342781,0.00049802405,0.00033274392,0.000179487,0.0020439941,0.004031196,9.281156e-05,0.00015405899,0.0004147655,0.045512028,0.0010215489,0.21700576,0.0010212288,0.24511169,0.53268117,0.07889428,0.025263809,0.024929253,0.0067659747,0.21223937,0.038637802,0.013264909,0.0043658554,0.0031729497,0.16979851,0.26484782,0.02633131,0.01218207,0.008143506,0.00020282617,0.0004473279,0.00080132193,5.001892e-05,6.479698e-05,8.825512e-05,0.00017247279,8.825512e-05,9.197401e-05,5.3779855e-05,9.0284986e-05,8.724761e-05,8.7988614e-05,0.00010149317,4.6819314e-05,0.16493486,0.057434082,0.9998022,0.022293048,0.00073855993,0.0044753337,0.7929637,0.34140435,0.015541699,0.012057174,0.87907857,0.011530442,0.042882234,0.0063672415,0.004590545,0.001299663,0.0038796742,0.0012723317,0.076408796,0.1758537,0.001516888,0.00010571746,0.010415505,0.25721228,0.093227014,0.03949579,0.02349525,0.023803866,0.063632876,0.015898654,0.00032904593,0.26923865,0.034334403,0.07781823,0.0700395,0.0018053463,0.007505385
Intended Area of Return,0.01564296,0.0035447322,0.0031393752,0.00022806592,0.0038880578,0.00081103516,0.0008522762,0.00089831965,0.00023812172,0.00040742962,0.0015348496,0.0021505656,0.00021284823,0.00018883513,0.0002045081,0.0057085105,0.05057855,0.13724269,0.005813753,0.0035578785,0.0048411638,0.003549105,0.0015765529,0.00028292497,0.017296284,0.0023317363,0.0029852872,0.0013892371,0.0014794992,0.0029863436,0.0023158381,0.0026925085,0.00023545692,0.056276903,0.078660786,0.0029627504,0.00066616223,0.001232575,5.9093734e-05,0.00022545025,0.00022246371,0.00021886131,0.00023274004,0.00022177496,0.00022506487,0.00014942125,0.0002640203,0.00033691464,0.00015970311,0.0002253983,0.003453658,0.10474773,0.024552798,0.99977165,0.06310881,0.29148817,0.0028573987,0.0028045685,0.002785288,0.0029181622,0.002581249,0.0025205533,0.006495362,0.0021558192,0.016765676,0.023577716,0.010119999,0.00074277434,0.005470192,0.005064866,0.013123003,0.0007153696,0.06403315,0.0039682724,0.024427973,0.0023344385,0.0035025976,0.054771453,0.0032479523,0.059190445,0.014197179,0.0030744367,0.001771831,0.0038071494,0.0045434562,0.011271653,0.02246769
Reasons to Return Home,0.002667595,0.00036817524,0.00023371399,0.00010197394,0.00058229413,0.0015250151,6.451712e-05,0.0014875187,6.0756764e-05,0.000510071,0.00013212,0.00013308757,0.00034529378,0.0010856449,0.0040138615,0.0010583187,0.0045555937,0.0006751063,0.016157039,0.00044971437,0.00074499415,0.00060364633,0.0006225755,0.00013181359,0.0172175,0.0005985641,0.00042172163,0.00029820454,0.0003924856,0.000718588,0.0006925238,0.00059464824,0.0003342425,0.01730464,0.05841501,0.53942406,0.0019666294,0.000409424,0.00016856047,0.00024371444,0.0010169953,0.0006813732,0.0006163409,0.0006828064,0.0008402066,0.001032819,0.001036406,0.0013816425,0.00050775014,0.0005946885,0.0005659283,0.018146608,0.00078308623,0.038929313,0.9985367,0.81559277,0.0011578607,0.000642501,0.00056935445,0.0005667672,0.0011241948,0.0022289325,0.00066406565,0.00023187941,0.015439739,0.0072536725,0.01649102,0.0015956503,0.0005638784,0.00055118045,0.019867064,0.0011808367,0.0019607816,0.0004544173,0.0014530593,0.0005189071,0.00046388526,0.020846542,0.0014797081,0.004805256,0.22711664,0.00051854114,0.003055823,0.0022074142,0.002275914,0.00420557,0.005307521
Reasons NOT to Return Home,0.00513574,0.0006197821,0.00032450058,9.901599e-05,0.0011734781,0.0033383623,7.134952e-05,0.0005808518,0.00016390457,0.00045840387,0.00015007502,0.00028055784,0.0005282365,0.0021108652,0.007985961,0.0016096014,0.020229373,0.0013035882,0.01322912,0.00072089065,0.0015153931,0.00080789725,0.00044735934,0.00018547596,0.01925261,0.00071424845,0.0005892462,0.0004462399,0.00045647408,0.0009890675,0.0009918394,0.00096943666,0.000446013,0.046831563,0.03537162,0.11280496,0.0012762366,0.0005273737,0.00014338293,0.00022382363,0.0005874179,0.0007095605,0.00049369514,0.0006256052,0.00015205261,0.0006663422,0.00074044487,0.000317681,0.0006873026,0.000686322,0.0010194123,0.060848534,0.0020808878,0.15918404,0.8314797,0.99980545,0.0012188444,0.00066917104,0.00066735735,0.0006643379,0.00055101514,0.0007283046,0.0007047229,0.00020572258,0.014693487,0.0066054054,0.03913007,0.000619748,0.0010003477,0.0008996878,0.030687358,0.0012258798,0.0085361395,0.000740107,0.018910008,0.0008733531,0.0007435833,0.020340838,0.001166031,0.023178792,0.03936241,0.0008456403,0.011257354,0.0011753312,0.0014346632,0.0068996977,0.015991582
% HH living outside (no shelter),0.004934415,0.009255883,0.022605613,0.00025632355,0.004079142,0.00072454737,0.004316803,8.589275e-05,0.0010645533,6.598753e-05,0.0025324763,0.03549461,0.0001505548,0.00017179528,0.00014725144,0.0015519373,0.00016144544,0.0013026379,0.0003402759,0.029207092,0.056449458,0.004262136,0.001696899,0.022246769,0.00010586269,0.00996855,0.0046359356,0.0055194837,0.0018277899,0.0038545476,0.024861798,0.055120796,0.025613496,0.00012270306,0.00050797936,0.001012139,0.00134055,0.00079606613,0.00026403536,0.00020906163,0.00014004638,0.00013865279,0.00014203343,0.00013365562,0.00013983974,0.00011839389,0.00013081938,0.00013916078,0.0006436894,0.00079201115,0.06021782,0.0007997818,0.7794679,0.0017718035,0.0002167723,0.000262184,0.99968034,0.6732531,0.9089815,0.3643624,0.99538815,0.0465375,0.20975731,0.003222153,0.00014759785,0.0015188819,0.00025523978,0.0018191402,0.0053658644,0.068643235,0.00022458,0.00072586176,0.00022466388,0.032162264,0.0091809835,0.00539783,0.033544414,0.00019932068,0.004350941,0.00032210015,0.00024514066,0.034259275,0.0017050465,0.00453459,0.0043337923,0.0012326356,0.00018549796
% HH living in EmS,0.001703723,0.001809516,0.002509545,0.00028295716,0.0027466682,0.0019321791,0.00065909955,0.0001677988,0.0002776519,0.0002733414,0.0006354613,0.009006711,0.0007210458,0.0006586106,0.0005995652,0.0030762358,0.00042168656,0.0088526355,0.0006602707,0.15605542,0.29301086,0.02016736,0.003337024,0.057698827,0.0008566421,0.06445182,0.012673658,0.043051768,0.0017812928,0.011536419,0.14193477,0.17459539,0.04350376,0.0009893489,0.001685132,0.0005731345,0.001230956,0.000994645,0.00012623398,0.00011481872,0.0001986833,0.00018983017,0.00014430724,0.00013916071,0.00014562154,0.000108281216,0.00035102994,0.00038782743,0.00045943266,0.00017710793,0.15013607,0.0134793,0.89052725,0.0025066189,0.0012956609,0.0024021654,0.99803746,0.99947363,0.74627846,0.7555246,0.9966498,0.31290987,0.6231468,0.02401337,0.0017223608,0.008846209,0.0008267753,0.0008981358,0.016489428,0.1915464,0.0035202454,0.0002782802,0.0028442203,0.0934143,0.03289994,0.018421704,0.06946183,0.0002889095,0.007729265,0.001406096,0.0006295044,0.07139267,0.0075040613,0.017836303,0.017683953,0.0063775904,0.00059747463
% HH living in makeshift/self-made shelter,0.0020717175,0.0017474359,0.0016377933,0.00037052797,0.0020129061,0.0079391645,0.00075192045,0.00041468325,0.00026026345,0.00026184632,0.00031960758,0.006575093,0.00035542948,0.00012645962,0.00047124882,0.003574924,0.0008551973,0.0010307442,0.0003023491,0.07385183,0.04924837,0.0028111837,0.00520894,0.018042283,0.000500942,0.004455518,0.010541626,0.01715364,0.0043041348,0.0046334835,0.015801296,0.092043675,0.017820735,0.00036771162,0.0005125581,0.0020623896,0.0010054414,0.00035164785,0.00012189606,0.00014769859,0.00016591576,0.00015851155,0.00012093259,0.00011936833,0.000121652,0.00012155368,0.00028242802,0.0002653388,0.00024087333,0.00017837106,0.19773696,0.0032022067,0.18625921,0.012211936,0.00042332086,0.00083659997,0.99508816,0.99777436,0.9993287,0.99789244,0.9957807,0.5746756,0.98507375,0.029621836,0.0010971274,0.008088965,0.00071245676,0.012022477,0.066303805,0.40679172,0.0029248542,0.0003531591,0.0024018034,0.020860085,0.08612767,0.01487737,0.014232679,0.00041467542,0.011063073,0.00059652276,0.0019309409,0.020477535,0.009608604,0.0124273375,0.056997795,0.0046271705,0.00043368363
% HH living indoors (solid walls),0.00028933497,0.00036840345,0.00042558153,0.0046372837,0.00028964126,0.0010079318,0.006258893,9.519653e-05,0.0015822918,7.219005e-05,0.0009205881,0.00042980755,5.2298157e-05,0.012960437,0.0068229814,0.0006859328,0.00031345704,0.00025163728,0.00012096695,0.00021446723,0.00026133112,0.00073429313,0.00021461312,0.00026759473,0.00015090889,0.00027584334,0.00026104687,0.00021478174,0.00021478174,0.0002146912,0.0002138097,0.00066695665,0.00021389264,0.00014071097,0.00036493444,0.0002366964,0.011938797,0.009933931,0.003176243,0.006021328,0.0030802484,0.005218456,0.0020515209,0.0017055951,0.0012670158,0.0011988133,0.0017050977,0.0015650836,0.0029813412,0.02255081,0.0005400163,0.0006601573,0.0011462203,0.0030660913,0.00019607702,0.00027094723,0.050295595,0.47232425,0.526752,0.9976707,0.015913656,0.1855304,0.26071328,0.95033836,0.00017895023,0.0006426381,0.00017240578,0.0008911008,0.0052762125,0.00429784,0.00027637728,0.009195214,0.00042827317,0.0024594404,0.0011506747,0.0007598438,0.0006412085,6.761954e-05,0.0035724582,0.00028552106,0.00021395809,0.0005689472,0.0019333279,0.00072534464,0.0048106867,0.0004907361,0.00021167961
% HH have access to electricity,0.0020472608,0.0017774842,0.002413891,0.00069737947,0.001987379,0.004771487,0.001607993,0.00051292346,0.00043247372,0.0004373692,0.00034840516,0.006499714,0.0007778575,0.0017070281,0.0007911258,0.0026849653,0.0011869902,0.0035975706,0.00043831224,0.006137638,0.0036653422,0.032491058,0.003682099,0.0038579595,0.00065355736,0.0039289286,0.003681402,0.0012341188,0.0012341188,0.004209438,0.00382717,0.0055498765,0.0039142673,0.00085795607,0.0013901184,0.000500532,0.00029455242,0.00054601865,0.00026986975,0.00027510908,0.00025518239,0.00024722936,0.00018136438,0.00017560842,0.00017571665,0.00017772394,0.00022857294,0.0002222935,0.0009146846,0.00096258544,0.013420982,0.0035056404,0.017884526,0.01807514,0.0007392572,0.0008113715,0.58737326,0.9926315,0.9909009,0.99078465,0.9997045,0.9951273,0.99793553,0.3718029,0.00095776684,0.009977335,0.0011304701,0.011303135,0.043862958,0.037724514,0.001297074,0.00070766045,0.002369542,0.0058147935,0.022905452,0.005875433,0.004325614,0.0026094064,0.09628525,0.0017732626,0.0005774196,0.0045017274,0.02617655,0.0883709,0.0854971,0.0040461835,0.00097382267
% HH have access to safe cooking facilities,0.0002876772,0.00059384666,0.00037031865,0.003726489,0.00028675684,0.0009208286,0.008190528,0.00013740569,0.002486512,0.00018631834,0.00041550552,0.0007089386,0.00014208694,0.008328668,0.0069936737,0.0006434373,0.00029354158,0.000695423,9.581572e-05,0.00040790622,0.00020750379,0.0020139236,0.00028590846,0.00030001142,0.00012797432,0.00031852454,0.00028590846,0.00029026618,0.0002826698,0.00028900636,0.00023645826,0.00035366896,0.00020512725,0.00012996062,0.00025198166,0.00022698201,0.0036521992,0.004830302,0.0019019423,0.0018062784,0.0015719999,0.0016655477,0.0010673102,0.0011165991,0.001033261,0.0010949653,0.0020508277,0.0019687149,0.0032728955,0.0031416242,0.0006972511,0.0010304789,0.0008604757,0.0018585677,0.0003934122,0.00027982632,0.007454137,0.095802955,0.07752674,0.08553035,0.062074415,0.9980132,0.32576826,0.9908752,0.00051631074,0.0008092386,0.0001486241,0.0009236905,0.0040186075,0.0066683786,0.00032219206,0.0070565543,0.00044140918,0.000736356,0.0024547502,0.0006437515,0.0006810739,0.00045634294,0.012240451,0.00047380413,0.0003326709,0.00074948906,0.0025036507,0.00976852,0.013223251,0.0025768506,0.0011290075
% HH have private living area,0.0049375324,0.0016083148,0.002240676,0.0003650992,0.0019843553,0.0048588915,0.001845318,0.0005477775,0.0004104168,0.000405127,0.00038993516,0.006562784,0.0017897707,0.0017773573,0.00082361046,0.0029969055,0.00080987706,0.0035986006,0.0015699601,0.0062180106,0.00092727237,0.03038166,0.001184996,0.00088392507,0.00066517096,0.004209304,0.0034558126,0.0008856028,0.0008856028,0.005694772,0.0033255338,0.006057078,0.0009135639,0.00066887273,0.00048456824,0.0004425313,0.00073332887,0.0010251149,0.00020110773,0.00020309014,0.00026111974,0.00025174514,0.00018139738,0.00024151882,0.00017467861,0.00017644564,0.00022464515,0.00022079628,0.0003252982,0.00032736163,0.009893145,0.0037435237,0.0136505505,0.03863879,0.00067206024,0.0010993574,0.34538668,0.9961985,0.9933195,0.9954494,0.91767955,0.99508846,0.9998436,0.34006888,0.0005586487,0.010455749,0.0013755577,0.014204934,0.09121909,0.023940321,0.0011925931,0.0007961495,0.0032415027,0.01272639,0.021719215,0.0045096357,0.0042843777,0.0002340827,0.032039184,0.0009869363,0.00044342218,0.004487338,0.024575284,0.03200369,0.05023476,0.0040937304,0.0010103864
% HH have mosquito nets,0.00039264216,0.00036934437,0.0004211681,0.006097897,0.0002955877,0.000919222,0.022199271,8.850522e-05,0.0015102266,7.0727205e-05,0.00043032048,0.00040072214,7.901996e-05,0.014928267,0.006552375,0.002875224,0.0012953638,0.00086815254,0.00011372949,0.00073623954,0.0001569503,0.0031981543,0.00047034744,0.00037154905,0.00014036805,0.00051465863,0.00047411735,0.00037798472,0.00037455937,0.00048259198,0.00037478417,0.00068201916,0.00034528502,0.00012273215,0.0006412388,0.00017751334,0.0057489676,0.004410744,0.0028707518,0.0026751908,0.0017053231,0.0019921348,0.0016427666,0.0021412903,0.001668069,0.0017565346,0.0013378885,0.0014172189,0.0033976813,0.0021486003,0.0007915955,0.0006818437,0.002069178,0.0031527937,0.00023536818,0.00025207273,0.008685614,0.16731443,0.09731218,0.090104185,0.03289119,0.33414397,0.321333,0.99983895,0.00036915162,0.0008107326,8.8978944e-05,0.0019107411,0.0029916186,0.0054227053,0.000404141,0.007085525,0.000646428,0.00067629677,0.0010795094,0.00064766104,0.00068201916,0.00026951378,0.003621113,0.00047755198,0.00015961245,0.0005285615,0.003593439,0.002367697,0.0037382585,0.00075017597,0.00018454461
Most needed NFI,0.00029189023,0.00015918977,0.0007493968,7.417694e-05,9.0252564e-05,0.0016575445,0.0001541054,0.0056775087,9.208139e-05,0.0036023653,0.0004379465,0.0001521552,0.003554279,0.001778885,0.00988604,0.0029257091,0.015507638,0.008396601,0.021324322,0.00096420053,0.0045469753,0.0009694816,0.00025132336,0.00056783407,0.029216766,0.0002573677,0.0006883222,0.033090785,0.00096237543,0.00057732,0.0002614304,0.00037695788,0.00023773397,0.045792297,0.056172412,0.08025516,0.00060621294,0.0014938203,0.00011237535,0.00016462336,0.00046782437,0.0021932388,0.00046341738,0.00021495366,0.00045541284,0.00018326742,0.00049358146,0.0001809338,0.00017862133,0.00017699669,0.0010241392,0.01757415,0.004177669,0.007942184,0.028373133,0.009409686,0.0014184889,0.00078141,0.00069549045,0.0004916593,0.0012535574,0.0022633849,0.00053143443,0.00032672606,0.99982107,0.0009958032,0.007309754,0.0073737325,0.0005045026,0.0005193475,0.004490603,0.0005872586,0.0049014403,0.0002472377,0.013215889,0.0005792436,0.0006235175,0.00982108,0.0011480316,0.013340261,0.08521627,0.00093826925,0.010855376,0.00096785004,0.0006192905,0.008079594,0.04463671
Location of site main water source,0.013517153,0.0007565558,0.0002862222,0.00014712125,0.002719083,0.0002674067,0.00013874372,0.00023962004,0.00010531517,0.00018906132,0.00011600453,0.0022409216,0.00048692757,0.0015697472,0.00044751723,0.0026419372,0.023049207,0.02660384,0.004858079,0.0018383964,0.00084908115,0.0022521054,0.0002168137,0.00018300177,0.002046632,0.00045263855,0.0008866726,0.0004603963,0.00018375131,0.0007318108,0.0007818644,0.0004491457,0.00018272045,0.0015719495,0.017818118,0.0048969327,0.00035146397,0.00021317802,0.00012569898,0.00010406266,0.00010459597,0.00010333059,0.00012232605,0.00012084587,0.00010499116,0.000104982726,0.00010459597,0.0001081193,0.00028394448,0.0003955925,0.00068972056,0.015334452,0.00067576324,0.036138058,0.0054270835,0.008332559,0.010386238,0.02174807,0.010706348,0.0072185807,0.009261587,0.048609942,0.04372418,0.003315508,0.0016569387,0.99986875,0.07741641,0.019112084,0.005418304,0.008460687,0.062055353,0.0008597487,0.008506405,0.00084200146,0.013578956,0.0021929736,0.0025707977,0.0015051436,0.0019638443,0.0020170144,0.014277697,0.0007934947,0.0003478126,0.00076968956,0.00081778027,0.06826295,0.007694623
Main drinking water source,0.0006714998,0.00015926025,0.00037628238,0.00011631218,0.00014643518,0.0006354125,0.00014941712,0.008706351,0.000107770036,0.003619951,0.0002795137,7.276239e-05,0.0015491936,0.000675656,0.0038504787,0.0025405476,0.0008402896,0.0029195177,0.077661596,0.0005981707,0.0015694683,0.0006438846,0.0005358121,0.0004855839,0.028675348,0.00053340365,0.0009039921,0.0003648645,0.00049207266,0.0005695834,0.0007584763,0.00074353564,0.00015102753,0.015865413,0.004645812,0.05964583,0.0005058103,0.0016592368,0.00010676093,0.00019044614,0.00012085815,0.0001576565,0.00012264623,0.00027473448,0.00015144733,0.00027213962,0.00029825864,0.00038812368,0.0002559274,0.00026009307,0.0006272212,0.01272057,0.0018518273,0.006225994,0.018858278,0.013439821,0.0005389682,0.001126452,0.0011393393,0.0006252129,0.00038341508,0.0006668084,0.0006723532,5.6896482e-05,0.020393012,0.07296142,0.9996475,0.010033021,0.11168674,0.011601086,0.0056062,0.00075180555,0.02531136,0.00088945235,0.011667496,0.0008596964,0.0008470121,0.003360115,0.00079738325,0.021132994,0.24986026,0.0020049468,0.00045278133,0.000960446,0.0009202211,0.004321745,0.020369153
Avg amount of water available /day/person,0.0003484892,0.00082822045,0.0002056063,0.0001393523,0.0005073248,0.0011321815,7.0098584e-05,0.0057932492,0.00024322952,0.000812978,6.96197e-05,0.002361137,0.0009647506,0.0010634188,0.00076359115,0.0029652552,0.0024995264,0.0019326785,0.0025256549,0.0005742275,0.0014157704,0.000350117,0.00029812736,0.00030745147,0.00929922,0.00030351046,0.00038792175,0.00021790544,0.0003229804,0.00021165104,0.00022346128,0.00020978728,0.00024165523,0.005766852,0.0013926832,0.0035666502,0.0024091979,0.0017778116,0.00037891336,0.00050164387,0.00045157876,0.00042273809,0.0004434089,0.00043402,0.00047269804,0.0004340724,0.00044082216,0.00044898596,0.00040743014,0.00041361025,0.000394931,0.0043391045,0.0017372997,0.0017168862,0.0010122721,0.0029971018,0.011326365,0.0059257303,0.025164345,0.018201912,0.049981028,0.015452995,0.012177368,0.0012528311,0.007242331,0.00931503,0.008163632,0.99989426,0.002255529,0.0075878473,0.014867787,0.0027234268,0.03385579,0.0006159767,0.13329397,0.0005700127,0.00061338156,0.0029202641,0.00029843595,0.008778098,0.02581907,0.0005867663,0.01594072,0.0004422681,0.0006178513,0.109326,0.014630188
Is drinking water potable,0.0025270332,0.006223583,0.09025049,0.00028258876,0.00058359193,0.001129609,0.0007703228,0.00023955588,0.00074391236,0.0001485636,0.0013252746,0.0041820384,7.527324e-05,9.6535674e-05,0.000114633,0.019599073,0.0025513154,0.14672227,0.00045904066,0.88420624,0.014174148,0.970391,0.9786024,0.6048552,0.0026622158,0.8747745,0.9817856,0.91201764,0.9283453,0.95542186,0.8290565,0.8359689,0.47088367,0.0019619018,0.0018283434,0.0007204382,0.0007179442,0.0008303034,7.88107e-05,6.704503e-05,9.2131166e-05,0.00035820465,8.553041e-05,0.00033633906,8.575385e-05,0.00016525039,0.00014327063,0.0001239942,0.00017762442,0.00037641547,0.6875246,0.010203977,0.06765217,0.0030783275,0.00046327844,0.0018331051,0.021527778,0.034071617,0.058550037,0.06621995,0.048572995,0.028777923,0.095808804,0.0024959783,0.0004477756,0.0062935897,0.1379046,0.0035782233,0.99979377,0.7712041,0.0028832294,0.0003630977,0.008053973,0.98700976,0.004357807,0.9884234,0.9739057,0.14409477,0.98279893,0.0046511437,0.0017667215,0.98379856,0.03631796,0.98877597,0.9890948,0.00046210145,0.0064688534
Complaints about drinking water quality,0.0016465175,0.004748738,0.047109243,0.00057875563,0.00055123604,0.002132477,0.00036053092,0.00031021578,0.000648507,0.00013895008,0.00087629724,0.0031576895,5.816891e-05,0.00011419872,0.00014952208,0.005020284,0.00044603407,0.08601153,0.00012993648,0.82842004,0.055391308,0.5883806,0.15511085,0.3233188,0.0017956392,0.6048981,0.18849267,0.19955157,0.107456416,0.49448103,0.8754313,0.38966298,0.5728939,0.0012358185,0.0013229996,0.00071112363,0.00013239002,0.00039200165,0.00014334534,0.0001222266,0.00010993598,0.00010110746,0.00010914121,0.00010143252,0.00011844682,0.00010145807,9.702666e-05,0.0001639838,8.479325e-05,0.000600363,0.9038633,0.0123359645,0.14405942,0.0028724482,0.00031218224,0.0016141108,0.116516255,0.037506476,0.03811676,0.03759501,0.28781104,0.03865937,0.018430833,0.0029530916,0.00042120085,0.0061053,0.01403371,0.0069825477,0.79386735,0.9998008,0.0029033097,0.0003959637,0.0070794667,0.90768707,0.031537406,0.7298948,0.87796795,0.01869868,0.49886152,0.0029414906,0.001830779,0.9102018,0.0179554,0.5486472,0.59427154,0.00046079024,0.007528687
Condition of most of the toilets,0.0006902717,0.0010578883,0.00039265596,0.0001101653,0.00022148601,0.0028176305,5.619674e-05,0.0006488714,0.00019610893,0.00027145597,0.00016179448,0.00072146056,9.648942e-05,0.0041747256,0.0007414196,0.014158392,0.0038188258,0.0065921443,0.0064177494,0.003580067,0.00088961225,0.0034000857,0.0004121055,0.00041390499,0.0015834592,0.00041390499,0.00043225716,0.00042023644,0.00041811558,0.003024168,0.0039561973,0.0020109878,0.00041602584,0.0017177595,0.01983388,0.06922021,0.002725876,0.00487499,0.00086210633,0.0006050791,0.0006916907,0.00072987675,0.0005392488,0.0007074194,0.00059122493,0.0007057185,0.00069294224,0.0006059268,0.0009093506,0.0007959986,0.0038309905,0.029799527,0.0020358004,0.02681156,0.020933108,0.07500579,0.0050438736,0.0012639208,0.0016851117,0.0016283083,0.0017611962,0.0018014171,0.0016983801,0.0004372974,0.0022972065,0.07048774,0.02596263,0.0123585705,0.0037307488,0.0031785716,0.9996959,0.30344692,0.016346205,0.004621207,0.11373714,0.0102928,0.026198687,0.010727963,0.011859487,0.009410583,0.036933165,0.004386159,0.0112516275,0.0040498227,0.00359493,0.02744592,0.005623524
# of functioning toilets,0.00028116876,0.00030745898,0.0005541255,0.07193111,0.00019995534,0.00019264212,0.0028906069,7.094132e-05,0.002357735,8.927321e-05,0.00066873344,0.00056713686,7.803343e-05,0.11109749,0.026682243,0.00024071173,0.000102163474,0.0010137708,0.0009232063,0.0009996458,9.4553696e-05,0.0016867738,0.00016689341,0.000120550765,0.0002795838,0.00014363813,0.00017520977,0.0003488538,0.00036065778,0.0027109964,0.001269529,0.0004537914,0.00014397004,0.0011341063,6.619535e-05,0.0004031435,0.17204013,0.13243213,0.26324382,0.15885966,0.04748753,0.079557374,0.048076343,0.04903089,0.047354836,0.058212772,0.04386376,0.029763775,0.7990656,0.5701806,0.00057474023,0.00017713035,8.848673e-05,0.00039328463,0.0004873064,0.00029637045,0.000356315,0.0022482616,0.0018595596,0.0019033679,0.0011702124,0.0022186758,0.0021615762,0.047955092,0.00020136591,0.0012044305,0.0005254781,0.003568322,0.00044365623,0.0009542785,0.18946905,0.9997277,0.0009568925,0.0007926577,0.014399253,0.00068431586,0.0058963057,0.010266391,0.0004217602,0.005779049,0.0015571001,0.003411395,0.000540198,0.0005198448,0.0002779065,0.003992817,0.00067995215
Main garbage disposal,0.0048539992,0.000808519,0.00020899992,5.644311e-05,0.0011689337,0.0011629934,0.00016698528,0.0026250621,0.00020684412,0.006153852,0.0011369337,0.00089159457,0.00023711982,0.00051320146,0.00025032577,0.033854347,0.0013466395,0.044478603,0.03504522,0.007492666,0.0018926762,0.00577207,0.0058345343,0.0059728445,0.120535046,0.004279949,0.0059137214,0.003962369,0.0010797164,0.007315856,0.005463,0.0057886383,0.00045691492,0.06946079,0.015339378,0.010148093,0.00035470375,0.0007180006,0.00013558485,9.115506e-05,9.1855734e-05,7.783923e-05,9.373392e-05,7.978921e-05,9.18566e-05,7.983032e-05,0.00017215397,0.00016123193,0.00020342314,0.00024153567,0.008740535,0.39299035,0.007946121,0.07471507,0.0036143651,0.014410717,0.0025058857,0.0023870072,0.002474231,0.002340737,0.002133157,0.0022017742,0.0024254809,0.00046911516,0.016079022,0.0060756495,0.015566729,0.06689103,0.008104934,0.0069984663,0.014004044,0.00046935433,0.9998134,0.1364692,0.10977311,0.0073204516,0.006182379,0.0064058616,0.0060231783,0.13968022,0.12821588,0.0057826363,0.050869763,0.007801606,0.0065995026,0.0029152553,0.07723175
Garbage and solid waste problem,0.0015682786,0.0039294367,0.01636828,0.0004038191,0.0005862186,0.0019519783,0.00056309067,0.00029147114,0.0008543064,0.00015419489,0.001205677,0.0054632127,7.548459e-05,7.1014605e-05,0.00013120609,0.0028330684,0.004504059,0.1913606,0.00031578675,0.9810385,0.06593659,0.89619404,0.97562695,0.8039767,0.0020191576,0.94629294,0.9711874,0.94403356,0.972161,0.9578049,0.94862986,0.97983193,0.7955832,0.002090223,0.005040617,0.000524091,0.0007067723,0.00075950124,0.0001379247,0.00010555693,0.00021203738,0.00046942435,0.0002124332,0.00046942435,0.00021199576,0.00048139677,0.0002550159,0.00022653285,0.00054391846,0.00046794748,0.9858306,0.004592263,0.37549174,0.0047514476,0.00044761456,0.0034839509,0.22214267,0.006649699,0.0066101663,0.023319107,0.2284003,0.00634012,0.013027323,0.00067629677,0.00016611804,0.00085817213,0.0012261136,0.0012882914,0.96768034,0.94392157,0.002849109,0.0008016428,0.13130593,0.9998083,0.056816775,0.9859288,0.9866132,0.15072022,0.9203434,0.0030486356,0.0012577513,0.96158916,0.046747673,0.8184038,0.8064139,0.000766065,0.006394294
Availability of hand-washing station,0.0003390083,0.00046592468,0.000247302,0.000108755914,0.00017257335,0.0012942924,9.8765624e-05,0.021609291,0.0001372561,0.0029691574,9.260386e-05,0.00035629238,0.0007316605,0.0013056346,0.0008043114,0.01696978,0.0011389264,0.020074118,0.002372798,0.07787428,0.5945986,0.008984271,0.041332982,0.012423801,0.013175047,0.022755977,0.0007512639,0.0041790567,0.0034868314,0.0041305767,0.071436055,0.0714575,0.009540501,0.0073853447,0.011985856,0.0017676351,0.00202319,0.0025584279,0.00028450415,0.00017656585,0.00017424517,0.00018213502,0.00017424517,0.00018213502,0.00017397875,0.00018174676,0.00016946554,0.00021577695,0.0003040688,0.0015247423,0.070992135,0.032808106,0.37172267,0.014597021,0.0017413897,0.023069853,0.308509,0.15766573,0.030006206,0.028709123,0.4127416,0.014886567,0.044315398,0.0012285894,0.0062139034,0.021480912,0.0024158366,0.1335628,0.003660294,0.059016198,0.03053462,0.0040356345,0.027195452,0.038146168,0.99933356,0.010906721,0.037140936,0.0029243045,0.0052476977,0.058832496,0.008280419,0.039423477,0.0331024,0.0052666957,0.0061315713,0.03753666,0.14135028
Hygiene promotion campaign,0.0016314375,0.004065798,0.009355794,0.00042902862,0.0005509349,0.00151524,0.0005968213,0.00036230954,0.0006364422,0.00015488193,0.0007187087,0.0055191326,8.00892e-05,7.5052805e-05,0.00015567428,0.030897422,0.0038357934,0.14970939,0.0003056904,0.99072,0.035284135,0.8432663,0.96860343,0.6848868,0.0021105297,0.9767171,0.9629602,0.87167495,0.704334,0.96300995,0.98291814,0.9798372,0.8056763,0.0033437998,0.0008377667,0.00055393757,0.00056506816,0.0007501003,7.542288e-05,0.0001062896,0.0002261659,0.00034339586,0.00022890278,0.0004761661,0.00027101286,0.00045024112,0.00036462475,0.00036379157,0.00069057196,0.0007003342,0.9675511,0.0051584933,0.15181054,0.0025041553,0.00052228227,0.004753116,0.21306375,0.0061294413,0.0066953334,0.0048316806,0.121686265,0.0047574225,0.004677171,0.00070872,0.0005096821,0.0022409605,0.0010441946,0.0012979857,0.69335866,0.97447985,0.0073195165,0.00052798685,0.0070302077,0.97357565,0.06254304,0.99967456,0.9863468,0.10880162,0.74667394,0.0032748978,0.0012030056,0.975122,0.01641551,0.7092309,0.45229778,0.0022198542,0.0064590364
Evidence of open defecation,0.0016792214,0.004201439,0.080374256,0.00026429453,0.0005862186,0.0012447255,0.00027266832,0.0002872603,0.00062671443,0.00013180122,0.00087816175,0.0049265847,5.8455575e-05,7.094147e-05,0.00013351253,0.0026370934,0.00065620727,0.20453523,0.00013357936,0.9695851,0.06505053,0.92955256,0.91579574,0.80258965,0.0023839944,0.79561865,0.8034023,0.8024181,0.8219284,0.96400064,0.96789193,0.943141,0.7465651,0.0024237565,0.0025834562,0.001496601,0.0009203997,0.0011081133,8.380608e-05,6.7637106e-05,0.00026036863,0.00032584727,0.0002077698,0.00025152776,0.00020311681,0.00021359847,0.000519397,0.0005288241,0.0011095232,0.0006880517,0.9705047,0.005609019,0.021781338,0.004048926,0.00044617904,0.003490258,0.25202712,0.0050618667,0.004974769,0.010804996,0.12909666,0.0060339123,0.004347583,0.00068065454,0.00042119517,0.0026614224,0.0011663479,0.0012636231,0.96830523,0.87685454,0.014323986,0.005966624,0.0056971805,0.9865517,0.05586461,0.9935977,0.99980783,0.29927227,0.9126726,0.008063618,0.0013110057,0.99362946,0.006379823,0.9682541,0.97434926,0.004537404,0.013938972
Access to food,0.002088054,0.0017801266,0.007556801,0.00018396598,0.00082157156,0.00335377,0.00030477447,0.005157389,0.0006946616,0.0005397276,0.00068508426,0.0025689765,0.00025911807,0.0050168624,0.0070296116,0.043428153,0.0057272087,0.026019646,0.033286586,0.02798473,0.119380765,0.22857396,0.1872133,0.2289156,0.03015614,0.30634,0.2902944,0.029499672,0.4947985,0.18680534,0.29334852,0.32162964,0.23232184,0.098242335,0.02193672,0.00094295444,0.0035021522,0.006950256,0.0018163963,0.001127133,0.004040811,0.003272317,0.0038942092,0.0038125848,0.003933849,0.0038605868,0.0034274785,0.0010901164,0.0013683845,0.00208634,0.03496901,0.020909335,0.029075295,0.03393751,0.012128862,0.016892843,0.0004884501,0.00012943537,0.00018727971,0.00029553846,0.005265787,0.007060818,0.00019007592,0.00025004492,0.008196145,0.0021822012,0.001433113,0.0054456554,0.37469095,0.02211521,0.02156201,0.005763432,0.0056729545,0.25711584,0.003019711,0.24560778,0.3296799,0.99982446,0.38288143,0.23049349,0.016964374,0.3046783,0.006989279,0.32693163,0.44045833,0.0004239493,0.022445789
Access to market near from the site,0.0021226443,0.008414151,0.1450286,0.00028258876,0.00075159984,0.0011707679,0.0007555976,0.0002446823,0.00087580166,0.000169115,0.0012996377,0.008874167,7.474318e-05,0.00013424562,0.00017159146,0.034110267,0.0005331903,0.22466052,0.0013658797,0.94806445,0.0031978271,0.98590714,0.7208213,0.47932494,0.00188144,0.7689618,0.932884,0.514359,0.6960766,0.9299712,0.74747384,0.5293673,0.1693938,0.002865903,0.001582922,0.0007374708,0.00042189183,0.0006554239,7.876005e-05,6.347759e-05,6.465432e-05,9.736298e-05,6.465432e-05,9.736298e-05,6.386714e-05,6.4531436e-05,0.00010881637,0.00029893118,0.0001283003,0.00025727626,0.73699385,0.0133441575,0.04569602,0.009236976,0.0008520083,0.00264122,0.020268181,0.020927465,0.038588077,0.039651833,0.18272975,0.08839738,0.050625697,0.003775746,0.001122824,0.004850179,0.0012800443,0.0022786185,0.9829296,0.50913036,0.009510847,0.0002270941,0.0064937477,0.93454844,0.0039700815,0.98036826,0.9295535,0.20529647,0.9998011,0.0039705285,0.0016632071,0.9361381,0.018710628,0.98911124,0.9932777,0.00050101755,0.006687672
Frequency of food distribution,0.00045594282,0.0015387223,0.0010969243,9.454523e-05,0.00032071263,0.0021702978,9.265986e-05,0.009247651,0.00036081206,0.0012188934,0.00026049567,0.0007173291,0.0003005997,0.0027380679,0.00047962263,0.0018732003,0.0012331718,0.090816274,0.0007997687,0.00042792913,0.0049598287,0.01007253,0.00040987576,0.00017622566,0.2226717,0.00024711198,0.0024395073,0.0016225141,0.0047096466,0.0028969154,0.001696559,0.0020595002,0.00043068614,0.069885366,0.00023324926,0.003564138,0.003285524,0.0021592355,5.7445646e-05,0.0002862018,0.00029578962,0.00033111934,0.00029372337,0.00030620588,0.00028926626,0.00029835993,0.00038982864,0.0003884292,0.0002771853,0.00027616485,0.0020393252,0.09864302,0.011392229,0.058372635,0.0031811928,0.016124535,0.0017061888,0.0018122044,0.00087020505,0.0010250664,0.0010439276,0.003802293,0.0021577773,0.0006350357,0.0029421258,0.0016136342,0.004384174,0.02985403,0.0057742205,0.0044140704,0.05413626,0.005876435,0.14521612,0.0013408146,0.29443285,0.0049180943,0.0038747545,0.13155264,0.004454515,0.9989771,0.024630053,0.009736952,0.0028983445,0.0045442693,0.005071755,0.010942397,0.08583649
Most common source for obtaining food,0.00014333302,0.00015523679,0.00017914873,3.3453398e-05,0.00013833576,0.0011628801,4.625066e-05,0.015990049,4.3799286e-05,0.007189291,9.30096e-05,8.193656e-05,0.005201304,0.00021549963,0.0008845313,0.0007237101,0.0015337719,0.0008075664,0.0029883387,0.00036249144,0.0016928354,0.0006553176,0.0001359587,0.00031763117,0.054269996,0.00013676587,0.00046733973,0.00013730869,0.0013538785,0.0005444552,0.00054180255,0.00066464517,0.00013730084,0.05555938,0.0014569099,0.21901046,0.0006690977,0.00048362065,6.464068e-05,9.924666e-05,0.00010387736,0.00010559439,0.000103731014,0.00010559439,0.000103512924,0.00010387736,0.00010387736,0.000106398635,6.9420465e-05,6.9420465e-05,0.00047627807,0.018119415,0.0003130465,0.0050569256,0.034963164,0.008050011,0.0016304976,0.00053991354,0.0014972502,0.0013822168,0.0013817566,0.0017228276,0.0015835208,0.00015682392,0.17320882,0.011048704,0.30579144,0.015695173,0.0010534746,0.0010781694,0.024942204,0.00083743857,0.041505136,0.0007855342,0.14013813,0.00093953946,0.0007831603,0.02192954,0.00096891465,0.21320993,0.99351925,0.0034149713,0.018138831,0.0009338328,0.00095630175,0.007445594,0.013358293
Screening for malnutrition,0.0015358644,0.017574966,0.046786323,0.00042902862,0.0005509349,0.0015829863,0.0004167548,0.00034674484,0.0006364422,0.00012886594,0.00081295415,0.002972634,5.7397578e-05,7.5052805e-05,0.00015696736,0.021526229,0.0006390181,0.14695084,0.0002466084,0.9692443,0.034488067,0.7662987,0.91773516,0.9259126,0.0023808025,0.9823213,0.95454025,0.8733427,0.9734553,0.92370045,0.96743405,0.9821921,0.9442569,0.0024738314,0.00077974616,0.00037405675,0.00063178723,0.0008875347,7.542288e-05,0.0001062896,0.0002261659,0.00025313284,0.00022890278,0.0004769082,0.00027101286,0.00045065256,0.0002480897,0.00024496566,0.000715866,0.0006904225,0.96246254,0.020669956,0.18528935,0.0033819072,0.0004916606,0.0048430297,0.21853358,0.0045087254,0.006714401,0.005203282,0.09426504,0.0051976545,0.004635988,0.0005278547,0.0007876188,0.00080218463,0.0027021172,0.0013350769,0.7519999,0.97728467,0.00714185,0.0017168057,0.0055648205,0.9094288,0.057411745,0.95969236,0.9864958,0.16938008,0.6736038,0.007072317,0.005188622,0.99978346,0.013925479,0.7290132,0.57258755,0.0010981485,0.006799716
Most health problem,0.0036946824,0.026925843,0.011936637,9.1289054e-05,0.0011823947,0.10109265,0.00090788474,0.0032670265,0.0022774367,0.0004983575,0.0008951317,0.016235232,0.00016682604,0.00069612305,0.0005485929,0.27557918,0.014475953,0.09393117,0.006463115,0.02375984,0.012173713,0.030684248,0.023929566,0.008917924,0.006714677,0.1571028,0.017350888,0.0012379565,0.014734845,0.01790672,0.015197916,0.02328141,0.01251357,0.023790715,0.00044301045,0.009158692,0.0005795527,0.00020858379,0.00029425015,0.00021939211,0.00042803006,0.00015658524,0.00034099174,0.0004195198,0.00033568538,0.00041975637,0.00012959586,0.00012836004,0.00086424255,0.0007295888,0.02384876,0.016636804,0.1533073,0.0064106085,0.0006394861,0.012981634,0.014185957,0.016296167,0.014593438,0.028221685,0.023047363,0.017668467,0.013957525,0.0023366432,0.014777762,0.0007031041,0.0030603376,0.01746372,0.13026752,0.10713897,0.048657257,0.0008256354,0.14072269,0.10551299,0.05656845,0.029111693,0.014438954,0.08386343,0.022412075,0.0022414569,0.018767307,0.024419297,0.99986035,0.017941756,0.10095893,0.009539727,0.42708853
Regular access to medicine,0.0015682786,0.0031487937,0.10313253,0.0002577197,0.0005862186,0.0018838196,0.00037887957,0.00024067007,0.0007467784,0.00016545417,0.0011637511,0.0038145077,7.6273616e-05,6.7151144e-05,0.00016014176,0.003436993,0.0006390181,0.14298569,0.00011573294,0.9379827,0.01697015,0.9853688,0.88118935,0.84735733,0.0026310522,0.9689215,0.97259194,0.87319964,0.9123757,0.9786507,0.94814754,0.93199253,0.66320044,0.0021978088,0.0011962061,0.0005244502,0.0005366727,0.0011349214,7.089438e-05,6.0440892e-05,0.00010615622,0.0005261957,0.0001067387,0.000537091,8.861049e-05,0.0003026798,0.00020258028,0.0002443581,0.00045801426,0.00040235376,0.92016155,0.0053527122,0.09435499,0.004255616,0.00233339,0.0039985157,0.11858173,0.008627926,0.009316376,0.0026968375,0.073988505,0.01526684,0.006129762,0.0005527042,0.0007873059,0.00084826886,0.0011895892,0.0012471235,0.9877733,0.7098835,0.0029162068,0.00028136026,0.008374063,0.9683325,0.040507264,0.98948115,0.9852586,0.3564716,0.9910028,0.0035677883,0.0012645244,0.99037325,0.0075686863,0.9998083,0.99601185,0.00064025505,0.013544639
Access to health facility,0.001711636,0.008036563,0.08371561,0.00027708436,0.0005868303,0.0016900738,0.0007208434,0.00023135399,0.0005536379,0.00016097359,0.001437906,0.005344187,8.12831e-05,0.00013528444,9.76809e-05,0.024890935,0.0030054096,0.31718567,0.0005590962,0.95070785,0.011286938,0.99250543,0.96865016,0.91750807,0.0019628773,0.96601635,0.9842313,0.6166077,0.7185516,0.9491286,0.57192695,0.90347433,0.62132865,0.003290812,0.001563971,0.0006679158,0.00253499,0.0010377809,0.0002664213,0.00018697692,0.00017975627,0.00037986878,0.0001729309,0.00018042825,0.00067368976,0.0002305296,0.000462315,0.0014083078,0.00016219498,0.0012209658,0.63382757,0.014486218,0.061075218,0.0032423232,0.0026111635,0.002961086,0.01485326,0.049972728,0.05560085,0.057741478,0.15891328,0.08194257,0.047164544,0.0036045506,0.0006921612,0.0011249608,0.0012267448,0.00226982,0.9893361,0.5179909,0.0034261567,0.0003009516,0.00659671,0.9577523,0.004265559,0.9835198,0.97496116,0.3629193,0.9921524,0.0043235384,0.0015668441,0.9642575,0.12551115,0.99567944,0.9997998,0.0362733,0.064318426
Location of health facilities,0.0021162366,0.00017035202,0.00024802922,9.200478e-05,0.0009993971,0.0014062531,0.00029706457,0.000272084,4.7968442e-05,0.0004123884,8.8274755e-05,0.0005101879,0.0018345945,0.0057462784,0.0028089744,0.0013485998,0.002090183,0.0014046711,0.0020865367,0.00038789198,0.0005914931,0.0017788678,0.00022654208,0.00018895745,0.017862385,0.001214783,0.00031528441,0.00018895745,0.00022688902,0.00049498555,0.001327742,0.00031520214,0.00018554697,0.041835062,0.0014567326,0.015251785,0.0029671537,0.0067474083,0.00017564239,0.00041171885,0.00035287693,0.0003978643,0.00034978043,0.0003978643,0.0003515666,0.00034218043,0.00041125008,0.0004188735,0.00023489996,0.00028129,0.00038922665,0.0023661493,0.0024053608,0.009851034,0.003099116,0.020735402,0.008221065,0.004879215,0.0045461436,0.008346208,0.006285102,0.017558187,0.0046644667,0.0003397491,0.0040749316,0.023172747,0.008436073,0.02820551,0.00060196954,0.00059549627,0.048726555,0.0097520435,0.0085645635,0.00040515207,0.06367497,0.0013298612,0.002374975,0.00040183004,0.0009412753,0.009516278,0.011078593,0.0005534503,0.013861936,0.0005051629,0.058808338,0.99981326,0.016974062
Main provider of health facilities,0.00032780707,0.00044852524,0.0003873889,6.466505e-05,0.00019796111,0.0020944597,0.00011443655,0.0049540503,0.00018486191,0.002040106,0.0007687425,0.0004686099,0.00031360902,0.0005526855,0.00017162804,0.0036497186,0.0022732832,0.15704882,0.00056142075,0.010093608,0.010651549,0.008414285,0.0012663384,0.002065759,0.13925384,0.026379269,0.0019676362,0.0012717508,0.0011915478,0.0071821874,0.0066358275,0.006227087,0.001997906,0.067848824,0.006325241,0.0019229054,0.00811589,0.015921924,4.0509705e-05,0.00019868062,0.00020812693,0.0002288651,0.00019641552,0.0002288651,0.00019620072,0.00020871997,0.00027448052,0.00027771114,0.000103088736,0.00027399178,0.007638329,0.061298467,0.014193857,0.05160209,0.002771641,0.015332215,0.002419422,0.0013952999,0.0015020497,0.0014041695,0.0015161787,0.013089682,0.0015551668,0.0006244101,0.031170445,0.0066804024,0.015258213,0.010257147,0.010140112,0.0075050923,0.017660864,0.0021964419,0.07323576,0.012131024,0.38630152,0.008668419,0.029807247,0.006053874,0.008389038,0.22992729,0.021677844,0.008245754,0.2994733,0.020546172,0.10748718,0.16618101,0.99920976
Access to education services,0.00907921,0.009123947,0.38913447,0.0014043704,0.0016351268,0.0024230145,0.010677406,0.00026785885,0.0015192148,0.00013634772,0.004173792,0.007893125,8.034694e-05,0.00012915749,0.00013514892,0.016471524,0.00034656693,0.105645895,0.00033094527,0.9211363,0.0005559031,0.98500323,0.88471705,0.7977745,0.0015116879,0.8205898,0.94916034,0.66277343,0.6922132,0.96732736,0.8813245,0.90263575,0.6952249,0.0027564182,0.00055967655,0.0005739491,0.00065873784,0.0005897825,0.00019764775,7.635426e-05,7.299787e-05,7.418267e-05,7.431787e-05,7.418267e-05,7.302661e-05,7.418267e-05,0.00011884176,0.00015649975,0.00024657,0.0006885274,0.615029,0.0022952165,0.047344934,0.002004951,0.0010183402,0.00091392995,0.0033981348,0.0054187058,0.005364633,0.0035763362,0.02346455,0.013343935,0.0031427215,0.00041973038,0.0005640887,0.0018132823,0.000977287,0.00020510961,0.9838091,0.422429,0.0012515364,0.00028509367,0.0008589191,0.92452973,0.0013718194,0.9655261,0.9546166,0.08124123,0.98817784,0.0019708977,0.0004627149,0.9262813,0.003064556,0.9917896,0.991992,0.0011672165,0.0019771366
Location of education facilities,0.0039944416,0.02563878,0.115853086,0.00029932547,0.0013236023,0.09276446,0.0007491457,0.004481139,0.0010756357,0.0005789562,0.0004597879,0.014370426,8.439102e-05,0.00042229652,0.00063934963,0.017276736,0.0021357415,0.4322097,0.0021027212,0.020906873,0.0018831799,0.1140114,0.003284048,0.001534845,0.00441023,0.0015947598,0.005318313,0.0020993669,0.0021473826,0.040993694,0.19347313,0.015644336,0.002056867,0.008334221,0.0046236645,0.0047676153,0.0001411202,0.00017528035,6.103901e-05,5.484596e-05,6.905208e-05,5.168893e-05,7.159704e-05,5.1480867e-05,7.3719144e-05,7.056485e-05,3.7891958e-05,4.435107e-05,6.317822e-05,7.3652474e-05,0.021614283,0.0795267,0.23617333,0.014549907,0.0017172268,0.009674126,0.15563248,0.02985767,0.028837737,0.030422032,0.031991802,0.14817983,0.046207685,0.0047501926,0.0016360483,0.016708108,0.0035692707,0.005017165,0.051669147,0.07421889,0.08622145,0.0006319519,0.032976974,0.03323247,0.046320364,0.119155325,0.08331947,0.028111631,0.052256677,0.053096678,0.0058735427,0.031495377,0.0581264,0.035653867,0.19110052,0.008215615,0.09817844
% of children attending school,0.00089699886,0.00056506,0.0002853541,0.00017882092,0.0006387484,0.0005796738,0.00017900237,0.0013407287,0.00018534242,0.0005950007,0.00014957752,0.0009693561,0.0005735419,0.016990244,0.007826408,0.0033308994,0.0021134745,0.0017458588,0.001075717,0.0013773941,0.0013088915,0.0027828717,0.00032025058,0.00029192882,0.008333659,0.0010052887,0.0012234721,0.0002986226,0.00029710482,0.001486128,0.0025964635,0.0015577996,0.00032856473,0.008370658,0.0049783466,0.00068669446,0.021652367,0.003312964,0.0021475423,0.0013907122,0.0015855917,0.001878998,0.0014609884,0.0018086624,0.0014359079,0.0015066782,0.002275889,0.0021768876,0.0073399586,0.0095754275,0.0015205184,0.0076796073,0.0028708025,0.011522263,0.0011518232,0.0034518433,0.00925458,0.4844666,0.47794184,0.46759677,0.0108541865,0.5899722,0.63141423,0.023009634,0.010140945,0.035791498,0.00067210704,0.2419442,0.0023316115,0.0032870136,0.022689113,0.023786273,0.008326138,0.0013858266,0.060261365,0.0016807534,0.00448266,0.009703122,0.0012922703,0.026270943,0.0066182637,0.0026150513,0.007821631,0.0028249198,0.002165186,0.22262058,0.016785292
Occupation of majority of IDPs,0.00033341054,0.00040695007,0.0003813451,4.7022266e-05,0.00015761564,0.0042572133,7.583726e-05,0.0207774,0.00016543451,0.0056431666,0.0002435278,0.00020890572,0.0006144189,0.0009473727,0.0011918915,0.0027473925,0.0014439394,0.01106743,0.0033783128,0.0019196528,0.0014679069,0.004956051,0.00035374926,0.0011561667,0.02516483,0.0007650558,0.00039476025,0.0007885726,0.0011511673,0.0022312836,0.003404277,0.0016083911,0.00035484543,0.020471878,0.04300647,0.036405075,0.0024801882,0.008983022,0.00010523532,0.00021872915,0.00017482537,0.00017448602,0.00017482537,0.00017448602,0.00017648886,0.00017448602,0.00022141686,0.00094563694,0.0001860354,0.00021236217,0.004868096,0.27334452,0.004007546,0.009830098,0.0111246,0.0036521966,0.0015221109,0.00038240207,0.0003783693,0.00036983474,0.00027762976,0.0047779097,0.0038955524,0.00026084748,0.065121606,0.0097347135,0.04834115,0.024007969,0.0013208924,0.0020840326,0.04500976,0.007944851,0.13381378,0.0019002411,0.06726711,0.0044695013,0.008678984,0.02322316,0.0023563327,0.29616693,0.13264981,0.0032927226,0.0037777931,0.0021453646,0.0023328308,0.009702674,0.040445775
# of HH with source of income,0.00020288992,0.00031382483,0.00069181673,0.35402882,0.00027927142,0.0001450678,0.004002267,7.246103e-05,0.0014066754,8.981739e-05,0.0007671235,0.00058934407,0.00013078241,0.05713351,0.041299682,0.00016372203,0.00010482754,0.0006575892,0.00072625384,0.0010509256,0.0002810396,0.0005630435,0.0010738713,0.00012770072,0.00021267081,0.0012883807,0.000682163,0.00050102983,0.00018277201,0.0005298331,0.00017939798,0.0006443024,0.00013140313,0.00046263656,3.2968877e-05,0.00086027867,0.22010252,0.07481629,0.7586607,0.5179787,0.059095167,0.048602432,0.06514428,0.045105234,0.050864287,0.035133198,0.035836298,0.05552421,0.6865247,0.9689544,0.0007615566,0.00024458673,0.00022708008,0.00036150368,0.00066563406,0.0010865335,0.00056255376,0.008726966,0.0015358024,0.0041076117,0.0034571362,0.0024638274,0.0029092373,0.053098854,0.00052631216,0.002314411,0.0017975569,0.0035627293,0.00038144755,0.0012416472,0.01508953,0.95118964,0.0009011894,0.0012169775,0.009448536,0.0010157755,0.0028949128,0.006129305,0.0006731956,0.0015271633,0.007548855,0.0008334847,0.00085820025,0.0006753642,0.00053502613,0.0035044476,0.0019426727
Access to income generating activities,0.007999493,0.005909369,0.07110132,0.0013967613,0.0015330992,0.0025703171,0.004160743,0.00026785885,0.0015350515,0.00013634772,0.0020934525,0.007474228,7.249804e-05,0.00012915749,0.00013514892,0.009156353,0.00033611897,0.05302737,0.00012821164,0.9370639,0.00056561525,0.9898754,0.70852137,0.5634566,0.0011748805,0.5653688,0.8463051,0.6637696,0.85820425,0.8410025,0.7016718,0.74541384,0.2282383,0.0011294758,0.00028201914,0.0005464516,0.00016645361,0.00075716875,0.00019764775,7.5112715e-05,7.313307e-05,7.431787e-05,7.325881e-05,7.325881e-05,7.209179e-05,7.325881e-05,0.000119135926,0.00022968059,0.00017134179,0.00034267615,0.7196053,0.003423026,0.04530812,0.0028494915,0.000519103,0.0008022043,0.0057288497,0.0056866007,0.0060476377,0.0038709042,0.02292482,0.013430982,0.0062500094,0.00057513296,0.00041729325,0.00030907753,0.00087385945,0.00021184409,0.9668733,0.33498684,0.000481399,0.00023271193,0.0011106966,0.9514944,0.0010157581,0.9658726,0.9301128,0.046001326,0.99219054,0.002154941,0.0006595512,0.9301128,0.0027379822,0.9894928,0.99229234,0.00033082854,0.004396848
Livestock on site,0.0032697353,0.03329148,0.16516596,0.00072062813,0.00057974894,0.0037681316,0.0007663162,0.00024006837,0.00074391236,0.00014716247,0.0008466954,0.023800284,0.00012153949,0.00056013605,0.00025465272,0.08551486,0.0059517585,0.36076665,0.0007852637,0.9458475,0.011458424,0.9833454,0.9475255,0.88873726,0.0020687466,0.86113185,0.9796243,0.9040456,0.96195745,0.9467337,0.7968457,0.9525215,0.6935872,0.0021558667,0.002888275,0.00072755606,0.0006761341,0.0011165238,8.2061684e-05,6.669803e-05,6.454199e-05,0.00026855475,0.0001369217,0.00040833923,0.00013380036,0.0002693227,0.000170684,0.00017577696,0.0002023726,0.0003817023,0.6537571,0.014139489,0.057113662,0.0029329755,0.0006714395,0.0018376935,0.026012493,0.03408643,0.061538167,0.042626604,0.06721925,0.03489243,0.055718206,0.0035230487,0.00059820525,0.0042200503,0.0009933191,0.00047870813,0.96748585,0.3849208,0.003624182,0.00031406866,0.00507855,0.91658103,0.0031050334,0.9632658,0.9307705,0.27316087,0.98952883,0.0040372014,0.0016861084,0.9261026,0.018913034,0.9642434,0.9703968,0.00057644,0.004262387
IDPs have access to land for cultivation,0.0015682786,0.0054689506,0.04232945,0.0002577197,0.00055304874,0.0018563247,0.00051565736,0.00023848996,0.0009019138,0.00013996122,0.0013259421,0.0037402136,6.006175e-05,0.000102070306,0.0001580664,0.002787099,0.0006474186,0.14815782,0.00015191342,0.95001245,0.0018553733,0.98384905,0.797247,0.49935126,0.0021540043,0.8622091,0.9687942,0.8106997,0.88787913,0.9811302,0.9063423,0.9497333,0.24220814,0.0032376626,0.0038476037,0.0005011591,0.00015110653,0.00091544096,7.1774535e-05,6.224373e-05,5.8626105e-05,0.000117982585,8.7622684e-05,8.9917936e-05,5.6992045e-05,8.9017376e-05,0.00010442378,0.0001360901,7.86587e-05,7.861201e-05,0.8678219,0.016210139,0.065759204,0.001863047,0.0007963869,0.0019903863,0.018496437,0.0043952786,0.007016962,0.007354607,0.04498391,0.09140703,0.09691908,0.0040943744,0.00053510244,0.0009015978,0.001022565,0.00091470126,0.9585343,0.37163082,0.0024233195,0.00021977525,0.0030674438,0.9636187,0.01915001,0.9692443,0.9740198,0.18726704,0.99367994,0.0041133664,0.0019614045,0.9734566,0.0035642588,0.98574567,0.99233776,0.00056992203,0.0082692895
Most trusted source of Info,0.00012968048,0.0006666979,0.0004318565,0.00010116171,0.00012534455,0.0014213645,6.525866e-05,0.0012487008,0.00017686008,0.00080328184,0.0001278678,0.00024793955,0.0005462718,0.000939582,0.0017183288,0.0077081006,0.0041057626,0.002017593,0.12268633,0.0010767122,0.0016306547,0.0008808198,0.00035171612,0.0003483979,0.0028445951,0.00034199213,0.0010430345,0.0003566792,0.001071743,0.0010439999,0.0010850623,0.0010725561,0.0006316378,0.008090229,0.008851335,0.2789414,0.0014394982,0.0045357835,0.00011631036,0.0002100589,0.0005428606,0.00022267253,0.00021907724,0.00022379158,0.00021159375,0.00022225497,0.00022651821,0.000211796,0.00037373914,0.00036783813,0.00092109584,0.0053462125,0.0016118707,0.016074043,0.13919055,0.0629869,0.00027999983,0.00029162702,0.00027928205,0.00028019794,0.00038301444,0.0005014056,0.000376463,0.00024197757,0.060080945,0.0058210795,0.16092037,0.0033816562,0.001071529,0.0010826729,0.31665045,0.0016476566,0.020164791,0.0010304296,0.0028575137,0.001076699,0.0031802685,0.010615521,0.0011164828,0.01520133,0.15667635,0.0011137065,0.028511139,0.0011338564,0.0010704354,0.0081326775,0.020196592
Main topic community is requesting info,0.00047625983,0.00020832813,0.000726371,5.9594444e-05,0.0005395583,0.0010667065,7.0940805e-05,0.005530954,9.0545e-05,0.0038641007,7.657804e-05,0.0002225766,0.0023279968,0.00033804192,0.0007467907,0.0011895344,0.008580131,0.001579814,0.0024758622,0.00045560303,0.004185032,0.00074508175,0.00020538137,0.00019624396,0.08569147,0.0001884496,0.00020268324,0.00019574484,0.00019819385,0.0004142495,0.0004024997,0.00019985453,0.00016320127,0.06002556,0.0032048002,0.044049203,0.00030807834,0.00027389912,6.502328e-05,0.00015970728,0.0001074024,0.00010729835,0.0001074024,0.00014135052,0.00018035181,0.00014602454,0.00014149517,0.0001708361,8.6845146e-05,9.471148e-05,0.0005273752,0.012896261,0.00041835182,0.010372827,0.022432514,0.026788844,0.0006398222,0.0007790497,0.001336394,0.0010214882,0.0007182867,0.00058793847,0.00071194203,0.000166119,0.015023002,0.0018709027,0.06704472,0.0041121775,0.0006073964,0.0011636629,0.007711279,0.00053750875,0.015067328,0.0003869338,0.028113477,0.0006966867,0.0006344883,0.0035932183,0.00079542346,0.07325687,0.5673949,0.0006370569,0.009929252,0.00081597484,0.00077433937,0.01048989,0.028925188
Serious problem due to lack information,0.0005825202,0.008115625,0.009317167,0.00049142895,0.0007487018,0.0017086035,0.0004169074,0.0002965424,0.0010521123,0.00015518136,0.00081466435,0.0055352063,6.5067085e-05,7.785961e-05,0.00013967324,0.0044251266,0.0008332559,0.21252514,0.00015167291,0.9513521,0.03425151,0.7533461,0.19462118,0.5963457,0.0029020803,0.6414026,0.7588844,0.5115876,0.31766552,0.84419334,0.9135127,0.8852958,0.74394107,0.0020828752,0.00016413098,0.0003959611,0.00064851495,0.001337773,0.00011704012,0.00013041224,0.0001808392,0.00019253064,0.00014926802,0.00013210924,0.00014641343,0.00019466373,0.00017363131,0.00011049852,0.00042901255,0.0004523499,0.96830285,0.023397865,0.14748165,0.0014263712,0.0005516634,0.0018450512,0.11160719,0.00520831,0.004573018,0.0042967913,0.10655803,0.02416383,0.022376725,0.0030646953,0.000578821,0.0021517512,0.0008950067,0.0013938905,0.64678174,0.9887552,0.00877122,0.0004735631,0.006106189,0.9582729,0.041767918,0.7782608,0.95462555,0.17193168,0.7571026,0.0035838373,0.0010118756,0.9285087,0.018971063,0.7171903,0.6748466,0.00049778644,0.007862371
