,Snapshot date,Country,Country Code,DTM Round,State,State_Pcode,LGA,LGA Pcode,Ward,CODs_Ward_Pcode,SiteID,Site Name,Longitude,Latitude,Site Status,Site Type,Site Classification,Site Area,Site Management Agency,SMA Type,Registration Activity,WASH Support,CCCM Support,CCCM_Organization,HEALTH Support,SHELTER Support,NFI Support ,FOOD Support,PROTECTION Support,EDUCATION Support,LIVELIHOOD Support,PSS SUPPORT,PSS_ORGANIZATION,Land Ownership,Most Common Type of Shelter,Number of Households,Number of Individuals,Boys (<1),Girls (<1),Boys (1 - 5 y),Girls (1 - 5 y),Boys (6 - 17 y),Girls (6 - 17 y),Men (18 - 59 y),Women (18 - 59 y),(Elderly men 60+ y),(Elderly women 60+ y),Have IDPs been displaced previously,Reason for displacement of Majority,Natural Hazard Risks,Intended Area of Return,Reasons to Return Home,Reasons NOT to Return Home,% HH living outside (no shelter),% HH living in EmS,% HH living in makeshift/self-made shelter,% HH living indoors (solid walls),% HH have access to electricity,% HH have access to safe cooking facilities,% HH have private living area,% HH have mosquito nets,Most needed NFI,Location of site main water source,Main drinking water source,Avg amount of water available /day/person,Is drinking water potable,Complaints about drinking water quality,Condition of most of the toilets,# of functioning toilets,Main garbage disposal,Garbage and solid waste problem,Availability of hand-washing station,Hygiene promotion campaign,Evidence of open defecation,Access to food,Access to market near from the site,Frequency of food distribution,Most common source for obtaining food,Screening for malnutrition,Most health problem,Regular access to medicine,Access to health facility,Location of health facilities,Main provider of health facilities,Access to education services,Location of education facilities,% of children attending school,Occupation of majority of IDPs,# of HH with source of income,Access to income generating activities,Livestock on site,IDPs have access to land for cultivation,Most trusted source of Info,Main topic community is requesting info,Serious problem due to lack information
Snapshot Date,0.99980664,0.00422255,0.011891464,0.0015506747,0.0034473008,0.005684179,0.00013286254,0.002893771,6.3182044e-05,0.003955105,0.11119539,0.00020870601,0.0015443416,0.0015866909,0.00843596,0.001987923,0.0056398343,0.0070705996,0.0024963766,0.0005915153,0.0032402875,0.0026087586,0.0023812344,0.0014057157,0.0023905542,0.002566335,0.0018220776,0.0023370404,0.0024904665,0.0023490007,0.0022962876,0.0024391767,0.0025941802,0.012081345,0.0015040808,0.0032885266,0.0018758664,0.0001819816,0.00018366102,0.00017957382,0.00018601688,0.00023112514,0.00018632814,0.00023723498,0.00023487725,0.00027010654,0.00027010654,0.0030271257,0.0034196256,0.007357037,0.015708148,0.002537317,0.005218605,0.0023139818,0.002031487,0.0022055698,0.0020264452,0.0015635118,0.00028333676,0.0045460844,0.00039495685,0.0005272059,0.017574877,0.0013077987,0.0011896829,0.0026372767,0.0023350294,0.0007574233,0.0002635812,0.0036868406,0.0022148232,0.0005913608,0.0022148232,0.0021724445,0.00047238116,0.0030757484,0.00046371526,0.00029300174,0.0015682786,0.003426764,0.0015682786,0.0017767724,0.010289982,0.00065084605,0.00247809,0.0006639592,0.0005339045,0.00053081085,0.00019215968,0.0017337755,0.0033109635,0.0021701194,0.0001643454,0.0009437548,0.00083488517
Country,0.004457388,0.99980086,0.82892376,0.0077741016,0.0050545055,0.006103245,0.00023356285,0.050393157,0.00013492753,0.017538289,0.09136019,4.858754e-05,0.0028532739,0.0011579839,0.02579417,0.0018037914,0.008429689,0.0014497642,0.012272532,0.004128048,0.010091757,0.0058802404,0.044309516,0.00477477,0.0046341904,0.006021857,0.0038259146,0.023858218,0.022842187,0.03022621,0.00793262,0.005159294,0.00021100948,0.007619623,0.0009405088,0.00015169891,6.505286e-05,0.00034963756,0.00014061107,0.00011446897,0.00011408066,0.00011408066,0.00011408066,0.00015294879,9.0220055e-05,0.00019434882,0.00020126166,0.008059201,0.0051107244,0.003263658,0.0053460104,0.00028615294,0.00059536175,0.0021097702,0.001612031,0.0016777826,0.0016195425,0.0019450546,0.00058844703,0.0015666155,0.0005890093,0.00020962584,0.0008030986,0.0006441214,0.007237932,0.008036563,0.0071260775,0.0007037925,0.00031600855,0.00072079035,0.0039060297,0.00032428346,0.0029739144,0.0046158144,0.0014385812,0.008345734,0.0011024605,0.00028925386,0.01857128,0.020184314,0.0031279493,0.007888194,0.00028296086,0.0012884921,0.0076540303,0.004087674,0.00036733673,0.00017994306,0.00030283822,0.00402737,0.02402373,0.007160415,0.0008796422,0.00035378363,0.008076932
Country Code,0.016659738,0.7635617,0.9962034,0.08215502,0.050843753,0.04359847,0.0026481538,0.017384727,0.0015616706,0.021656148,0.007330303,0.00042620185,0.00034472186,0.00041945328,0.0047552856,0.0009001305,0.050599832,0.00037413067,0.04282786,0.054006916,0.07239505,0.029088875,0.2033394,0.13868466,0.087724425,0.1134746,0.15028311,0.15089718,0.11125758,0.101469,0.026551772,0.014366724,0.00069252186,0.0016785831,0.00046677512,0.0004025504,0.0004528892,0.0006641507,0.000100929836,0.00016308305,7.418267e-05,0.00026145534,0.00014396984,0.000118313415,0.0001478335,0.0005530959,0.0007011399,0.029170418,0.0004064654,0.03522153,0.003099698,0.00024596136,0.00033845563,0.0029233028,0.0021214178,0.0012025799,0.002080053,0.0023397666,0.00049655663,0.001956169,0.00041845225,0.000686283,0.00030824798,0.0005197283,0.0008439892,0.09385198,0.07009238,0.00029486133,0.00030883774,0.00020419213,0.018902477,0.0001977411,0.032295026,0.06787427,0.009065694,0.13750084,0.0017494037,0.00027921534,0.1339617,0.012179938,0.104236975,0.08350585,0.00022680585,0.0029574062,0.09540904,0.005536512,0.00039542557,0.00079434994,0.00034106214,0.028803162,0.18086576,0.018079475,0.00053527247,0.0007157676,0.010394042
DTM Round,0.0013532549,0.006638069,0.0416301,0.988702,0.00010240016,0.06341471,6.155395e-05,0.008629736,8.749918e-05,0.0005209356,0.005265609,0.00012240386,0.031064384,0.02340131,0.00023665305,9.582417e-05,0.0001572606,0.0009224527,0.00063038914,0.00012436364,0.00027813998,0.0003946963,0.0015395752,0.00017626294,0.0010885126,0.00067593146,0.00035328584,0.0010368524,0.00041285943,0.0007123115,0.000389308,0.0005796349,8.7099565e-05,0.00018222778,7.041949e-05,0.0129826395,0.02292749,0.19878836,0.11564784,0.0461568,0.012736099,0.0067082653,0.0067044524,0.009492136,0.00592962,0.15023793,0.04114613,0.0006773555,4.9040027e-05,0.0004799692,0.00033219665,0.00014849432,0.0001453562,0.00011825339,0.0007353684,0.00044064675,0.00064669247,0.0005843297,0.0035823148,0.00034825533,0.006081935,8.803092e-05,0.00015857983,0.00017653812,0.0002806739,0.00028258876,0.0005811791,0.000118164324,0.088918105,5.6018398e-05,0.0006465421,0.00010604424,0.000409397,0.0004889662,0.00016544026,0.0003046005,0.000106742045,5.275315e-05,0.00025667658,0.00017224082,0.0002570381,0.00029184917,0.000112409536,7.054379e-05,0.00028258876,8.155191e-05,0.00408192,7.145018e-05,0.14542632,0.00028258876,0.00069476914,0.0003967465,0.00014938101,7.285651e-05,0.00090394675
Date,0.99698526,0.0053537996,0.0017247535,0.0021679897,0.0146139115,0.0045994823,0.00026499876,0.0034577963,0.00011841916,0.0040765563,0.13101082,0.00020684402,0.0016548848,0.0016905784,0.0024099422,0.0024822373,0.0029500946,0.005190596,0.00082981243,0.0007489027,0.0010722379,0.00060483586,0.00054664694,0.0013682779,0.0005793329,0.0008305739,0.00053160096,0.00060483586,0.00082981243,0.0008389754,0.0005793329,0.0005296221,0.00068023195,0.002145835,0.0004731294,0.0014947994,0.0011875863,0.0002278156,0.00022253192,0.0002223428,0.00023469336,0.00023334943,0.00023334943,0.00023448352,0.00023448352,0.00027634428,0.00027634428,0.00054664694,0.00074034714,0.0022078275,0.005992212,0.00077312934,0.0011233677,0.00164779,0.0030178668,0.0019537369,0.0019537369,0.0014926885,0.0002803244,0.0024879116,0.00028845656,0.00013194261,0.003847758,0.00044039774,0.001844533,0.0008737206,0.00078184606,0.00016970302,0.00019099984,0.0008729523,0.00058228686,0.0001907479,0.00054664694,0.0006192479,0.00020351663,0.0007436033,0.0002290552,0.00023304064,0.00054664694,0.00095218985,0.0005793329,0.00058800186,0.0029960535,0.00035140905,0.00063094054,0.00022395156,0.0004014298,0.00016402268,0.00024040932,0.0005551013,0.00083017704,0.00054453313,0.0001233565,0.0010716117,0.0007407053
State,0.0037599644,0.0054264455,0.0022377884,0.00029344327,0.9997956,0.08445927,0.12703189,0.00059021043,0.0090462575,0.00020516751,0.008898085,0.0037916638,0.0025209815,0.0016183974,0.257931,0.0043974514,0.0038211925,0.004573718,0.0111545455,0.046493355,0.0014892301,0.0026024098,0.0026166292,0.00748985,0.0027412544,0.010716795,0.0021119893,0.001988883,0.0029724308,0.0036651732,0.0026509527,0.0019482159,0.0024084274,0.0015414734,0.002817414,7.6296375e-05,0.00015241085,7.223104e-05,9.9610486e-05,9.427192e-05,0.00010758387,0.00010758387,0.00011665454,0.00010639538,8.54727e-05,0.00010548508,0.000106302694,0.0024449904,0.0012753693,0.0061343783,0.00784795,0.00035795843,0.0009299034,0.0018939511,0.0074587013,0.008610018,0.009149079,0.004807825,0.0022030575,0.01320951,0.0022880381,0.0040216036,0.00037764935,0.0010376883,0.0036920907,0.0038661414,0.008153649,0.0014768858,0.00018530693,0.001974914,0.0027681487,0.0021159654,0.0014772384,0.0009105891,0.0014281446,0.0023818186,0.004472058,0.0015117003,0.0013036651,0.2497307,0.00092679,0.00422045,0.00036543538,0.003906848,0.0044204476,0.0025408529,0.0031119022,0.00022698805,0.00013987855,0.0041414625,0.0031926238,0.0024721285,0.0015828166,0.0009091315,0.0012297628
State_Pcode,0.0056675295,0.006103245,0.009921317,0.341967,0.09113335,0.99979085,5.8731686e-05,0.7609069,3.5997436e-05,0.14269574,0.030569606,8.429631e-05,0.008065174,0.00628661,0.008981539,0.0003499075,0.0033349618,0.00029157248,0.0008919162,0.0003245876,0.001088665,0.0004789341,0.0007920047,0.00019374928,0.00048000578,0.0004963604,0.00072707597,0.0005926635,0.00080694363,0.00055412354,0.0005471201,0.0011781345,0.000508911,0.0004888369,8.859536e-05,0.0021896956,0.0013030155,0.001471194,0.000986149,0.0011643918,0.0006307659,0.000627522,0.000627522,0.000627522,0.0006244004,0.001984518,0.0020093662,0.00077653857,0.000107300235,0.004106958,0.0008513344,7.2258576e-05,7.2960436e-05,0.00089179864,0.0012186856,0.0008438662,0.0007833638,0.0021203477,0.009667769,0.0021269373,0.035172917,0.00019476829,0.00020325823,0.00017549605,0.00041275937,0.00078695914,0.00049170025,7.1129594e-05,0.0017026472,0.0001955357,0.00063313474,0.00013003027,0.00042532216,0.0006006691,0.00028667864,0.0010733403,0.00010699509,8.298894e-05,0.00026954446,0.00079601514,0.00051024475,0.0007075866,0.0003600649,0.00022040722,0.0010685807,0.00047234152,0.021377908,0.00019729926,0.0041589173,0.0007118299,0.0007625934,0.0009816189,8.292649e-05,7.234912e-05,0.0005954611
LGA,0.00017940578,0.0004475401,0.00027848763,5.4660657e-05,0.5056249,5.522287e-05,0.9995163,0.0018202409,0.964667,5.7374098e-05,0.00024200033,0.21733002,0.0015416902,0.0048856153,0.00090350077,0.0012617864,0.0005127739,0.0023497387,0.00034825798,0.013516152,0.00039210572,0.00032305025,0.00035021978,0.010420833,0.00033636458,0.00032640895,0.00032541135,0.0003435798,0.00033253647,0.00034825798,0.00034825798,0.00035869578,0.0032918034,0.0005608731,0.0028217996,0.00010416715,0.00016900228,0.00010002338,0.00025786087,0.00015755295,0.00015805336,0.000109631736,0.0002516476,0.00025000726,0.000104471554,0.00012774672,6.8600304e-05,0.00036690198,0.000888175,0.0009630009,0.0011074217,0.0012377311,0.00038571734,0.00033404244,0.0003383027,0.00035281022,0.0003479335,0.00024560362,0.00020623632,0.00082342874,0.00016583303,0.008089877,0.00017112364,0.0022263504,0.00014850243,0.00033251967,0.00046837254,0.0011766586,0.00028631333,0.003574484,0.00035822572,0.0038335384,0.00035514694,0.0003654693,0.0020519726,0.000358486,0.009495554,0.0070177536,0.00034110085,0.0015891589,0.00034903464,0.00032077517,0.00019452756,0.1321431,0.0003430152,0.0025313338,0.00039512268,0.014378898,0.00028069507,0.0003430152,0.00039282918,0.00035463623,0.0013550571,0.0011148712,0.0003560283
LGA Pcode,0.0038523425,0.050393157,0.005173623,0.059948545,0.0004391658,0.7620209,0.0021960614,0.9997732,5.6453504e-05,0.50724983,0.009512917,4.383002e-05,0.003501593,0.003127554,0.0038091897,0.00027359155,0.0016170578,0.0004744915,0.0009995265,0.0002840172,0.00090027414,0.0006833542,0.0012139744,0.00071804586,0.0008881539,0.00079095626,0.001051695,0.00097187783,0.0008990249,0.000903156,0.0011544558,0.0012194401,7.916382e-05,0.00039989635,0.00013221723,0.0010361221,0.001049104,0.0021101604,0.0027218575,0.0015029437,0.0015169973,0.0012594373,0.0012159058,0.0012371178,0.0012159058,0.0022834975,0.0023243327,0.0010782579,0.00048665528,0.00033142825,0.00032932762,5.8835598e-05,0.0001662632,0.00025682422,0.000357303,0.000269524,0.0002692573,0.00038000467,0.0024172792,0.00042142082,0.0015090117,0.000105367086,0.0001362612,6.792732e-05,0.0007032643,0.0010374987,0.00064534385,0.00017290849,0.00235115,0.0003944195,0.0011549386,0.00010983272,0.0007873599,0.00090052246,0.0007073913,0.0008677752,0.00023581358,3.4792323e-05,0.0005556389,0.0020164088,0.0007467784,0.0005530538,0.00014142942,0.00028978602,0.0005530538,0.0005124823,0.001539088,4.5095232e-05,0.0016145927,0.0005530538,0.0007429951,0.0010301694,0.00021230249,0.00016670396,0.0010443273
Ward,6.351718e-05,0.00016075863,0.00014157714,9.232211e-05,0.026636178,4.2490316e-05,0.874062,0.00012835895,0.9998442,0.010041613,0.00011515822,0.10038574,9.975855e-05,0.0003697084,0.00020884603,0.00084037735,0.00025583053,0.0023736148,0.00023548657,0.001504535,0.00023645385,0.000805805,0.00023043013,0.00042621887,0.00022955377,0.00024870606,0.00019616526,0.00021139992,0.0002374732,0.00020723723,0.00020517918,0.00019065893,0.0044028466,0.0007714091,0.0011088894,5.8400055e-05,5.563809e-05,4.1360596e-05,3.916015e-05,4.9137903e-05,4.801759e-05,4.865096e-05,4.7465906e-05,4.6810455e-05,4.8685197e-05,4.7922542e-05,4.9940052e-05,0.00020517918,0.0008818137,0.00028788546,0.0005977935,0.00021932644,0.00014196927,9.821312e-05,0.00015931638,0.00015327515,0.0001495009,0.00015671011,9.3745744e-05,0.00040365482,9.054192e-05,0.0008330182,0.00017309487,0.000810059,0.00014446476,0.0002538158,0.0002131573,0.00023960396,4.987681e-05,0.0057836403,0.00025071154,0.0024158908,0.00024172192,0.0002118617,0.0012498379,0.00019259195,0.0015154567,0.004210404,0.00020795682,0.00034718384,0.00027553627,0.00018235025,0.00025172715,0.0024021307,0.00018189543,0.00040195396,0.00017748741,0.0056086294,4.8063495e-05,0.00018189543,0.00022259056,0.00020517918,0.0010259524,0.0005580482,0.00024250336
CODs_Ward_Pcode,0.0039318344,0.016527336,0.0036427116,0.0056460793,0.00038543984,0.14387728,5.753358e-05,0.48869535,0.0045360727,0.99977267,0.0058485614,4.9476454e-05,0.00059601245,0.00059153,0.000992205,0.00020337228,0.005244803,0.0018958265,0.0012529916,0.00030870465,0.0010617936,0.0012480114,0.0013595783,0.0005271786,0.0008802839,0.00091292604,0.00083724444,0.0012611486,0.0013632805,0.0008887866,0.0012016253,0.0018078416,0.00016652801,0.00080618996,0.000110636385,0.0011761051,0.0028197581,0.0010053855,0.00033758287,0.0005298336,0.0005475215,0.0005378269,0.00042563656,0.00025759466,0.00027332472,0.0006423021,0.0006776056,0.0019331133,0.0011322838,0.001570154,0.0015591361,0.00017073314,0.00021071537,0.00067573355,0.00063643366,0.00034354016,0.00084409915,0.0006217024,0.00044423417,0.00074358436,0.00042845574,0.00027467436,0.00012051656,9.409175e-05,0.00033272017,0.001336667,0.0012197291,0.00015141015,0.00046870936,0.0010361497,0.0012667632,7.6691154e-05,0.00095703773,0.001133423,0.0010085569,0.0018126544,0.0007275624,0.000101593396,0.0008355343,0.00070116314,0.0011663667,0.002022175,0.00026955997,0.00043361433,0.0011916815,0.00032552818,0.00027045995,0.0001554698,0.00073884695,0.0009577622,0.0008986809,0.0018043441,0.00015872199,0.00015833981,0.0011341693
SiteID,0.12520689,0.09140749,0.0092563955,0.005494031,0.008378677,0.031323228,0.00013049996,0.014202918,0.00010320664,0.0048531536,0.99899113,0.003566474,0.0027040974,0.0027941174,0.35975805,0.046500612,0.042157225,0.24645008,0.015647033,0.0014854621,0.006670607,0.0043414696,0.0057905023,0.0009541973,0.005192618,0.01701194,0.004255099,0.0022492576,0.006395337,0.0028465118,0.014856527,0.005642154,0.00034885865,0.0020441767,0.0003008765,0.00021166888,0.00019836577,0.00046498477,0.00033088273,0.00029083475,0.00028774745,0.00028996324,0.000289431,0.00028996324,0.0002378424,0.00038049326,0.00058348366,0.005334898,0.0020045864,0.0036909946,0.0031223383,0.00010205312,0.00026763536,0.011630759,0.006790101,0.0065964563,0.006165286,0.0088305455,0.0007024667,0.0071063535,0.0009127339,0.00024464622,0.003528501,0.00026232022,0.018037846,0.008225201,0.0034081782,0.0005692071,0.00040162177,0.0007645832,0.008851506,0.00022277929,0.0037776658,0.0059171794,0.0016878442,0.014199488,0.00047390332,0.00012379172,0.0031568473,0.012243402,0.0037653074,0.0082861185,0.00094618875,0.00172498,0.0054774717,0.0019532002,0.00032609937,0.00012682703,0.00042217766,0.0050815754,0.018828355,0.0050444724,0.0002474281,0.00033484964,0.005461475
Site Name,0.00024359053,0.00015579167,0.00024844066,0.00012035874,0.19715586,0.00012657384,0.7579156,0.00014929188,0.66342205,0.00011215247,0.007962217,0.9941588,0.0012505254,0.0025539831,0.045231394,0.08361098,0.006579774,0.07925456,0.0031747425,0.002279743,0.00027350904,0.0002886732,0.00024630057,0.0009055639,0.00024921424,0.00086292677,0.0002832752,0.00024460242,0.00031147312,0.000254816,0.00024188035,0.00023220574,0.035419066,0.002137478,0.0016610699,0.0001719417,0.00013882878,0.00011680072,0.00016997618,5.9336024e-05,5.9336024e-05,5.976897e-05,5.8567264e-05,9.687141e-05,8.3076804e-05,0.00015114623,0.00010143954,0.0002490857,0.00339766,0.0004803529,0.0032864404,0.0025382938,0.0005754062,0.00012511607,0.0003360693,0.00025756576,0.0002506961,0.00011714989,7.590517e-05,0.0007600469,0.00014255696,0.075029776,0.00035399102,0.02323945,0.00024998275,0.0006629178,0.00024268003,0.0011900917,9.879584e-05,0.010213628,0.00083075423,0.0030006114,0.0009815526,0.00035487732,0.0031659098,0.0007606832,0.008596464,0.0068763355,0.00030685592,0.001952879,0.00065279426,0.0007391046,0.00025691485,0.0072217705,0.00022756717,0.00145468,0.0001294948,0.009654951,0.00023369768,0.00025879583,0.0018954781,0.00024029658,0.0015323978,0.0013014519,0.00027733415
Longitude,0.0019494314,0.005770133,0.00036430458,0.005708813,0.0010740655,0.017242562,0.00028299383,0.006227167,0.00011040512,0.0007034901,0.005347919,0.00029513647,0.9998553,0.9995315,0.0050661177,0.004341078,0.0005851171,0.03506294,0.00016634153,0.0047763316,0.00022900931,6.991468e-05,9.8990065e-05,0.0003755571,0.00023380424,0.00021613119,0.00030777624,7.354703e-05,0.00011394378,0.00013405946,7.152112e-05,7.7750294e-05,0.00083924184,0.002924265,0.0004156464,0.030710632,0.00462775,0.03470823,0.10662158,0.04002982,0.04868074,0.039205153,0.046026446,0.03860665,0.040834315,0.024966974,0.024648672,0.000106901425,0.00034062262,0.00064084085,0.00023261496,0.0026958406,0.0030199336,0.0014786648,0.003694912,0.00062686304,0.0008926117,0.00042742235,0.005268537,0.00094227167,0.0122643,0.0028094426,0.0022782355,0.00071496237,0.0012911824,0.000104274084,0.000116566975,0.007667547,0.06275372,0.0006336671,6.766908e-05,0.0019370433,0.00011246678,0.00018376521,0.0034602464,9.802057e-05,0.0020089783,0.0003983777,0.00011341882,0.00065973325,9.237927e-05,0.000119059325,0.004280324,0.00086924765,0.00010700847,0.004491943,0.0125207845,0.0014461268,0.060246717,7.682614e-05,0.0006720933,0.000101696125,0.0009341366,0.00060464296,0.00010555451
Latitude,0.0015425629,0.0013900185,0.00021047001,0.0057396675,0.004998194,0.0070157177,0.0018929836,0.0032075464,0.00028779721,0.00037693986,0.0030857713,0.00034268646,0.9989553,0.99981207,0.0049440903,0.0011386129,0.0013901353,0.014964849,0.00023989099,0.010426164,0.0001951399,0.00010314796,0.00014645532,0.00012877105,0.00018644378,0.00016145124,0.00010048212,0.000101587844,0.00014193513,0.00029355398,0.00011504772,0.000121425,0.0010044895,0.0013644348,0.00085859507,0.027019555,0.0039682626,0.04869273,0.03553469,0.023601733,0.020566734,0.02273134,0.020176282,0.03301077,0.020382892,0.030040545,0.028150817,0.00017048827,0.00013161673,0.00082302734,0.00023820509,0.0062080165,0.004764397,0.00045113915,0.0007216307,0.0005441222,0.00076992356,0.0006411739,0.0067435694,0.00088325323,0.011027372,0.0062002866,0.00087694824,0.0011011052,0.0018144749,7.996654e-05,0.00018218493,0.0029876379,0.023963744,0.0004023309,0.00010128851,0.0020180019,0.0001036902,0.00017980591,0.009954351,0.00013374683,0.002242951,0.0012548338,0.00013943962,0.00032100687,0.00022288098,0.0002228039,0.003263384,0.002130936,7.242157e-05,0.003007152,0.0075789015,0.0026878607,0.034386702,6.384555e-05,0.00033101445,0.00025013686,0.0010905316,0.0014339597,0.00017981528
Site Type,0.34354755,0.10549953,0.01028561,0.0012244218,0.013784842,0.009249221,0.00021403615,0.0021884367,0.00011255628,0.013317174,0.25642416,0.020577729,0.00029046368,0.00017715663,0.1285761,0.96257883,0.13598345,0.046246234,0.019628512,0.014735193,0.005324832,0.0026172413,0.00066114176,0.0023962108,0.002090377,0.0037381013,0.0035711543,0.00066114176,0.0030137766,0.0006813213,0.0019342124,0.0033365155,0.0022775452,0.033858918,0.006793978,0.00035124758,0.00033304686,0.00019811737,0.0002459742,0.00014446783,0.00014491192,0.00015410548,9.8640114e-05,0.00015410548,0.00012228322,8.112862e-05,8.112862e-05,0.0006674596,0.0066950526,0.0071631754,0.101101466,0.0026611297,0.0075317044,0.0014590161,0.0010527568,0.0011414521,0.0009978329,0.0025952028,0.00032064645,0.001412823,0.00072342064,0.001989491,0.003749155,0.0076745935,0.0006769319,0.0036063364,0.00092465046,0.0021340922,0.00018164472,0.003128371,0.004881443,0.00054142484,0.0032224914,0.00092939823,0.005783056,0.0016331335,0.00051153125,0.00083849364,0.00092978484,0.008659152,0.0009504561,0.005306604,0.0040616575,0.0010224906,0.0014973044,0.0018529724,0.0003224682,0.00068531977,0.00018474163,0.0014214931,0.011993349,0.00063131173,0.0016150187,0.0037211853,0.0013851225
Site Classification,0.34096006,0.011387572,0.013051672,0.00096253306,0.008993656,0.007399666,0.00028308816,0.0015680188,0.00014373209,0.013699195,0.10321035,0.00085427053,0.0002623751,0.0003010276,0.057348147,0.02544612,0.9644722,0.018664373,0.020241356,0.0013598809,0.02350653,0.0030112544,0.0008928042,0.03067859,0.0019342124,0.0035709098,0.003069346,0.000622748,0.012109482,0.016283752,0.0022948857,0.0028716647,0.061221413,0.030916179,0.003409073,0.0005154632,0.0007559813,9.8018e-05,0.00012286776,9.226908e-05,9.3457624e-05,9.745157e-05,9.8640114e-05,9.745157e-05,9.745157e-05,8.112862e-05,8.177778e-05,0.002876504,0.031563185,0.042685144,0.1145158,0.0031018578,0.007883889,0.002098333,0.0018641776,0.0014268683,0.0010411184,0.0022929339,0.00051542174,0.0024760019,0.000689471,0.0029990845,0.016873889,0.0062748045,0.000780173,0.0036908449,0.0028851747,0.0051674694,0.0004088433,0.010564012,0.0058755027,0.0009938019,0.0041269115,0.008447705,0.006458393,0.0055709044,0.003913809,0.0034528358,0.0040371167,0.008325614,0.0037592922,0.005801578,0.012322302,0.0046670646,0.024196247,0.011691693,0.000499449,0.0045189024,0.00028756008,0.0051565175,0.012079469,0.0038375116,0.0023945926,0.009282953,0.0057414025
Site Management Agency,0.010089193,0.01146386,0.091897674,0.0070315218,0.0055054855,0.004253395,0.00027715985,0.00076696865,8.946682e-05,0.0011021319,0.029885065,0.00010118086,6.223955e-05,5.3679334e-05,0.03244464,0.001271416,0.030836191,0.0016365536,0.9977964,0.024256637,0.5009291,0.120023265,0.24359891,0.06424488,0.52250123,0.61473805,0.07238592,0.06783374,0.3206838,0.25364777,0.5564817,0.64538306,0.00045372476,0.0004844825,0.00043020744,9.338627e-05,0.00016652927,0.00018363472,0.00015441797,0.000110487264,8.591686e-05,5.8063615e-05,5.7476776e-05,0.00017350358,0.00020275894,0.00065320026,0.00072939746,0.83680725,0.003233931,0.32065952,0.0024953864,0.0003264639,0.00046003124,0.028338565,0.0058724065,0.0023350634,0.001110741,0.06293721,0.00041502717,0.0027297453,0.00067420484,0.0003784684,0.0007904228,0.0006854086,0.0019549928,0.38634622,0.93393105,0.00049007934,0.00039995366,0.0011515114,0.76065713,0.008614465,0.7160149,0.94515175,0.0005992513,0.29927966,0.00030587323,0.00028094786,0.5766759,0.005761776,0.3668433,0.3340943,0.00021636214,0.0015004271,0.23469193,0.0035924634,0.00043247562,0.00039045385,0.0004056447,0.31604284,0.4896635,0.8959894,0.0006507195,0.0005282597,0.964162
SMA type,0.01598524,0.12366505,0.040611293,0.02762843,0.016932856,0.02917939,0.00026341033,0.004147383,8.6093154e-05,0.0037308333,0.094989285,0.00012470754,0.00031151727,0.0002576492,0.03927539,0.0075902566,0.0052046776,0.0016982566,0.18729514,0.9940932,0.04624919,0.056047183,0.051894896,0.53797466,0.16781494,0.032599986,0.007895857,0.0067781075,0.007217305,0.04887548,0.08007296,0.284331,0.0002994575,0.0015157366,0.00083327095,9.9441895e-05,0.00018526103,0.00064999185,0.0001739423,0.00025037752,0.00024168189,0.00026137716,0.00013344867,0.00026183733,0.00013550179,0.00022313767,0.00027823073,0.048494965,0.00080736994,0.9153486,0.0065080523,0.00020740516,0.00028759468,0.6227427,0.10323832,0.00206089,0.09924304,0.7321475,0.00055441324,0.0022881743,0.0005132698,0.0007450417,0.00015116968,0.0011195806,0.0015663279,0.025885938,0.06134278,0.00024005034,0.0003068677,0.0004214189,0.04183598,0.032405805,0.006327464,0.060967363,0.005627581,0.005984327,0.0009161517,0.00017508777,0.010455908,0.023432603,0.0090540005,0.04296177,0.00026798225,0.0011022476,0.003476872,0.0011595727,0.0005168638,0.00025255446,0.00011196565,0.0031426842,0.027727101,0.047333274,0.0003086014,0.00041157618,0.06065634
Registration Activity,0.0032561454,0.005983978,0.01252951,0.002547842,0.0019324094,0.0007858045,0.00034765137,0.00090541434,0.00015580597,0.0010617936,0.0038770186,6.258506e-05,0.0001819996,0.0001543785,0.047336306,0.0048414203,0.11773063,0.00018319566,0.98605275,0.017746773,0.9998112,0.87960863,0.8469641,0.21575673,0.93738776,0.94722605,0.8889605,0.80089,0.98481065,0.970744,0.94772416,0.39050344,0.0024684928,0.00034070804,0.00052029314,0.00015037107,0.0016070043,7.5231255e-05,8.867021e-05,9.035344e-05,0.00049492327,0.00014383247,0.00051393907,0.00021874877,0.00023086318,0.00029686684,0.00040155018,0.977088,0.0059482544,0.076920114,0.0040274505,0.00054170674,0.0008657346,0.018471356,0.009620427,0.002930839,0.0029803007,0.02224885,0.0005506348,0.00583496,0.0006498762,0.00070943485,0.0022521054,0.0009813319,0.003774819,0.96677315,0.6479371,0.0024882655,0.0013087806,0.0061256685,0.9565352,0.019985892,0.9851858,0.7718101,0.0435347,0.98734856,0.0102947615,0.00052475085,0.9698174,0.027989712,0.9850333,0.9929381,0.0029544097,0.009560797,0.9842958,0.025438104,0.000713881,0.0022035136,0.0003168804,0.9891257,0.9852545,0.9610968,0.0008641228,0.0013038225,0.7483308
WASH Support,0.0026087586,0.007004686,0.011896232,0.0013660414,0.0023223928,0.0004757372,0.0005041596,0.0007594982,0.00029548345,0.001205677,0.0053546866,6.637905e-05,8.72064e-05,0.0001505613,0.06188303,0.0040974477,0.021692887,0.0004466885,0.8402834,0.11663934,0.21334368,0.9998011,0.99238324,0.28655463,0.99267256,0.9852467,0.9189551,0.98489344,0.9860499,0.99300057,0.9927563,0.98856854,0.00078888674,0.0027266117,0.00024856185,0.00028289572,0.0002737126,0.00010745488,0.00010539541,0.00026741845,0.0002704623,0.0002268347,0.00018860919,0.00021868364,0.00021889353,8.211485e-05,7.865725e-05,0.9683784,0.0032302504,0.16800348,0.0021656146,0.0006171538,0.0015254245,0.051606573,0.0022803468,0.001630582,0.0022658901,0.111642174,0.00033106416,0.0012746042,0.00066129334,0.00021073953,0.0003181678,0.0010466931,0.0010613548,0.72690547,0.70699483,0.00032725526,9.862911e-05,0.0055777417,0.9765388,0.07063976,0.9690449,0.8365731,0.026265442,0.14414409,0.00044614615,0.00014363314,0.9347252,0.030341513,0.23199245,0.61375594,0.00014387905,0.0013065976,0.37311748,0.00084297184,0.00024184833,0.00031825533,0.00080081227,0.04416242,0.78825086,0.8115661,0.00045141444,0.0002436738,0.5603701
CCCM Support,0.008122124,0.095498465,0.5886064,0.035507742,0.0017799226,0.003455894,0.00027512317,0.0015135063,8.567852e-05,0.0011739697,0.008792989,4.414295e-05,6.149108e-05,4.9530943e-05,0.016987588,0.0001530345,0.0011374168,0.00011417353,0.35092643,0.027914066,0.13009268,0.64377236,0.9968259,0.5882127,0.94847167,0.7835916,0.6074446,0.642379,0.78172225,0.87099504,0.9528493,0.977018,0.00056131184,0.00058918237,0.00032047118,8.0866506e-05,8.429766e-05,0.00019080368,0.00016595564,0.00011007193,8.552931e-05,5.7738267e-05,5.715143e-05,5.7948124e-05,5.6529934e-05,0.00016063792,0.00017935222,0.52968013,0.0002797138,0.05618796,0.0004573281,0.000108924374,0.0001406616,0.022394657,0.0025719146,0.00082255545,0.0016432294,0.0596406,0.0003949875,0.0006358382,0.00031150779,0.00024679088,0.00012729982,0.0007228685,0.0007582425,0.1670421,0.8363235,0.00012507355,0.00012854656,0.00092979986,0.26724768,0.0032185165,0.17017859,0.794578,0.0024902,0.040745445,0.00017717699,0.0002685795,0.48938516,0.0030378608,0.1566505,0.2948327,9.18559e-05,0.00041536847,0.1812814,0.0006174853,0.00026717977,0.00035138306,0.00024290425,0.02999018,0.30119577,0.5661312,0.00029517888,0.00015737393,0.9150633
CCCM_Organization,0.0784167,0.081207275,0.010595552,0.0014597089,0.0031148081,0.00061780657,0.00028723956,0.001460931,9.2354894e-05,0.0015989605,0.006246468,7.570738e-05,0.0009867505,0.00057423126,0.008060715,0.0014504015,0.07227457,0.00029846572,0.004740019,0.0014795847,0.011098907,0.002876504,0.17045103,0.8913517,0.0042422074,0.0042574853,0.0044467645,0.002876504,0.0107198935,0.020774368,0.0028463765,0.002800821,0.06539236,0.04091597,0.0045226244,0.0003141289,0.00028072763,8.9246525e-05,9.102453e-05,8.484639e-05,8.5842454e-05,8.766146e-05,8.865752e-05,8.865752e-05,8.865752e-05,9.54972e-05,9.66166e-05,0.0009227892,0.007870822,0.010353134,0.043675743,0.007342744,0.018758833,0.000945718,0.0017847653,0.00070351234,0.0012736769,0.0025042437,0.00032174122,0.0027445182,0.0003040111,0.0012324989,0.00927788,0.003672719,0.0015923806,0.0046555707,0.0033931877,0.005928553,0.00026257994,0.013872493,0.005194279,0.0022067702,0.0032953655,0.0078365235,0.0034411713,0.0051987832,0.0020312152,0.0021922248,0.0044569275,0.009219891,0.0046392074,0.0050801495,0.005315199,0.0038304362,0.010753101,0.007883396,0.0004021363,0.0038060725,0.00023099061,0.005089046,0.003509805,0.0036353339,0.002136097,0.012027955,0.0054435153
HEALTH Support,0.0023905542,0.0031487937,0.025425615,0.0040278807,0.0019259212,0.00035638455,0.00033674974,0.00074454915,0.00012763322,0.0009042951,0.0037821925,5.9363025e-05,0.000132395,0.00015419564,0.058403574,0.0036235205,0.014239521,0.0004443873,0.8357153,0.021916002,0.9713739,0.9925991,0.99305475,0.30694097,0.99980825,0.9954849,0.99308544,0.9959221,0.99195683,0.9923329,0.9956517,0.98753256,0.0011199233,0.002323197,0.00025870957,0.00020408977,0.00064692297,7.0516384e-05,6.0927803e-05,0.00012334855,0.00013092393,0.0001631606,0.0002704623,0.0003586054,0.00022960364,8.6741115e-05,9.510851e-05,0.88729453,0.0034976364,0.29203013,0.0027087184,0.0006248568,0.0015275194,0.005130103,0.0084216455,0.0027499788,0.0029437898,0.023570722,0.0003093343,0.0052561294,0.00052845373,0.00021897396,0.0005067027,0.0012209339,0.0011190027,0.9673601,0.15760362,0.00038952145,6.415153e-05,0.0059306934,0.95477027,0.013996667,0.978111,0.26010233,0.056702405,0.9461533,0.00045362476,0.00019551016,0.9836153,0.13980402,0.98720175,0.9875776,0.0016919499,0.034133937,0.97388744,0.0007557297,0.00049433194,0.0005582647,0.0004220353,0.79221916,0.9717504,0.9026648,0.00044561116,0.00025494193,0.31122452
SHELTER Support,0.0025245778,0.007803855,0.030038774,0.003721717,0.005658364,0.0004963604,0.00049387105,0.0008255972,0.00015642638,0.0008887866,0.016849773,9.505196e-05,0.00013573734,0.0001973562,0.06241319,0.0055292295,0.02545499,0.0006460879,0.97558874,0.012172835,0.8787871,0.9928292,0.9927552,0.2864452,0.9955909,0.99980086,0.99276596,0.9922536,0.9956105,0.992855,0.99575853,0.9919798,0.0011061106,0.002916559,0.00895184,0.0008643018,0.0007573739,7.621402e-05,7.208893e-05,0.00018191422,0.00026741845,0.00023546217,0.00022563589,0.00022649643,0.00037245595,0.0006588051,0.0006902336,0.9696854,0.0044889706,0.043856226,0.0034274876,0.00042172163,0.0010049056,0.033710122,0.004433471,0.0028803614,0.0016098912,0.013888347,0.00033736043,0.004991222,0.00050967076,0.0005560759,0.0008947707,0.0033174008,0.0016174987,0.9652723,0.17484047,0.00051983004,0.000101927064,0.0056775226,0.97619295,0.0028751194,0.98440397,0.40413186,0.057629768,0.90340537,0.0025969893,0.00068253046,0.9814135,0.015789567,0.94728106,0.97543824,0.0004170071,0.0020168165,0.94515693,0.0011506958,0.0005136907,0.00032711873,0.0006466308,0.680132,0.95917267,0.9723962,0.001023673,0.00024539558,0.7335388
NFI Support ,0.002379381,0.0035968053,0.04328099,0.0029958242,0.0017968555,0.00072707597,0.00039864497,0.001096645,0.00010045447,0.00090323435,0.005263133,7.137134e-05,0.00018917784,0.000109033586,0.041008115,0.005536511,0.021866094,0.0004883609,0.79478127,0.0022730127,0.78177094,0.992641,0.9922387,0.20037614,0.99308544,0.9925154,0.99980783,0.9926194,0.99222934,0.9893603,0.99254125,0.9844734,0.00080793095,0.002090076,0.00019195794,0.00020562587,0.0002892899,7.918435e-05,0.00010804567,0.00011383889,0.0002004704,0.00026005038,0.00023025397,0.00022587823,0.00017498028,7.583367e-05,7.187152e-05,0.85133725,0.0023274343,0.003440497,0.0016237203,0.00029851586,0.00073989306,0.0023237457,0.0042379783,0.00090158836,0.001008181,0.0026345605,0.00028876608,0.0008607458,0.00036933852,0.031739186,0.0004894997,0.00086207676,0.00076953473,0.9078503,0.088086516,0.0002588105,0.00015426161,0.004715087,0.95105135,0.00052539766,0.9420518,0.32541662,0.0054142955,0.58823395,0.0016632471,0.00019451868,0.95579576,0.0011257405,0.8239835,0.70876336,0.00010563199,0.0012251602,0.6231916,0.00076497556,0.0003045979,0.0005117535,0.00046643245,0.5470222,0.9434854,0.6331474,0.00045830666,0.00027131443,0.26887825
FOOD Support,0.0023905542,0.02155704,0.042458218,0.005593578,0.0017842706,0.0005926635,0.00034466374,0.00097187783,0.00012873618,0.0012957795,0.002027572,5.9723312e-05,9.166365e-05,0.00010114273,0.03875506,0.0006591007,0.001934993,0.00010553823,0.6942574,0.006506237,0.8029616,0.9927698,0.99271405,0.16313776,0.992521,0.99209446,0.99285936,0.99980783,0.9927,0.9927348,0.9927583,0.98580176,0.00080793095,0.0029117966,0.00056108006,0.00020872982,0.00033331083,7.792304e-05,6.13249e-05,0.00012540343,0.00012576833,0.000173385,0.0002320493,0.00023276007,0.00017977682,6.967941e-05,0.00010327603,0.6025596,0.0044142157,0.0073435935,0.0024716873,0.0003944068,0.00047679764,0.0035143567,0.0014566858,0.0019035535,0.0020842913,0.0037150849,0.00030283513,0.0008584411,0.00035358217,0.00076154416,0.00057416863,0.0011762192,0.0011458038,0.9724343,0.10246807,0.00025849408,0.00016794447,0.0010235334,0.97562957,0.002116029,0.915179,0.21756175,0.24472702,0.847267,0.012219449,0.0014802882,0.989957,0.01867518,0.915336,0.845382,0.00018432135,0.0011120037,0.7126091,0.00074978656,0.0003089303,0.00077629375,0.0001328793,0.8284909,0.9842063,0.75606406,0.0011223844,0.00028843814,0.12664357
PROTECTION Support,0.0024904665,0.022468777,0.026242843,0.003638715,0.0018939127,0.0010544955,0.00033262745,0.0008937422,0.00015884683,0.0012722638,0.003944119,7.673148e-05,0.00019292855,0.00011050427,0.056514893,0.005570432,0.094527535,0.00048963656,0.7519778,0.004713431,0.98472035,0.9932145,0.9921273,0.15482898,0.98563385,0.9957387,0.992251,0.9926802,0.99980783,0.9863954,0.9846463,0.97256184,0.0023677454,0.0014768775,0.0006713804,0.00017640949,0.0005171696,7.511458e-05,6.294805e-05,9.1501955e-05,0.00010110689,0.0001103338,0.00017324036,0.00021880705,0.00044174545,0.00032410157,0.00032554695,0.96179956,0.004073129,0.003586883,0.0032418922,0.0007347891,0.0013111086,0.019686002,0.0067225033,0.002286777,0.001623241,0.0149264885,0.00031474725,0.0058647455,0.0004550517,0.0004655089,0.00079068827,0.001076799,0.0007879172,0.965815,0.37673622,0.0021309773,0.0013914835,0.008545385,0.9578049,0.00071532384,0.9841947,0.7337883,0.03256201,0.94978976,0.0032939005,0.00055389706,0.9689157,0.021163609,0.9785156,0.97596693,0.0007344911,0.008679586,0.98314196,0.0077770366,0.0004944162,0.0019864694,0.00025409972,0.8996681,0.9726724,0.9288423,0.0010606552,0.0013800717,0.67156726
EDUCATION Support,0.0023515678,0.02284566,0.027830517,0.0042052404,0.0018283235,0.00073802954,0.00035569552,0.0007429951,0.00013688438,0.00091292604,0.002031947,5.9821003e-05,0.00021624201,0.00025795933,0.04113976,0.00065680937,0.11452001,0.000112715396,0.5764463,0.0031429783,0.97197855,0.9927777,0.98800933,0.23592532,0.9861894,0.9927812,0.9890301,0.9926802,0.9932071,0.9997906,0.9842779,0.96977895,0.004946191,0.0017858194,0.00052374986,0.00017640949,0.00078788,9.95056e-05,8.7038956e-05,9.133335e-05,0.00010117428,0.000109635715,0.00014449892,0.00016797683,0.00021361875,0.00032486086,0.00032936438,0.8982368,0.004159743,0.04025898,0.0024514853,0.0008058526,0.0011085814,0.01225749,0.009106777,0.0022546316,0.0016414974,0.0154798245,0.00023820839,0.0067457706,0.001260703,0.0002347401,0.0019053253,0.0015234859,0.00080128334,0.9647615,0.36760268,0.0021304945,0.0003682301,0.0061893547,0.95473987,0.004424235,0.9823999,0.7695786,0.055172756,0.94430447,0.0032939005,0.0006890232,0.96617967,0.014451827,0.9757759,0.96483207,0.0018381827,0.009221329,0.99528086,0.08784159,0.0023618434,0.0018787845,0.0001319442,0.98199743,0.9726545,0.9073607,0.0010970002,0.0013404221,0.5335891
LIVELIHOOD Support,0.0022171482,0.00793262,0.007661916,0.0023310368,0.0019571858,0.000541059,0.0005187578,0.0011530803,0.00013070791,0.0012016253,0.014872301,5.952522e-05,7.534502e-05,0.00013140662,0.03578942,0.003639198,0.016910482,0.00028822137,0.8793779,0.0035973145,0.9427675,0.9928258,0.9936314,0.22395678,0.9956625,0.9957118,0.9926329,0.9958505,0.99267316,0.99207777,0.99980783,0.9882557,0.0010852589,0.0032693814,0.00057977,0.00064482354,0.0010233507,7.6333316e-05,7.251066e-05,0.00012525168,0.00026725823,0.0002703021,0.00022649643,0.0002272072,0.00033511294,0.00060418516,0.0006499205,0.97792405,0.0032093986,0.26489082,0.003064472,0.00062032085,0.0015658749,0.024850784,0.009629064,0.0060284287,0.005836295,0.015740378,0.00048128504,0.00576597,0.00068130885,0.00031518255,0.0006074062,0.0011969388,0.00076953473,0.89391094,0.21041876,0.001323119,0.00018203632,0.0058346367,0.97926044,0.028261818,0.97935617,0.82276165,0.0717568,0.7248333,0.004669449,0.0007172417,0.98167235,0.016116515,0.9295725,0.9569555,0.00043341145,0.007970257,0.95551056,0.00758825,0.0006017258,0.00073419785,0.00063781685,0.81224257,0.9804841,0.9805358,0.0010901097,0.00025164863,0.770851
PSS SUPPORT,0.0024391767,0.0039319666,0.02005814,0.0016869814,0.001754784,0.0010120587,0.00044839067,0.0010934921,0.0001252991,0.0018325512,0.005576758,5.7238118e-05,0.00015694006,0.0001389811,0.070863925,0.0033814614,0.03737267,0.0005108896,0.1595177,0.32050738,0.045977272,0.71219707,0.88864434,0.18326479,0.9843799,0.81000847,0.683852,0.72848475,0.8055285,0.9752721,0.9838889,0.99978787,0.0047312286,0.005449946,0.0002457194,5.9833972e-05,0.00017425622,0.00026479247,0.00021481184,0.00018703578,0.00016785222,0.00015207512,9.414849e-05,8.784094e-05,6.0616003e-05,8.0345315e-05,0.00013421381,0.9530844,0.005966435,0.01712253,0.00023687602,0.0004189502,0.0007161557,0.03685327,0.006957028,0.0037270214,0.007916499,0.0935228,0.0012813585,0.00312226,0.0019632473,0.00020532284,0.00018854065,0.00033919734,0.00090605626,0.3359595,0.7974876,0.00022017506,0.0001191646,0.00068570697,0.3311662,0.0057074744,0.089764334,0.79678035,0.039217032,0.05584716,0.00044841197,0.00018184507,0.542513,0.009826988,0.10086811,0.3750709,0.0001409539,0.0014915963,0.37432605,0.0008438196,0.00077494414,0.0003014949,0.0001646136,0.031235335,0.37842298,0.7544383,0.0008261177,0.00023584242,0.8228644
PSS_ORGANIZATION,0.01351515,0.0006198898,0.0006201632,0.00012355861,0.0041370643,0.00082302623,0.002113169,0.00035527183,0.00234311,0.0003800906,0.0014689334,0.002749304,0.0059259064,0.003368799,0.029811518,0.0053420775,0.14259028,0.04443402,0.00792149,0.0011718749,0.030500125,0.0072239535,0.008615929,0.06955975,0.009866733,0.008670264,0.0066755554,0.007074066,0.023226174,0.042599864,0.009486958,0.044589628,0.999768,0.23981826,0.01680461,0.0014795407,0.0071685226,0.0005854099,0.00035446306,0.0003276077,0.00034626215,0.0003276077,0.00034595476,0.0002060202,0.00021473426,0.00039602234,0.00041848278,0.0076264064,0.014874094,0.037637886,0.15784104,0.015480348,0.028269382,0.00091268076,0.0011470915,0.00032245216,0.00048609648,0.004320123,0.00032416495,0.0031496198,0.00037645004,0.01894189,0.00819609,0.016833222,0.003926915,0.0077055977,0.0062837875,0.036813777,0.0017208393,0.02886054,0.008389185,0.009626007,0.008712137,0.019012153,0.006685275,0.011788799,0.02665563,0.05700165,0.007982935,0.03870084,0.008275728,0.012024912,0.053179484,0.013757823,0.02891961,0.053903207,0.0005121876,0.06286797,0.0010792207,0.012088637,0.008165724,0.010662601,0.013635583,0.06039178,0.006659412
Land Ownership,0.0021649066,0.001909212,0.00040356404,0.00012088345,0.0006198694,0.00018235293,0.0013551019,0.00013672176,0.0008240222,0.000322285,0.00038149708,0.002075042,0.0010054631,0.0004390795,0.00054181693,0.03932406,0.004928236,0.0025445793,0.00024003061,0.0021535624,0.00048745715,0.0011296491,0.00060827355,0.0017964789,0.0008884641,0.0011869349,0.00070202554,0.0011296491,0.0006000173,0.0006758616,0.0012972424,0.00057825836,0.023658637,0.9996715,0.20003268,0.0011361578,0.0015690795,0.00012373681,0.000112549096,8.70659e-05,9.520049e-05,8.8226174e-05,8.522122e-05,8.522122e-05,8.504369e-05,0.0005122693,0.00043194162,0.0008091696,0.0317888,0.0044814586,0.1109724,0.029664949,0.047502168,0.0014096507,0.0013472621,0.0006737467,0.0014879553,0.00074947183,0.0002321084,0.000807486,0.00018052336,0.022825707,0.0032612225,0.062397845,0.0032663418,0.002099922,0.001980063,0.03211712,0.0003479991,0.03440971,0.0011982085,0.07976478,0.0008806631,0.0025526634,0.0030884426,0.0021282474,0.00077005057,0.0039019969,0.00058360957,0.0021831538,0.002543977,0.0019111307,0.02228103,0.0043964884,0.0023276492,0.005877254,0.00025403366,0.020263797,0.00020076154,0.00064058707,0.0048534395,0.002648385,0.010374771,0.050294362,0.0006621941
Most Common Type of Shelter,0.0010348705,0.0005047175,0.0003904635,5.1606836e-05,0.003406054,6.079279e-05,0.00090089464,6.404252e-05,0.0009694835,0.0001024541,0.0002324811,0.0022437186,0.0008656965,0.0009613193,0.0003593711,0.053119287,0.010936657,0.0031026634,0.0010326314,0.020093653,0.00093473564,0.00025413558,0.00048671104,0.0023614878,0.00037228296,0.008340585,0.00019049559,0.00066071394,0.001189183,0.0008628685,0.0009262976,0.00018513417,0.0058042267,0.036845945,0.99925816,0.00048082857,0.0009396053,6.588211e-05,0.00012993583,0.00028341223,0.0001303723,0.00029005134,0.0001345582,0.00016764754,0.00042913356,0.000118212025,0.0003103891,0.0007263396,0.020387461,0.00041215465,0.027497623,0.23233189,0.12078552,0.011607502,0.000729302,0.0044152797,0.0008055593,0.0011061688,0.00042199742,0.0032973967,0.00025485235,0.05763825,0.008528733,0.06328603,0.0010050113,0.0015115155,0.0010972953,0.2878588,0.0009320339,0.011877212,0.001146078,0.009967203,0.0012602396,0.0029808416,0.0011227016,0.0012209717,0.025553918,0.23739263,0.00075724587,0.014347267,0.0011147481,0.0014152888,0.022669166,0.014087724,0.0015088884,0.022728886,0.00054171024,0.07243831,0.0028705576,0.0014166663,0.001340567,0.00073025934,0.14498858,0.08104386,0.0007468151
Number of Households,0.0004714234,0.0001958664,0.00036479457,0.0026114627,0.00012697998,0.00452269,0.00036207613,0.0012999491,8.418975e-05,0.0007221345,0.00036785216,6.694266e-05,0.09014256,0.09003777,0.00015921817,7.244331e-05,9.563765e-05,0.0037219056,0.0006019343,0.0004291516,6.891489e-05,0.00014366876,0.0003985202,0.00038681453,0.00043684538,0.0006934459,0.0002760188,0.0002766455,0.00027252795,0.00043321383,0.0009574243,0.00020430823,0.00018773461,0.00040344926,0.0013034448,0.9987783,0.35726935,0.62919986,0.8730689,0.42882556,0.2385497,0.14368911,0.11221754,0.54314315,0.33549628,0.73604715,0.7476956,0.0010288804,0.00020948236,0.0002429823,0.0008175829,0.0010671489,0.0015502771,0.0005445407,0.0018595457,0.0015929682,0.0018520212,0.00029195636,0.007945969,0.001679965,0.0118008,0.00086460274,0.00029889063,0.0005145573,0.001275018,0.000430543,0.0003126783,0.0031356146,0.9496445,0.00029482692,0.00084275275,0.002186385,0.00035711878,0.0008917676,0.0028691906,0.00023271976,0.015414725,0.0017788587,0.0004084237,0.0005850995,0.0002315077,0.0017166813,0.00095928804,0.022507193,0.00037184238,0.0010221015,0.031188147,0.0015912489,0.8876434,8.707333e-05,0.00033655047,0.0003818528,0.0013021633,0.0005494104,0.0011043859
Number of Individuals,0.0003073257,0.0002485379,0.0004562856,0.013688023,0.000108082786,0.0025812706,0.00025215806,0.0019095247,7.007913e-05,0.0004586262,0.0004896385,5.946235e-05,0.09412041,0.055541676,8.149227e-05,7.4744974e-05,0.00021277489,0.0061808797,0.0013541082,0.00048186188,0.0027050793,0.00028238716,0.0002902166,0.0010401085,0.0006086215,0.0009392032,0.0003274047,0.000312709,0.0011088003,0.0015938006,0.002105138,0.00016557757,0.00022254576,0.0008965168,0.0005681849,0.98436904,0.99972475,0.046530433,0.084469706,0.19842994,0.4876827,0.72815144,0.6758396,0.6177211,0.70669687,0.053358715,0.15873358,0.0023045915,0.00029329804,0.001010621,0.003570971,0.0002085387,0.00038556568,0.0008584133,0.0028247382,0.000726843,0.0020204496,0.00071243086,0.0058022863,0.0013039695,0.0039317748,0.00010944399,0.0004200645,0.00030755933,0.0017499013,0.0018188485,0.0011153268,0.0067040683,0.40065575,0.00147673,0.001769248,0.004900226,0.0015979756,0.0015200531,0.007917458,0.0013171101,0.0059449743,0.0005954425,0.0020461234,0.0004728475,0.0024436237,0.006964567,0.0018053456,0.009421857,0.0016307546,0.004037682,0.008179971,0.0011454814,0.74357814,0.0025118778,0.0024424482,0.0010642834,0.002857124,0.00093410566,0.0020813502
Boys (<1),0.00020758562,0.00035464825,0.00036139344,0.005682201,0.00010498085,0.0020914432,5.371856e-05,0.0018802524,7.545484e-05,0.00097616744,0.000465174,0.00014346324,0.12961149,0.10334032,7.639602e-05,0.00045190117,9.755627e-05,0.001078586,0.00011816007,0.0017993399,4.4470456e-05,0.00012139004,0.000119228134,6.10884e-05,0.0001171236,5.4347922e-05,5.5532957e-05,9.223817e-05,8.838574e-05,0.00015763103,0.000119940305,0.00020611806,0.00013378884,0.00015994906,0.000106326144,0.0731611,0.035789963,0.99869984,0.73497635,0.8594727,0.26296183,0.30825418,0.080140226,0.13520552,0.050577335,0.21202521,0.07797057,0.00012178611,3.7494425e-05,6.0567756e-05,8.238503e-05,0.00025854277,0.00018031179,9.101473e-05,0.00031959257,0.00023002957,0.00051214814,0.00023144842,0.002232026,0.00024119398,0.0034540133,0.00023360628,0.000106062886,0.00011730091,0.00060929323,7.543428e-05,9.0283065e-05,0.0009797848,0.058410987,0.00011554975,7.179018e-05,0.0002900296,5.335842e-05,7.680551e-05,0.0018749583,4.7446112e-05,0.00034245697,0.00011452812,7.777837e-05,0.00022916342,4.689767e-05,0.0004282471,0.00023200113,0.000109597364,6.40695e-05,0.0003041936,0.0033660093,0.00017059376,0.04439657,5.9872218e-05,4.5650497e-05,0.00011604737,0.00010610719,0.00010198107,7.5177806e-05
Girls (<1),0.00019321364,0.00018595558,0.00015996763,0.0018116053,0.000103683065,0.002026377,5.161227e-05,0.0036206702,6.5867775e-05,0.00041221143,0.0004792102,0.00014411211,0.4267264,0.118864775,6.0806597e-05,0.00045668872,9.940214e-05,0.0010824037,0.00012281023,0.0012220016,9.601372e-05,0.00012552823,0.00012362383,6.1293096e-05,0.0001280809,5.3174557e-05,8.0515085e-05,8.162297e-05,7.861937e-05,0.00016543888,0.00012109547,0.00021796035,0.00014149719,0.00014850296,0.0001040158,0.07385491,0.046946246,0.7421537,0.9988488,0.42604253,0.46716684,0.1588831,0.19728418,0.10518479,0.0668886,0.5477668,0.1824113,0.00011604737,3.740333e-05,6.164063e-05,8.451236e-05,0.0003017365,0.00016240518,9.068264e-05,0.00031832635,0.00023002957,0.0017468616,0.00024554666,0.00225661,0.00023925514,0.0032919848,0.00015203463,0.000106128835,0.00015997725,0.0006315097,7.831303e-05,9.48393e-05,0.0009847662,0.0799352,0.00013726926,0.0001214547,0.0002900296,5.7571753e-05,8.269173e-05,0.0017532005,4.9908314e-05,0.0003335174,0.00011054481,5.5704742e-05,0.00021979216,6.9421156e-05,0.00031426104,0.00023200113,0.00011459009,5.555286e-05,0.0003090895,0.003324698,0.00020955398,0.0426285,5.015566e-05,4.531863e-05,0.000116296695,0.00010610719,0.00015005303,0.000103133374
Boys (1 - 5 y),0.00020288992,0.00020126166,0.0004073857,0.0036659904,0.00010310694,0.0015841837,6.207565e-05,0.0014016054,9.075734e-05,0.00071223744,0.0005971805,6.722768e-05,0.03944771,0.025001317,7.337136e-05,0.00023762787,7.1657494e-05,0.00057212263,0.00013498028,0.0013418564,7.76215e-05,0.00013871912,0.00013451374,5.8018693e-05,0.00013094899,0.00016232666,0.0001398023,0.0001430323,0.00013871912,0.00013439142,0.00013394159,0.000252063,0.00013378884,0.00013215022,0.0001837522,0.07961011,0.025501406,0.9941553,0.93490905,0.99886817,0.94105816,0.9776708,0.5873039,0.44273522,0.45425802,0.9744623,0.9369319,0.00014609347,3.392578e-05,4.4368244e-05,8.4046376e-05,0.0002938724,0.00046035164,7.481073e-05,0.0005778386,0.00021235477,0.0005847154,0.00021257057,0.0031133103,0.0003106117,0.0033513738,0.00024711344,0.000107582295,9.634449e-05,0.000590931,0.00017598618,0.00017365748,0.0009790963,0.45183498,0.00014092617,0.00013612224,0.00028990605,0.00017410812,0.00017153045,0.008354608,8.628924e-05,0.00040178423,0.00011221854,0.0001447293,0.00063861214,0.00012275069,0.0016584797,0.00023515063,0.00011558329,9.317533e-05,0.00044014078,0.003280486,0.00013211636,0.11954339,8.6568616e-05,7.6780016e-05,0.00013975307,0.00025624616,0.00012541363,0.0001400535
Girls (1 - 5 y),0.00020288992,0.00020126166,0.0001979243,0.0024367122,0.00010310694,0.0015841837,6.237854e-05,0.0014066754,8.776814e-05,0.0007194482,0.00059221487,6.722768e-05,0.049990773,0.032420345,7.343632e-05,0.00023810053,7.2942676e-05,0.000565727,0.00014206761,0.00094802945,0.00045499826,0.00013726516,0.00013234037,5.5328295e-05,0.00013975307,9.682875e-05,9.405779e-05,0.00013863768,0.00013988327,0.0001390713,0.0001416174,0.00025055738,0.00014261946,0.00014099074,0.000106850464,0.07363695,0.029731007,0.9725987,0.96926636,0.949119,0.9988634,0.63665605,0.9776708,0.44325653,0.5738834,0.9361781,0.97724855,0.0001524277,7.325086e-05,0.00010801147,8.2902865e-05,0.0002938724,0.00018774628,0.00011047391,0.0005908923,0.00020353754,0.0010884024,0.00031423446,0.0032039094,0.00031100094,0.003140572,0.00010183528,0.00010598502,0.00016086329,0.00059423223,0.00060003164,0.00017574076,0.0010025058,0.5525634,0.00013979187,0.00047583997,0.00028990605,0.00036021427,0.00018609289,0.005827603,9.58976e-05,0.00040178423,0.000112381684,0.00017727213,0.00021984399,0.0004543551,0.0023555898,0.0002747217,0.0001154468,0.00012997235,0.00043464056,0.0030622743,0.00013211636,0.18796417,9.010174e-05,0.0002924265,0.00013825233,0.00010706774,0.0001278355,0.00014251382
Boys 6to12y,0.00040932035,0.0004355028,0.0009808545,0.0031370881,7.724579e-05,0.0059257094,6.0113045e-05,0.0020191115,8.637419e-05,0.0011566286,0.0004787959,6.7196204e-05,0.05363557,0.04894856,0.00016353346,0.00038193676,0.0001812665,0.0007977798,0.00013453045,0.0008042704,8.213852e-05,0.0005450676,0.00014386937,5.7883626e-05,0.0001441594,0.00059886643,0.0002857748,0.00084255985,0.00013886955,0.00013394159,0.00013394159,0.00096733536,0.00023712017,0.00013097007,0.000106952175,0.18441461,0.025416872,0.9810455,0.8654572,0.97097516,0.5059686,0.95886505,0.43326944,0.20244293,0.2227944,0.93000567,0.68843085,0.00013234546,3.392578e-05,5.1075695e-05,8.526328e-05,0.0002957698,0.00046274476,6.729807e-05,0.00020471793,0.00015186273,0.00020702013,0.00022615516,0.0021796208,0.00022243185,0.005244059,0.00010264399,0.00012248263,9.69844e-05,0.00057695544,0.00018522929,0.00017601813,0.0008576615,0.5218705,0.00013945079,0.00014225433,0.00028990605,0.00017676479,0.00013862865,0.008650859,9.639224e-05,0.00040178423,0.00011221854,0.00013937628,0.00048255248,0.00012846667,0.0016681117,0.00023211286,0.00011149859,0.00013318575,0.0011100203,0.0031684297,0.00013211636,0.18518808,9.011209e-05,0.00016888785,0.00013358002,0.000106983054,0.00014247681,0.000171356
Girls 6to12y,0.00041612724,0.00030403925,0.0009747838,0.0037135324,0.0001021057,0.0043067383,5.9450922e-05,0.002595435,8.577082e-05,0.0011378782,0.0005603501,6.7196204e-05,0.20168272,0.03560425,0.00016348432,0.0002532317,0.00018582353,0.0007775998,0.00013557942,0.000846187,0.00046572747,0.0008489292,0.00024428382,8.0850674e-05,0.00053647865,0.00038272332,0.00054741936,0.0003362941,0.0001771223,0.00013531865,0.0004896279,0.00097075093,0.0002487402,0.00035551176,0.00010622443,0.10154659,0.029731007,0.9633528,0.98337924,0.5621747,0.9689307,0.48030627,0.958782,0.2200698,0.086732954,0.9234022,0.96899945,0.00014921134,3.392578e-05,5.079791e-05,8.474417e-05,0.00029626864,0.00018888593,6.396978e-05,0.0002037095,0.00015084783,0.0003175538,0.00022765396,0.002249386,0.0002864263,0.005169247,6.8118236e-05,0.00012248263,0.00025066044,0.00063118775,0.0004810547,0.0001588328,0.001054405,0.5216343,0.00014678267,0.00047786487,0.00028990605,0.0005834826,0.0001330368,0.008297961,9.324196e-05,0.0003138412,0.000112381684,0.00060184044,0.00062618067,0.0004498722,0.0016199411,0.0002745464,0.00011485823,0.00044960095,0.00043411,0.0030050266,0.0001322179,0.16458462,0.00030741194,0.00048339288,0.00015395449,0.00010636742,0.00017634526,0.00015924132
Boys 13to17y,0.0003891668,0.00038713322,0.0009243846,0.0040567727,9.502856e-05,0.004745926,5.9605278e-05,0.0024208426,8.395242e-05,0.0011566286,0.00051433,6.567593e-05,0.060118243,0.054782704,0.00026009823,0.0002425768,0.00016992801,0.0007297111,0.00012096906,0.0011302646,7.5152566e-05,0.00050961506,0.00013136276,5.584678e-05,0.00013141219,0.00058452913,0.00019007355,0.0007778825,0.00013092405,0.00012047206,0.00012047206,0.0008616235,0.0002217495,0.00012446514,0.000100773046,0.20834213,0.02878926,0.98273164,0.85551935,0.96990395,0.52111834,0.9598419,0.4735535,0.21605796,0.23025371,0.5487566,0.62226474,0.00012047206,3.2382875e-05,5.363204e-05,7.792544e-05,0.00028107985,0.0004395326,6.266684e-05,0.00019934392,0.00014994883,0.0001511469,0.00021345328,0.0023957745,0.00020994726,0.005689405,0.0002279267,0.000100670484,9.097918e-05,0.00052777113,0.0001644814,0.00015741793,0.00091190985,0.5070713,0.00013160541,0.0001277297,0.0002720962,0.00013307095,0.00021577526,0.008432018,8.458139e-05,0.00026110085,0.00011137692,0.00013218539,0.00045209783,0.00011545303,0.0019164804,0.00021758623,0.0001053229,0.00012529599,0.0004355815,0.0032527854,0.00012491831,0.16327226,8.452732e-05,0.00015467238,0.00012147147,0.000100959,0.00014155572,0.00017017956
Girls 13to17y,0.00038964703,0.0002901741,0.00061420206,0.003983951,9.728516e-05,0.0033542642,5.935129e-05,0.00325666,8.417144e-05,0.0007080169,0.00053716725,6.14362e-05,0.27386355,0.055985536,0.00029118318,0.00024137052,0.00017229984,0.0005558259,0.00012291393,0.0010400033,0.0004952185,0.00047770384,0.00012847471,8.219342e-05,0.00047357247,0.00048555818,0.0004979449,0.0001407305,0.00012934391,0.00012255559,0.00043618647,0.0012653929,0.00023714494,0.00029087398,0.000100147015,0.076700404,0.064530596,0.9678906,0.96160084,0.7014768,0.97136486,0.5373574,0.960055,0.26112127,0.08124818,0.7872254,0.9308502,0.00013291667,3.2382875e-05,5.4895467e-05,6.6299006e-05,0.00023552726,0.00044036694,4.8799844e-05,0.00015004579,0.00015400581,0.00024105696,0.00021302882,0.0024775683,0.00014796582,0.005245639,0.00016177747,0.00010192757,0.00019279403,0.0005382417,0.0005026062,0.00018453278,0.00092411414,0.50300443,0.00013795255,0.00042156,0.00027882084,0.0007436068,0.00023663325,0.008073184,8.77367e-05,0.0002599769,0.00011137692,0.00043666855,0.00058966625,0.0004867565,0.0026841671,0.000220624,0.00010924548,0.00014174756,0.0004355815,0.0032511775,0.0001243833,0.13192679,8.965187e-05,0.0005155039,0.00020623884,0.00010015568,0.00014442866,0.00021407753
Men (18 - 59 y),0.00022777093,0.0002008544,0.00014667504,0.0007938566,0.00010300796,0.0012112487,0.0003568451,0.0013033126,8.417693e-05,0.00021952864,0.00037045474,9.865723e-05,0.059526753,0.05179373,6.881851e-05,0.00013076974,5.975423e-05,0.0034030608,0.0007515822,0.0015619646,9.456779e-05,0.00010596366,0.00017694385,7.559382e-05,0.000266342,0.00012325862,0.000120871715,0.000106341344,0.00017168767,0.0002680778,0.000195648,0.00021537792,9.500738e-05,8.6955726e-05,0.00034872437,0.34634757,0.032821048,0.9339204,0.95981,0.9310277,0.8747749,0.8230471,0.5811132,0.9993116,0.931823,0.9873815,0.92664033,0.00029682874,0.00014988835,5.5972996e-05,0.00043621007,0.00068069,0.00021761058,5.4319586e-05,0.00044803566,0.00025379265,0.00025899874,0.00016513965,0.0022436143,0.00023126738,0.0015256216,0.00022490954,9.33313e-05,0.00038043718,0.0002735324,8.590529e-05,0.00014600731,0.00072203425,0.6261203,0.00015618255,0.00018589577,0.00017581013,0.000277314,0.00040492945,0.0028023964,6.454315e-05,0.001082065,0.00021393156,0.00022572039,9.648204e-05,0.00012579431,0.001153611,0.0002078917,0.0009955514,0.00022024552,0.00015390124,0.0029138282,0.00026662368,0.6095958,0.00022024552,9.3926166e-05,0.00019724232,0.00018082287,0.00027904336,0.0002446986
Women (18 - 59 y),0.00024205363,0.00012593647,0.00012019873,0.00054550363,0.0003670706,0.0010827482,0.00037814133,0.0014081707,8.964377e-05,0.00021952864,0.000324619,0.00010389907,0.0496707,0.030745652,0.00010558563,9.998893e-05,6.4846725e-05,0.0037128348,0.0011610704,0.00013730382,0.0001054837,0.00018104094,0.00021511248,7.768491e-05,0.00029489625,0.00022427154,7.4863565e-05,0.00018107845,0.00067352847,0.00031552312,0.0002971415,0.00025504487,0.00010278424,9.1916234e-05,0.00068946247,0.50727195,0.02983912,0.8103377,0.928644,0.9295359,0.9583048,0.851385,0.8585111,0.98386914,0.9992443,0.78876275,0.990461,0.000351918,0.00015406421,5.767468e-05,0.0004669234,0.0009388857,0.00031588445,5.852301e-05,0.00049399753,0.00027689585,0.00026904445,0.00017903771,0.0020198654,0.0002785285,0.0010427367,8.843559e-05,9.676698e-05,0.00041188524,0.00028945226,7.351461e-05,0.00034047538,0.00074308907,0.3962392,0.00015539101,0.00020199943,0.00023680589,0.00042881037,0.00044470959,0.001011979,0.00019309486,0.00100972,0.00025461827,0.00036460726,0.00010431168,0.00012876786,0.0009071162,0.00021765401,0.0010470896,0.00033511425,0.00016046617,0.002516373,0.000960378,0.6534891,0.000427961,0.00010010338,0.00027950646,0.00023482028,0.0003073702,0.00019698626
(Elderly men 60+ y),0.00026148255,0.0002517947,0.00079624355,0.0038612254,0.00013373116,0.00449602,4.6792476e-05,0.00059071946,7.974559e-05,0.00017432029,0.0004920993,0.00011967848,0.010160721,0.007414215,6.412815e-05,0.000161872,4.0219573e-05,0.00046157785,0.00045665237,7.015976e-05,0.00033750292,9.7811964e-05,7.969469e-05,3.912499e-05,0.00010313607,0.0020537237,0.000114932336,0.000111489135,0.0004457937,0.0003360905,0.000447238,8.068839e-05,6.731816e-05,0.00018292418,0.00014398272,0.12565662,0.054136947,0.04838018,0.1931253,0.11972375,0.07402894,0.11216255,0.07401711,0.8409915,0.2990016,0.99888414,0.98166203,0.00041226295,0.00045425093,0.0003885929,0.00038096198,0.0002588378,0.0003494664,0.00097398413,0.004498014,0.0015232362,0.00093870197,0.0030501797,0.007008315,0.0011410791,0.0078117778,0.00029372826,0.0007370647,0.00015733475,0.00010010625,0.0003613202,0.00010797386,0.00038095715,0.08307001,0.0001181662,0.0002973661,0.0001617352,0.0006394059,0.001107191,0.00011650404,0.0002574148,0.0004799336,6.6749366e-05,0.00062961376,0.0001188116,0.00055036024,0.00035668968,0.00014732323,0.00015646865,0.00013093477,6.208838e-05,0.07434907,0.00014145828,0.17896158,0.00013093477,0.00035019426,8.177894e-05,0.00014884237,0.00010425135,0.0005615644
(Elderly women 60+ y),0.00027010654,0.00019509374,0.00036865877,0.0026224656,0.000114505594,0.002258066,6.433596e-05,0.0014339007,8.008562e-05,0.00063795375,0.0005676452,6.87658e-05,0.086458065,0.07576256,0.00011649369,8.446802e-05,7.626069e-05,0.00048906315,0.0002950129,0.0004889837,0.00019688372,0.00023962918,6.842305e-05,8.8637855e-05,9.537471e-05,0.00044415207,9.532241e-05,9.637003e-05,0.00030302923,0.0002416068,0.00032345418,0.000117210315,9.289814e-05,0.00042884774,0.00033324392,0.18672094,0.0912112,0.030713398,0.055272646,0.110488825,0.07978718,0.054261286,0.078300424,0.14051239,0.7243168,0.98211634,0.9985988,0.00027761055,0.00019423103,6.9296766e-05,0.00023412134,0.00040630889,0.0008757885,0.0003798118,0.0006175884,0.0006029977,0.001554725,0.0010598378,0.0032974677,0.0003832648,0.002242095,0.00040292265,0.0003054941,0.0002608724,0.0009809865,0.00021583095,0.0004376421,0.0011577475,0.017891452,0.00019946623,0.00024067918,0.0015215013,0.00045545388,0.00071638665,0.0017636878,0.00015677267,0.0013595406,0.00016822702,0.00035356075,0.0007518252,0.00028625346,0.00025949642,0.0003999149,0.00099503,0.00023328344,0.00049077807,0.04117884,0.00024837203,0.15974021,0.00010855793,0.00019932546,0.00022592994,0.00033111864,0.00020955873,0.00033192462
Have IDPs been displaced previously,0.0020465038,0.008259069,0.013617915,0.0019303235,0.0022282982,0.00093778875,0.0004739195,0.0010151593,0.00010871152,0.0017993163,0.005685959,5.8773032e-05,0.00012440248,0.00019778305,0.021526229,0.00064408965,0.020286523,0.00013326493,0.9743927,0.019015105,0.7402719,0.927699,0.647221,0.13615769,0.94414407,0.8548749,0.24235487,0.3870768,0.9419064,0.9452394,0.9755275,0.97854006,0.0005573424,0.0012858051,0.0004221798,0.0004517225,0.0012139053,8.095821e-05,9.294791e-05,0.0001757102,0.00017913975,0.00022074491,0.00017954291,0.00019018592,0.00018531285,0.0005091627,0.0006029,0.9998083,0.03381576,0.11476381,0.0035342062,0.0005922669,0.0015609527,0.14175665,0.0058695893,0.0056673475,0.0060741766,0.085744366,0.0005753793,0.009893145,0.00071013987,0.0007547686,0.0022529517,0.0009813419,0.004130291,0.6210154,0.9354649,0.0024374027,0.00029612464,0.008637254,0.9708231,0.041089207,0.88342375,0.96915483,0.00384491,0.595932,0.004677045,0.00044731735,0.8709517,0.020734021,0.6403953,0.66789675,0.0004157497,0.005899126,0.46915963,0.007868462,0.00052935036,0.0019383575,0.0005954634,0.56478614,0.6643647,0.9899467,0.0009097162,0.0007235718,0.9853181
Reason for displacement of Majority,0.0031795884,0.004105382,0.00022594152,9.304587e-05,0.000502082,0.00013271206,0.0015724548,0.0003791822,0.0006169255,0.0008845056,0.001600631,9.925975e-05,0.0007788276,0.00028799576,0.0011840315,0.005029149,0.14463095,0.001680772,0.03150018,0.00022924178,0.011292143,0.004663555,0.0006198688,0.0011822894,0.004627568,0.0066148643,0.0046523856,0.0062642028,0.007926738,0.007697366,0.0065668505,0.004642399,0.0060733245,0.036810208,0.014029489,0.00052801665,0.00054755853,3.868465e-05,5.778227e-05,4.6989826e-05,7.240897e-05,4.985589e-05,7.982968e-05,0.00013198242,0.00011756052,0.0002006857,0.0002118926,0.053672735,0.99981225,0.032278724,0.26492846,0.018744193,0.044757824,0.013537384,0.0017246695,0.002293881,0.002344598,0.0033745728,0.00045378815,0.0024305123,0.00045753585,0.016342243,0.015923424,0.011021791,0.006391825,0.010789116,0.0103431335,0.03660551,0.0001560452,0.16833542,0.011140319,0.034085765,0.010274942,0.010797787,0.007991341,0.011581555,0.13308366,0.023885945,0.031891696,0.009393684,0.011321728,0.014509706,0.0057537663,0.014176225,0.014365281,0.0072136363,0.00053722155,0.20150198,0.0001975784,0.019120492,0.009862296,0.015944306,0.0040915012,0.034540895,0.015363625
Natural Hazard Risks,0.007049864,0.0035363366,0.008252207,0.0014971411,0.003534266,0.00342781,0.0005212335,0.00033274392,0.00018251405,0.0020439941,0.004031196,9.227986e-05,0.00038643964,0.0004150527,0.066823706,0.0010322938,0.050327327,0.0011513882,0.19519077,0.38345343,0.06853552,0.023108928,0.0021532017,0.7165269,0.2243388,0.040213633,0.002204996,0.005143141,0.0037096916,0.16888618,0.25814757,0.026223123,0.008499053,0.042605057,0.00037229285,0.0005443264,0.0008409099,5.001892e-05,7.7859266e-05,9.55273e-05,0.00017751724,8.611116e-05,0.0002066283,8.682186e-05,9.5931005e-05,0.00010149317,4.7958332e-05,0.16991228,0.057434082,0.9997974,0.022293048,0.00090010377,0.0021900095,0.7929637,0.5069658,0.015541699,0.15897673,0.88033867,0.0024257083,0.058112506,0.0063247066,0.004059339,0.001299663,0.0030774334,0.0059445533,0.06219632,0.1638253,0.0017920448,0.00012254567,0.010415505,0.29241532,0.22370204,0.039823722,0.027147628,0.042855613,0.06276154,0.013241839,0.0003408226,0.062660255,0.07797473,0.06699802,0.061342247,0.0015727323,0.02245975,0.052894015,0.008039682,0.0044328677,0.005297845,0.00021430799,0.06596125,0.049438093,0.24896483,0.0016005173,0.0009176038,0.1959403
Intended Area of Return,0.01564296,0.0035447322,0.0023765857,0.0001773474,0.00081103516,0.0008522762,0.0011149658,0.00023812172,0.00048162372,0.0015348496,0.0021505656,0.0002520897,0.00079484156,0.00020474326,0.005633764,0.050642494,0.035043035,0.01620724,0.0035578785,0.0018153383,0.004227721,0.0015752495,0.00028292497,0.0021389446,0.0023317363,0.0029792462,0.001402394,0.0014809461,0.0029863436,0.0023158381,0.0026925085,0.00023545692,0.02508899,0.10876381,0.011048585,0.0005644943,0.0013408024,7.4337855e-05,0.000307832,0.00023280375,0.00022967748,0.00015748353,0.00015335556,0.00026587804,0.00034565598,0.0002061727,0.00023054081,0.003453658,0.10468207,0.02176237,0.99977165,0.063217916,0.21169479,0.0028586225,0.0028016064,0.002785288,0.0029566705,0.0025780331,0.00041638475,0.006495362,0.00046808046,0.015183109,0.023577716,0.007000333,0.00055716885,0.005470192,0.0055510215,0.02702312,0.00094810704,0.0690299,0.0039682724,0.014644335,0.0023344385,0.003247432,0.01187824,0.004830089,0.08205204,0.0055629257,0.0030779617,0.004545741,0.0040022614,0.0056936606,0.020783277,0.04485913,0.0038860787,0.0015396927,0.0073370216,0.012090868,0.00089962635,0.00457422,0.0030975651,0.002679648,0.015046647,0.049691744,0.0019736683
Reasons to Return Home,0.002667595,0.00036817524,0.00022761039,5.8555055e-05,0.0015250151,6.451712e-05,0.0007252806,6.0756764e-05,0.0004140701,0.00013212,0.00013308757,0.0003442571,0.0033229112,0.004022451,0.0010583187,0.0041823876,0.0013068268,0.03057167,0.00044971437,0.00030291188,0.0005007989,0.0006207027,0.00013181359,0.0064013503,0.0005985641,0.00042187385,0.0002989446,0.00039357677,0.000718588,0.0006925238,0.00059464824,0.0003342425,0.017600572,0.0048565716,0.69167674,0.001763764,0.0006716256,0.00016377588,0.0002492241,0.0008043855,0.0008474845,0.0008423377,0.0008542001,0.0008454525,0.0010659301,0.0004924252,0.0005921575,0.0005659283,0.018146608,0.00078308623,0.038929313,0.9991095,0.7441763,0.0011417379,0.0006436886,0.00056658575,0.00056192174,0.0015474935,0.00050941115,0.00066406565,0.00024754592,0.029107593,0.0072536725,0.0345582,0.0007439581,0.000566504,0.0004503682,0.041328296,0.0011437882,0.0022279904,0.0004544173,0.003940247,0.0005189071,0.0004994631,0.0046848343,0.0017949454,0.0034009907,0.10324962,0.0005193413,0.0011684247,0.0019133458,0.0022980673,0.004745547,0.0044965358,0.001828417,0.0032619818,0.00036711604,0.048702206,0.0015188055,0.0009895553,0.0005007989,0.0007243284,0.11657652,0.05080501,0.00050475955
Reasons NOT to Return Home,0.00513574,0.0006197821,0.000298364,7.2684474e-05,0.0033383623,7.134952e-05,0.00058350794,0.00016390457,0.00040931138,0.00015007502,0.00028055784,0.00065591786,0.004084797,0.007985961,0.0017584892,0.020229373,0.0046847905,0.030571602,0.00072089065,0.0004817319,0.00090216374,0.0004450149,0.00018547596,0.0050609168,0.00071424845,0.00062150543,0.00047304993,0.0004581035,0.0009890675,0.0009918394,0.00096943666,0.00044835743,0.0298986,0.048413284,0.08427177,0.00077756547,0.00016126163,5.8030422e-05,7.936768e-05,0.00015160303,0.00015971025,0.00016253539,0.00016693848,0.00023152695,0.0002961956,0.0005672193,0.0002957613,0.0010194123,0.060848534,0.001967439,0.15855187,0.8293512,0.99979097,0.0012188444,0.00066917104,0.00066735735,0.0006736228,0.0006448035,0.00022698037,0.00071272074,0.00019993879,0.0073995255,0.0066054054,0.04223515,0.0004052248,0.0009930175,0.0007178641,0.037852712,0.00033059838,0.0085361395,0.000740107,0.003018532,0.0008733531,0.0007559164,0.0024967946,0.001327279,0.020585904,0.039348472,0.0008492773,0.011810445,0.001192915,0.0018096667,0.014429313,0.009517416,0.0013307013,0.0053421627,0.00023591382,0.026997432,0.0004103352,0.0011831273,0.000836504,0.00086723233,0.06817198,0.13458207,0.0008889141
% HH living outside (no shelter),0.0049669645,0.009255883,0.005012852,0.0045339894,0.00072454737,0.004316803,7.818109e-05,0.0010645533,5.691702e-05,0.0025324763,0.03549461,0.00014123353,0.00016789093,0.00014725144,0.0015519373,0.00011160347,0.0016616882,0.0004569718,0.013819219,0.055044305,0.004262136,0.0018614746,0.0011150053,0.21876127,0.01742218,0.004648668,0.00087429263,0.0018988464,0.0038760274,0.027760664,0.054265384,0.025618723,0.00011013715,0.00035913373,0.0014613816,0.0011551859,0.0006997836,0.00026403536,0.000119595294,0.00014004638,0.00013865279,0.0001399034,0.00014025744,0.00013081938,0.00013877876,0.0006436894,0.0007905944,0.05966076,0.0007997818,0.7641243,0.0017718035,0.0002167723,0.00019074566,0.99967533,0.87143576,0.89558977,0.7985933,0.9954252,0.0032722391,0.12652983,0.0031853034,0.000148703,0.0015188819,0.0003790315,0.015612269,0.0051063793,0.03499701,0.00027566656,0.0007803142,0.00020706719,0.045987878,0.018441753,0.00539783,0.033074293,0.0009291038,0.004341299,0.00039118703,0.00028462146,0.0054064766,0.0039600204,0.00453459,0.0045856256,0.0018302418,0.0005279705,0.0029793729,0.0024030781,0.0014835605,0.00020533083,0.0005226668,0.0048044454,0.005219985,0.057864092,8.5928266e-05,0.00024474584,0.033549264
% HH living in EmS,0.001703723,0.001809516,0.0009829004,0.00064616045,0.0019321791,0.00065909955,0.00016321763,0.0002776519,0.0001279739,0.0006354613,0.009006711,0.00064905727,0.001280831,0.0006001631,0.0048239017,0.00043322344,0.0030368518,0.00076857547,0.07306236,0.3620333,0.018799178,0.0027798822,0.0025491652,0.6484131,0.0976374,0.01129963,0.006081147,0.0021639948,0.013013506,0.14074732,0.17161743,0.04278941,0.0006721994,0.0035954409,0.001073451,0.0016564463,0.0010181178,0.00012623398,0.000102824386,0.00021654411,0.00019626856,0.00024477023,0.00025264116,0.00034912958,0.00043026995,0.00045986593,0.00021493068,0.15024662,0.0134793,0.8909091,0.0025066189,0.0013559265,0.0013716331,0.99828446,0.99963886,0.72895527,0.957354,0.99682283,0.023606302,0.49816096,0.024025004,0.0013888351,0.008846209,0.0013672045,0.010237469,0.014354014,0.115007855,0.0043664137,0.00033697978,0.0028724137,0.13454618,0.17689769,0.018537875,0.08216737,0.0012251899,0.0076080207,0.0014914019,0.00068220566,0.014030735,0.014567344,0.016569357,0.014626239,0.005440919,0.002775412,0.019580165,0.006751523,0.010814032,0.00108203,0.0009803294,0.020810667,0.019295903,0.10088608,0.00027230257,0.00092204375,0.049417686
% HH living in makeshift/self-made shelter,0.0020717175,0.0017474359,0.0008139564,0.00047686227,0.008040707,0.00075192045,0.00021600665,0.00026026345,0.00013728064,0.00031960758,0.006575093,0.00035686066,0.00030899863,0.00046597575,0.0035552853,0.0008551973,0.00063467916,0.0003456623,0.013650413,0.12938075,0.0028792901,0.003083157,0.0032704745,0.12749006,0.026860002,0.006507403,0.0016070848,0.0037107978,0.00536064,0.02727496,0.122184485,0.018470926,0.00029619577,0.0006392489,0.0039642225,0.0012405883,0.00037915734,0.00012544249,0.00015749519,0.00016715261,0.00016935721,0.00028040286,0.00025784152,0.0002839425,0.0002662204,0.00024244476,0.00018188829,0.106722385,0.0032022067,0.4017326,0.012211936,0.00029452227,0.0005396703,0.995081,0.99790955,0.9993657,0.9982232,0.9958009,0.031521756,0.9254297,0.027903467,0.0010765408,0.008088965,0.0011794618,0.05802668,0.06614673,0.4048841,0.004309223,0.00042419927,0.0024018034,0.11685966,0.13686335,0.013816381,0.055424042,0.00042153458,0.04508877,0.0010309656,0.0016978803,0.023459597,0.0659266,0.012611028,0.04841108,0.0034213485,0.002410154,0.057813257,0.007082962,0.029450448,0.0003406331,0.00047210025,0.06647194,0.013896401,0.06722064,0.00028777122,0.0015822011,0.07372824
% HH living indoors (solid walls),0.00028933497,0.00036840345,0.00027569625,0.0040291045,0.0010079318,0.0062362025,0.00011347149,0.0015822918,5.9623577e-05,0.0009205881,0.00042980755,5.410963e-05,0.0073673525,0.0068288925,0.00068711676,0.0003127795,0.00021267221,0.00014555363,0.00021446723,0.00046475205,0.0024805325,0.00021478174,0.00026687025,0.0003924837,0.00027584334,0.00040967544,0.00032491513,0.00021461312,0.00021452257,0.0002143767,0.00066695665,0.00022737466,0.00010163735,0.00015360629,0.00024246922,0.010884643,0.011381267,0.0030396907,0.0053658695,0.0029567468,0.0045941104,0.0023285241,0.004371194,0.0015645562,0.0014420382,0.0029427535,0.02120536,0.0005400163,0.0006601573,0.001140565,0.0030660913,0.00019794339,0.00022430024,0.050295595,0.2282345,0.5268846,0.9905116,0.017586429,0.9056431,0.5392295,0.95031345,0.00016438727,0.0006426381,0.0005269699,0.0041348455,0.0058800043,0.0042975214,0.0003027643,0.0048937947,0.00042827317,0.0024594404,0.0011928823,0.0007633648,0.0008140686,0.00022054862,0.0035797125,0.00028731584,0.0003543388,0.0005684595,0.0028207174,0.0024967096,0.0036365897,0.00032953778,0.0006676064,0.0031655666,0.0027303447,0.94976854,0.00020545839,0.016077008,0.003689763,0.003571911,0.0005357671,0.00010660601,0.00046295582,0.0025694761
% HH have access to electricity,0.0020472608,0.0017774842,0.0014390557,0.0006815829,0.004808266,0.001607993,0.00062573433,0.00043247372,0.0003653958,0.00034840516,0.006499714,0.00078132376,0.0018122088,0.0007911258,0.0026849653,0.0011847438,0.009967567,0.0005070872,0.006115234,0.010630013,0.03410031,0.003614445,0.0039201253,0.01864233,0.0039289286,0.0036575543,0.0011944755,0.0011892577,0.0041961106,0.003848274,0.0055498765,0.0039142673,0.0007245423,0.0006825905,0.0012534255,0.00033265766,0.00067202793,0.0002686556,0.00027889825,0.00023308655,0.00023617042,0.00018204194,0.00016124576,0.0002682607,0.00020360142,0.0009146846,0.000947459,0.013420982,0.0035003377,0.09031035,0.01807514,0.0007392572,0.00050607184,0.5750519,0.9923728,0.9907259,0.9933972,0.9989902,0.5155749,0.9981258,0.36980593,0.0008835724,0.009977335,0.0010884152,0.059292607,0.030994257,0.029004648,0.0014244468,0.0006701873,0.0023299388,0.0058147935,0.006968415,0.005890599,0.016222965,0.013700307,0.09687735,0.00095637894,0.0009927931,0.0045132595,0.038217604,0.08972066,0.099430725,0.0033387286,0.00374455,0.12342181,0.012970636,0.2548735,0.0007723533,0.0019598776,0.120594345,0.03358664,0.01934963,0.0005105673,0.0008549921,0.026188744
% HH have access to safe cooking facilities,0.0002876772,0.00059384666,0.00037171677,0.0019931195,0.0009310054,0.007909012,0.00014605085,0.002486512,0.00013922744,0.00041550552,0.0007089386,0.00014655989,0.004651602,0.0069843503,0.0006389115,0.00028505764,0.001217236,0.00011445131,0.00040790622,0.00036720178,0.0023229741,0.00028590846,0.00030001142,0.00038892473,0.00034650337,0.00029061906,0.00029997,0.0002826698,0.00028900636,0.0002569359,0.00035366896,0.00020512725,9.7867356e-05,8.040283e-05,0.00040559832,0.0035532315,0.0058312383,0.0019154283,0.0016099393,0.0014862539,0.0015498259,0.0012158132,0.0012783313,0.0019572214,0.00184532,0.0027270021,0.002602253,0.0006488816,0.0010304789,0.0008514327,0.0018585677,0.0004225243,0.0002186871,0.007454137,0.04072244,0.102101274,0.068649046,0.057074416,0.9998441,0.32591304,0.98972154,0.00046594796,0.0008092386,0.0007050612,0.0018725003,0.0035883782,0.0053867674,0.00034752087,0.0066393795,0.0004400307,0.000736356,0.004457791,0.0006437515,0.0034894848,0.0015876124,0.012159547,0.0004487729,0.0005765478,0.00074948906,0.002536781,0.010830379,0.012500092,0.001493025,0.0049853195,0.012712231,0.0071405843,0.9957824,0.00043884784,0.006432126,0.014525962,0.0024240573,0.0025025122,0.00016233239,0.0002853194,0.0032294698
% HH have private living area,0.0049375324,0.0016083148,0.0011264847,0.000432804,0.0048588915,0.001845318,0.00059689366,0.0004104168,0.00033907956,0.00038993516,0.006562784,0.00179154,0.0009880118,0.00082361046,0.0029969055,0.00080763083,0.009921054,0.0022285364,0.006202804,0.007385068,0.03265924,0.0011880847,0.00088392507,0.004240063,0.004209304,0.0034487653,0.0008880109,0.0008832981,0.005677007,0.0033208847,0.006057078,0.0009135639,0.00054792076,0.00023582226,0.0011732314,0.00057425664,0.0011729083,0.00020026119,0.00020448433,0.00023849538,0.00023887907,0.0002058777,0.00021720077,0.00021961547,0.00020235158,0.0003252982,0.00031455953,0.009893145,0.0037435237,0.020670136,0.03863879,0.00067611085,0.0006652923,0.33065125,0.98055553,0.99297035,0.9956907,0.8780113,0.3308042,0.99983585,0.3381622,0.0005329162,0.010455749,0.0012759787,0.06599687,0.08954713,0.018891543,0.0013133725,0.00074583734,0.0018733502,0.01272639,0.006992292,0.0045191394,0.015543494,0.0019586282,0.0520537,0.0010290656,0.000827436,0.0044740364,0.04026425,0.03458346,0.037632253,0.003468163,0.003887527,0.03175567,0.012132238,0.34925905,0.00082124997,0.0006494528,0.094386786,0.03309477,0.013741843,0.0003722605,0.0008420861,0.01772056
% HH have mosquito nets,0.00039264216,0.00036934437,0.00045822933,0.0033488974,0.00092514255,0.021964481,0.000105796265,0.0015102266,6.6696906e-05,0.00043032048,0.00040072214,7.901996e-05,0.015206781,0.0065573156,0.002875224,0.0012915024,0.0017081678,0.00013986207,0.00073623954,0.0003810177,0.003467368,0.00052111037,0.00037154905,0.00040183953,0.00051465863,0.0004749805,0.00035496027,0.00035586412,0.000459436,0.00037478417,0.00068201916,0.00034131034,9.964122e-05,0.00018773823,0.0003911139,0.0055148033,0.005380236,0.0027154104,0.002356732,0.0015567866,0.0019050139,0.00182122,0.0019561124,0.0012867218,0.0010714786,0.0028333692,0.0017992868,0.0007915955,0.0006818437,0.002068148,0.0031527937,0.00024489174,0.00019124596,0.008685614,0.048612043,0.111567765,0.046418708,0.025631262,0.99098533,0.20841536,0.9998373,0.0003440124,0.0008107326,0.00023977159,0.0018706456,0.0025384957,0.00416352,0.0004200521,0.0065920544,0.00064719474,0.00067629677,0.001808206,0.00064766104,0.0027031745,0.0014548409,0.0037916442,0.00045562166,0.00023350454,0.00049902947,0.004647876,0.002498255,0.0036094808,0.00026226015,0.0008315095,0.0029154185,0.0013175046,0.9896417,0.00021439404,0.004923761,0.00411815,0.0033542234,0.0019096466,0.00020030742,0.00019597933,0.0030931197
Most needed NFI,0.00029189023,0.00015918977,0.0003815668,0.000108269465,0.0016133642,0.0001541054,0.007114111,9.208139e-05,0.0017579491,0.0004379465,0.0001521552,0.0036769484,0.0052470197,0.00988604,0.0030548954,0.015206919,0.014122665,0.011672048,0.00095170655,0.002606406,0.00098123,0.00025132336,0.00056783407,0.0017122449,0.0002573677,0.00069108256,0.033213846,0.00096237543,0.00057732,0.00026683754,0.00037695788,0.00023773397,0.022481948,0.0074817957,0.07273059,0.0010538952,0.00049181643,0.000114262366,0.00017145499,0.00045338576,0.00045323416,0.00045952038,0.00017613494,0.0004918642,0.00017530276,0.00017800309,0.00017699669,0.0010241392,0.01757415,0.004094961,0.007942184,0.022135714,0.014526154,0.0013813833,0.0007859507,0.0006935951,0.0004886076,0.0008380752,0.00046259197,0.00054234185,0.00031049852,0.9998264,0.0009958032,0.042687334,0.0020841693,0.00048398747,0.00040329038,0.0045532845,0.0005948622,0.007183323,0.0002472377,0.022214552,0.0005792436,0.0006351861,0.007785485,0.0013107639,0.00877504,0.14525709,0.00093826925,0.010578044,0.0009796432,0.0008040534,0.0015969902,0.029874425,0.0011759069,0.010847584,0.00034106395,0.088647455,0.0006174469,0.00055219,0.000711222,0.0006265283,0.052420978,0.047325358,0.0007027632
Location of site main water source,0.013517153,0.0007565558,0.00024835375,7.366366e-05,0.0002674067,0.00013874372,0.00016012602,0.00010531517,0.00014109729,0.00011600453,0.0022409216,0.00045807243,0.0006212092,0.0004398571,0.0026116562,0.02218861,0.005803417,0.0045254813,0.0018383964,0.0007151548,0.0022167317,0.00021098879,0.00018300177,0.00042763317,0.00045046458,0.0008866726,0.00046445083,0.0001870515,0.00073753286,0.00077908795,0.0004491457,0.00018487069,0.0007730785,0.0022653798,0.007908412,0.00033913334,0.00026416048,0.00012569898,0.00011102661,0.00010499116,0.00010499116,0.00010459597,0.00010459597,0.00010459597,0.00010851448,0.0002868894,0.0003955925,0.00068972056,0.015334452,0.0006751834,0.018757468,0.0048552966,0.006637847,0.010070936,0.0066634156,0.012396405,0.023489388,0.009001141,0.0031105017,0.04372418,0.0031659135,0.0013974267,0.99986875,0.09024854,0.014107348,0.005928475,0.0038792293,0.055586293,0.00086564675,0.008583001,0.00084200146,0.027421588,0.0021929736,0.0026482015,0.0013310112,0.0042501753,0.0029686193,0.0114453,0.0008001589,0.00074342324,0.00076176424,0.0011233009,0.07614515,0.010236103,0.0057895067,0.003476703,0.0042315875,0.0060400325,0.001751188,0.0012958545,0.00084956596,0.00088422163,0.0057922807,0.0044265427,0.0021740291
Main drinking water source,0.0006719726,0.00015926025,0.00026394732,7.676849e-05,0.0006354125,0.00014941712,0.005387992,0.000107770036,0.003087896,0.0002795137,7.276239e-05,0.0025660342,0.001713936,0.0031895514,0.0025405476,0.00084091915,0.0035452575,0.051218405,0.0005981707,0.0021810594,0.00064675073,0.0005285506,0.0004855839,0.005801388,0.00053340365,0.00092169683,0.00037331178,0.00049877854,0.0005695834,0.00076446944,0.00074409385,0.00015102753,0.01785562,0.0071168877,0.16058443,0.004337964,0.0016701901,0.00014834745,0.0003254201,0.00015144733,0.00020014623,0.00012170197,0.0001587809,0.00029907777,0.0004430845,0.00033238204,0.00032903385,0.0006267582,0.01272057,0.0018368596,0.006225994,0.07588637,0.02571286,0.00054619694,0.00111616,0.0010815099,0.0011403984,0.00040664984,0.000131143,0.0006848292,5.6327513e-05,0.026597612,0.07296142,0.99740577,0.0060450076,0.113942586,0.01159602,0.01017819,0.0012053152,0.025566299,0.00088945235,0.0016926194,0.0008596964,0.0009438183,0.0013102726,0.000992151,0.012537847,0.18305673,0.0020164489,0.000814391,0.0007991957,0.000905161,0.007664442,0.0050113625,0.00096590316,0.003495561,0.00010398888,0.11350163,0.0043427544,0.00078153383,0.0005185774,0.0007885007,0.09361288,0.06276579,0.00076098175
Avg amount of water available /day/person,0.00035402374,0.00082822045,0.00020545202,0.00010525631,0.0011321815,7.0098584e-05,0.0034661014,0.00024322952,0.0006675432,6.96197e-05,0.002361137,0.0009096092,0.0015682798,0.00076359115,0.0031969175,0.0027052162,0.00086348667,0.0022877832,0.0005742275,0.0003491771,0.00023801293,0.00029812736,0.00030745147,0.00069624913,0.0003016111,0.0003912876,0.00015168793,0.0003229804,0.00021165104,0.00020887927,0.00020978728,0.00024165523,0.0012389009,0.0010831911,0.0065354845,0.0011955162,0.0017107761,0.00039090606,0.00063969044,0.0004933852,0.0004846378,0.0004554919,0.00043967227,0.00045010645,0.0004884399,0.00051016395,0.00044144323,0.000394931,0.0043391045,0.0014610037,0.0017168862,0.0029910817,0.0017250846,0.011227644,0.006100489,0.022594176,0.020976592,0.009675803,0.0018078133,0.012853676,0.0011307471,0.006719558,0.00931503,0.0065582,0.99956286,0.002256775,0.008356532,0.010231015,0.0031160773,0.03367548,0.0006159767,0.27147833,0.000569447,0.0007181432,0.00058142893,0.00091164873,0.013687864,0.0200466,0.0005867663,0.009327843,0.00032304242,0.00070258277,0.007806034,0.028504452,0.00052181026,0.016514985,0.0010294401,0.007837928,0.0032366302,0.0005314209,0.0001012819,0.0006164607,0.008553842,0.011950063,0.00068057433
Is drinking water potable,0.0025270332,0.006223583,0.026974924,0.002866283,0.001129609,0.0007703228,0.00034728216,0.0007449977,0.0001485636,0.0013252746,0.0041820384,7.8639474e-05,0.00012301395,0.000114633,0.0319464,0.002589271,0.033955075,0.00052852905,0.89326745,0.012268784,0.9699197,0.9712138,0.6906692,0.05016282,0.8640541,0.9826218,0.94017005,0.9604667,0.962465,0.89935696,0.6747617,0.46300614,0.00074598286,0.00640419,0.0008772116,0.00042988075,0.00087519607,7.96449e-05,7.2745155e-05,9.401444e-05,0.00038963347,0.00015957351,0.0005818712,0.00014327063,0.00012908317,0.00035268473,0.0003867915,0.8442954,0.010203977,0.0795281,0.0030783275,0.00058772013,0.0009598167,0.021365529,0.03410823,0.051585432,0.053399865,0.011804587,0.0035404952,0.098983765,0.0024629585,0.00041264974,0.0062935897,0.14809737,0.013864132,0.9998019,0.8489089,0.0026525138,0.0005229213,0.008044067,0.98464096,0.0049393103,0.9885342,0.6998969,0.060886186,0.98240834,0.0063769957,0.0010344208,0.9872338,0.08969564,0.9890562,0.98761743,0.0005642276,0.012604139,0.9839407,0.008468591,0.003816877,0.0006042706,0.00028468837,0.9691751,0.96889246,0.5670416,0.0010677357,0.0016591721,0.54117334
Complaints about drinking water quality,0.0016465175,0.004748738,0.043113224,0.0013950089,0.0021370186,0.00036053092,0.00047885763,0.000648507,0.00013910569,0.00087629724,0.003160526,5.936234e-05,0.00015315006,0.00014952208,0.0049814056,0.00044603407,0.021816477,0.00012262158,0.85517716,0.07442212,0.4782874,0.13719308,0.16371219,0.3555014,0.528764,0.18060523,0.05214308,0.10748185,0.49448103,0.7617734,0.4637044,0.57429826,0.00046897482,0.006112165,0.0008571333,0.00012720557,0.0004118431,0.00014334534,0.0001624528,0.00010940594,0.00010721736,9.699615e-05,6.318502e-05,9.702666e-05,0.00016472298,9.136767e-05,0.0006120085,0.8989067,0.0123359645,0.15796404,0.0028724482,0.00032784362,0.00083555083,0.11691805,0.059308026,0.037542515,0.05217512,0.09671075,0.0051575317,0.019859377,0.0037988918,0.00039242778,0.0061053,0.014330553,0.026790636,0.85948706,0.99980086,0.0022667123,0.00076070154,0.0070794667,0.90730524,0.05460554,0.74244565,0.98636776,0.0061015124,0.5079658,0.0050781127,0.0010845945,0.77066654,0.048656236,0.5703943,0.5328287,0.0006006439,0.010537612,0.5249706,0.013884612,0.0047421586,0.00096453103,0.000606316,0.45769075,0.48092782,0.9336342,0.0010823422,0.0033678384,0.98961824
Condition of most of the toilets,0.0006902717,0.0010578883,0.00036082664,6.0231272e-05,0.0028244175,5.619674e-05,0.00050778355,0.00019610893,0.0002395888,0.00016179448,0.00072146056,0.0001296812,0.0028055976,0.0007403693,0.014773175,0.0038551548,0.02142651,0.01298637,0.003580067,0.0006816441,0.0037084753,0.0005336229,0.00041390499,0.0025061928,0.00041390499,0.00044053906,0.00034008457,0.00033476896,0.003024168,0.0039561973,0.0020109878,0.00041602584,0.0017594809,0.011492622,0.09480986,0.000652962,0.0009359343,0.0008341676,0.00020423665,0.00019230413,0.0001950162,0.0001659305,0.00059122493,0.00061100314,0.00019620378,0.00079091673,0.00028049355,0.0038309905,0.029799527,0.002014505,0.031014282,0.02248291,0.046026662,0.005141874,0.0012638818,0.0016526621,0.001628356,0.001930447,0.00038790912,0.0016983801,0.00043604977,0.0013441234,0.07048774,0.028296355,0.025647791,0.0030756867,0.0031007025,0.9997464,0.11199212,0.012187571,0.004621207,0.035654157,0.0102928,0.018391054,0.007967088,0.010801134,0.013713044,0.018794842,0.003409894,0.018056462,0.0042474014,0.0045176507,0.26574442,0.009117455,0.011310659,0.27770534,0.0004601496,0.019291513,0.002505303,0.0037173543,0.0042759785,0.0041745952,0.23117575,0.026209269,0.012555728
# of functioning toilets,0.00028116876,0.00030745898,0.00037351047,0.001734266,0.00018965779,0.0028906069,6.185578e-05,0.00238142,8.7344015e-05,0.00065912295,0.00056713686,7.551609e-05,0.12477648,0.027251365,0.00024071173,0.000102163474,0.0005174838,0.0010145806,0.0009996458,0.00039441092,0.0020239386,0.00019041974,0.00012087581,0.00018237908,0.00013745249,0.0001251204,0.00022423267,0.00030648775,0.0027109964,0.00092987483,0.0004537914,0.00014361314,0.0004327753,0.00036208384,0.00049084006,0.32601547,0.11747753,0.25515226,0.12974973,0.038767856,0.05747909,0.02883417,0.029856725,0.043377288,0.029429076,0.49450046,0.36653644,0.00057474023,0.00017713035,0.00014049881,0.00039328463,0.0006059454,0.00030342463,0.00031165115,0.0022482616,0.0018595596,0.0019207958,0.0008401653,0.047916513,0.0021600027,0.04836466,0.00011036997,0.0012044305,0.00057260715,0.0034767278,0.00040217445,0.0008561527,0.23131125,0.99969065,0.00095670123,0.0007926577,0.007492344,0.00068955735,0.0056742677,0.012185191,0.00025247876,0.007200124,0.0010277478,0.003098002,0.00090340996,0.00055756076,0.0018432871,0.003358567,0.0012135832,0.000381448,0.012181567,0.11020098,0.0017829502,0.40749773,0.00029974006,0.00054245867,0.0013000374,0.0008354892,0.0009302034,0.0009849867
Main garbage disposal,0.0048539992,0.000808519,0.00019953998,7.493171e-05,0.0011634454,0.00016698528,0.0022543587,0.00020684412,0.0042694393,0.0011369337,0.00089159457,0.00033082723,0.0003450807,0.00024296937,0.031666674,0.0013617032,0.09141369,0.050457682,0.007492666,0.00036386432,0.005774577,0.005894183,0.0059728445,0.013947272,0.004279949,0.0059137214,0.003940618,0.0010598451,0.007270598,0.005463,0.0057886383,0.0004618693,0.1514328,0.11036337,0.004401541,0.00026800807,0.0006639596,0.00013690739,9.171192e-05,8.767404e-05,8.767404e-05,8.86486e-05,9.4343275e-05,0.00016226935,0.00015338341,0.00023632424,0.00023065733,0.008740535,0.39299035,0.007962909,0.07471507,0.0036215242,0.014908193,0.0025058857,0.0023870072,0.002474231,0.002340737,0.0021086005,0.00046013467,0.0024551142,0.0004664524,0.009268192,0.0060756495,0.025494864,0.01621916,0.008243926,0.007008384,0.013430281,0.0005686117,0.9998134,0.1364692,0.08147407,0.0073204516,0.0055952007,0.0010122412,0.0066716354,0.1491592,0.05972643,0.0057648253,0.12668878,0.0078052636,0.004377151,0.014476213,0.075583324,0.0052950904,0.033099268,0.00033829233,0.012189316,0.00055859337,0.006985972,0.0045578047,0.0028304146,0.016263537,0.14284444,0.0062456946
Garbage and solid waste problem,0.0015682786,0.0039294367,0.0045444733,0.0030097878,0.001940053,0.00056309067,0.0005394224,0.0008543064,0.00015483207,0.001205677,0.0054632127,7.715486e-05,8.0918006e-05,0.00014600725,0.002911372,0.0044727162,0.04452115,0.0003713927,0.98157173,0.017006248,0.88119864,0.9734556,0.8047116,0.3456461,0.9451074,0.963001,0.9193928,0.96959597,0.9578049,0.9511273,0.9793383,0.7565586,0.0006943686,0.002775385,0.00075408525,0.0005095425,0.00074278424,7.5948956e-05,7.3798656e-05,0.0002298405,0.00053463836,0.0002296785,0.00043280935,0.0002261659,0.00023826848,0.00042020614,0.00045519954,0.9858306,0.004592263,0.34886992,0.0047514476,0.0004652668,0.001642603,0.114659995,0.00856389,0.0065753297,0.030472182,0.110728845,0.00083829515,0.012927658,0.00067152997,0.00015768663,0.00085817213,0.0014176113,0.0056058234,0.96725905,0.9427868,0.0025964733,0.00039891675,0.13095535,0.99980783,0.060651872,0.9885502,0.96795255,0.04601602,0.74813634,0.004421711,0.0007105389,0.96158916,0.098100536,0.9258419,0.8132345,0.00041298493,0.00937245,0.73906845,0.0115099,0.00055137684,0.00082472275,0.0008188133,0.77920073,0.89694464,0.96915483,0.0010022286,0.00051656103,0.9756772
Availability of hand-washing station,0.0003390083,0.00046592468,0.00023113975,6.941656e-05,0.0012942924,9.9112774e-05,0.0095775025,0.0001372561,0.002849841,9.260386e-05,0.00035629238,0.0007480397,0.00081182725,0.0008043114,0.01696978,0.0012560006,0.013223322,0.002636259,0.024426728,0.17292216,0.0065165684,0.009527345,0.003249291,0.1755024,0.07204651,0.0032627636,0.0004400184,0.0008063536,0.0041305767,0.06879668,0.07204925,0.009743894,0.0033058205,0.038999155,0.001780912,0.0016675623,0.0025280118,0.00028372224,0.00018780457,0.00017397875,0.00017538168,0.00016913447,0.00016946554,0.00016946554,0.00021559985,0.00029470952,0.0014964466,0.06760109,0.032808106,0.37047464,0.014597021,0.0014166336,0.009669374,0.3079647,0.31062055,0.03243555,0.41442344,0.5563414,0.002903795,0.03251105,0.0012110772,0.00569499,0.021480912,0.00094830635,0.045894485,0.0037226116,0.07507988,0.03244225,0.003967721,0.02719955,0.094631635,0.99975204,0.044503525,0.101045944,0.00160993,0.003962316,0.24576315,0.012457766,0.039334875,0.05444238,0.005298196,0.0039869123,0.037068475,0.16386187,0.0044361525,0.18662839,0.002939734,0.03698629,0.0022012142,0.0032527042,0.004048698,0.0794103,0.003699858,0.009238483,0.07805918
Hygiene promotion campaign,0.0016314375,0.004065798,0.008063302,0.0013107215,0.00151524,0.0005968213,0.00046397408,0.0006364422,0.00013139138,0.0007187087,0.0055242092,8.209722e-05,8.359492e-05,0.00013302402,0.030897422,0.0038357934,0.030416852,0.00035661738,0.9898818,0.027637329,0.75148517,0.84411776,0.6125223,0.27396345,0.9788044,0.94067276,0.6219234,0.3002354,0.96300995,0.98275536,0.97938055,0.8056763,0.0011259147,0.0013566964,0.00066523254,0.00036089652,0.0007996272,7.497141e-05,0.00012402504,0.00017556027,0.0003538816,0.00023463252,0.0001840399,0.00037578697,0.00040073367,0.00067548594,0.00069192064,0.96895856,0.0051584933,0.15536869,0.0025041553,0.00051813043,0.001412836,0.21390337,0.008680935,0.005549582,0.0053429287,0.10937057,0.0005970991,0.004618786,0.0006395751,0.0004750122,0.0022409605,0.0012102071,0.005845901,0.6847495,0.9731456,0.0073378654,0.0005392012,0.0070302077,0.9773156,0.06850094,0.99967796,0.99341744,0.03052039,0.5289757,0.0046450417,0.0006985981,0.975122,0.03603733,0.76367545,0.46729457,0.0010044192,0.009040856,0.45870557,0.0279002,0.0005648615,0.002150528,0.0008070001,0.4583741,0.66271675,0.9689157,0.0010411004,0.00096055644,0.9681143
Evidence of open defecation,0.0016792214,0.004201439,0.023670595,0.0021061078,0.0012352876,0.00027266832,0.0005394224,0.00062671443,0.00013167063,0.00087816175,0.0049265847,5.9667887e-05,8.0918006e-05,0.00013302613,0.0026412038,0.0006553266,0.0678175,0.00013283921,0.9701762,0.015895007,0.9153782,0.91469747,0.80828047,0.35238615,0.7958447,0.76466787,0.69089025,0.8139724,0.96400064,0.9685546,0.9442068,0.7233226,0.0009081847,0.0013402181,0.0021045364,0.00072176696,0.001133224,7.3630414e-05,7.039113e-05,0.00026582569,0.00035516423,0.00030848483,0.00023860125,0.0004714572,0.00068269967,0.000820345,0.0006730893,0.96915483,0.005609019,0.04337392,0.004048926,0.00046468544,0.0016429344,0.031536337,0.0065011024,0.0049513723,0.0071339547,0.07713854,0.00075200683,0.0042901,0.0006760195,0.00039022177,0.0026614224,0.0013308326,0.0055471263,0.9689945,0.87805426,0.013007897,0.003236541,0.0056971805,0.9861802,0.05964189,0.9935977,0.9997375,0.05839994,0.91706425,0.011071058,0.00076512154,0.99368644,0.013308374,0.9669488,0.9704126,0.0020946856,0.019280296,0.9540001,0.03623218,0.0018281698,0.004243116,0.0015942452,0.9260049,0.9255727,0.97797304,0.0031631028,0.0009278084,0.9609513
Access to food,0.002088054,0.0017801266,0.0014069723,0.0003972496,0.00335377,0.00030477447,0.010945622,0.0006946616,0.00055439107,0.00068508426,0.0025689765,0.00036497894,0.0037539352,0.0072332136,0.05260792,0.0057015433,0.07422287,0.053293772,0.028305579,0.008742535,0.24968193,0.18701851,0.23249425,0.011678972,0.30634,0.28267324,0.028336369,0.4805347,0.18680534,0.29334852,0.32162964,0.23188622,0.0053075333,0.0068330597,0.001070308,0.002343823,0.006020719,0.0018163963,0.0011725387,0.004048565,0.003261172,0.0034515285,0.0010816751,0.0034621195,0.0010932717,0.0013683845,0.0020913426,0.036178134,0.020909335,0.024586909,0.03393751,0.017077355,0.012984051,0.0004884501,0.00013014732,0.00018992391,0.00029960996,0.006606608,0.0020028946,0.0001821312,0.00023718658,0.0031542361,0.0021822012,0.0016777188,0.00282214,0.37469095,0.021080036,0.02145644,0.005797785,0.0053185318,0.25711584,0.0054113045,0.2461079,0.32206857,0.99937755,0.3471718,0.19064137,0.010940472,0.3036001,0.048243783,0.39808232,0.4411666,0.0031782198,0.015989328,0.35095593,0.113810755,0.00021741507,0.015463424,0.004796021,0.35089666,0.37473673,0.36678612,0.012286176,0.01996854,0.1964977
Access to market near from the site,0.0021226443,0.008414151,0.042912442,0.002866283,0.0011707679,0.0007555976,0.00036129905,0.00087580166,0.000169115,0.0012996377,0.008874167,7.835038e-05,0.00019146084,0.00017435467,0.034110267,0.0005331903,0.052817088,0.0012868231,0.95324636,0.0035068346,0.98795074,0.572507,0.56246805,0.0315504,0.7505686,0.939127,0.7732915,0.80929035,0.9304255,0.8030231,0.46107936,0.09182037,0.00095675903,0.004325619,0.0008897793,0.00023911087,0.0006695646,7.956821e-05,7.002085e-05,6.465432e-05,9.9039484e-05,0.00010904106,0.00011081133,0.00010904106,0.0003025772,0.00024250797,0.00026206262,0.8528759,0.0133441575,0.059852283,0.009236976,0.0008460363,0.0012277171,0.020106189,0.02095151,0.03365409,0.03215517,0.045291033,0.0117249,0.05171206,0.0037484986,0.0009702456,0.004850179,0.0015052067,0.009219577,0.9821724,0.4950126,0.008063533,0.00030887977,0.0064937477,0.92348605,0.0046901368,0.9804552,0.6124661,0.16551311,0.99980086,0.005722949,0.00093912974,0.963981,0.06558889,0.99142903,0.99220055,0.0006401354,0.012937404,0.9903226,0.008358546,0.0024371275,0.001106364,0.00045334743,0.9934682,0.9898037,0.82786417,0.0011054507,0.0015692392,0.62913114
Frequency of food distribution,0.00045594282,0.0015387223,0.00042350072,0.00010490922,0.0021702978,9.265986e-05,0.010698506,0.00036081206,0.00091775076,0.00026049567,0.0007173291,0.00042743832,0.0038542359,0.00047239073,0.0019600417,0.0009245236,0.06664784,0.0008900298,0.00042792913,0.0008075714,0.010048986,0.00042551584,0.0002471567,0.0070966906,0.00024711198,0.0027660935,0.0017328241,0.01157756,0.0028678905,0.0015922278,0.0020595002,0.00042471074,0.02369145,0.00040105192,0.005101884,0.0014033522,0.0016695072,5.753933e-05,0.00030276284,0.00028791468,0.00028517575,0.00027972675,0.00028525712,0.0003887047,0.0003718508,0.00027668264,0.00027616485,0.0020393252,0.09864302,0.009339306,0.058372635,0.003921452,0.009096665,0.0017061888,0.0009121217,0.001808683,0.0022263292,0.0011200558,0.00066828437,0.002236737,0.00075015833,0.0028230206,0.0016136342,0.0056573753,0.005893815,0.006864851,0.004917325,0.024459334,0.005872548,0.14457418,0.0013408146,0.36205828,0.0049180943,0.011071058,0.046782266,0.0049844026,0.999799,0.03324706,0.009574824,0.0020483132,0.004548831,0.005978529,0.0021178531,0.10444839,0.004066732,0.048198003,0.0009841854,0.10883217,0.0034320645,0.005623746,0.0044495836,0.006118603,0.006564537,0.027697258,0.0047800047
Most common source for obtaining food,0.00014327624,0.00015523679,9.964706e-05,7.379056e-05,0.0011603661,4.625066e-05,0.023867562,4.3799286e-05,0.004924641,9.30096e-05,8.193656e-05,0.009688676,0.0005400587,0.0008850631,0.0006214419,0.0015710896,0.0020148489,0.0017984173,0.00036249144,0.00067252264,0.0006694694,0.00013730869,0.00031763117,0.005813876,0.00013676587,0.0005709086,0.00016891355,0.0013536279,0.00054434955,0.0005419054,0.00066464517,0.00013730084,0.059382536,0.0022070752,0.17356646,0.0013475032,0.00047772232,6.464068e-05,0.0001049156,0.000103704384,0.000103704384,0.000103512924,0.00010369007,0.000103731014,0.00010502976,6.9420465e-05,7.048391e-05,0.00047627807,0.018119415,0.000295404,0.0050569256,0.055466577,0.014166191,0.0016085396,0.00054175104,0.0014693469,0.0013442276,0.0014813038,0.00039618945,0.0016357927,0.00015604937,0.09897581,0.011048704,0.42875773,0.0031375864,0.0010534746,0.0010753518,0.022779966,0.0008389646,0.041362055,0.0007855342,0.036923375,0.00093953946,0.0009843794,0.014123971,0.00096692867,0.09129484,0.99880147,0.0034146814,0.010447559,0.00094422017,0.0009609866,0.009787227,0.01926709,0.0007237901,0.014757267,0.00032534325,0.15170541,0.00488494,0.0011238501,0.0010069249,0.00088741194,0.057331003,0.20880538,0.000748432
Screening for malnutrition,0.0015358644,0.017574966,0.041946627,0.0013107215,0.0015829863,0.0004167548,0.00044821855,0.0006364422,0.00010877519,0.00081295415,0.0029749712,5.849416e-05,8.359492e-05,0.00013400684,0.021526229,0.0006390181,0.029765038,0.00029207632,0.9659644,0.026946483,0.647378,0.7654058,0.920374,0.38034692,0.9839058,0.9304306,0.62160987,0.8579061,0.92370045,0.9669844,0.98167235,0.9442569,0.00092069124,0.0012798837,0.00042390107,0.00042337345,0.0009799731,7.497141e-05,0.00012402504,0.00017556027,0.0002558776,0.00023463252,0.00017152898,0.00025481283,0.0002692371,0.0006994101,0.0006842166,0.96400064,0.020669956,0.18620852,0.0033819072,0.00048747333,0.0014396935,0.21951365,0.0066389022,0.0055622486,0.005965949,0.08599881,0.0007224822,0.0045776027,0.00047396738,0.0007086754,0.00080218463,0.0031764712,0.005932123,0.74464846,0.9761215,0.0067658303,0.0019288351,0.0055648205,0.9206937,0.06314946,0.9605028,0.99350655,0.048316382,0.44327223,0.009848574,0.0030565322,0.99978346,0.030865852,0.7846084,0.58592904,0.0005189718,0.009550557,0.4590195,0.009297771,0.0008147012,0.0015905803,0.00057750737,0.47179022,0.6522797,0.973362,0.0010958152,0.0008679707,0.9842877
Most health problem,0.0036946824,0.026925843,0.0020422714,0.0007204774,0.10145502,0.00090788474,0.0019488157,0.0022774367,0.0005308364,0.0008951317,0.016235232,0.00014753625,0.00042885216,0.00055183814,0.27747887,0.011937594,0.05411589,0.0026866002,0.02375984,0.018436586,0.024178846,0.024111893,0.008939914,0.01104828,0.15400884,0.017813237,0.0012546045,0.0146016,0.017717097,0.014933834,0.02328141,0.01251357,0.006932896,0.0041345735,0.009668448,0.0011530734,0.00021762855,0.00025461146,0.00013954895,0.00055634923,0.00017192826,0.00026353096,0.00013543795,0.00014292587,0.0001496759,0.0005495613,0.000537648,0.02384876,0.016636804,0.14301263,0.0064106085,0.003081036,0.009460647,0.014185957,0.016169691,0.014314793,0.014049484,0.020987725,0.0019792526,0.015838016,0.002665306,0.01365106,0.0007031041,0.0046721282,0.065217234,0.12674451,0.08256253,0.031732332,0.0005688069,0.14072269,0.10551299,0.049636725,0.028415572,0.022210877,0.095704235,0.05244741,0.002139196,0.01133861,0.024253283,0.9998083,0.022034427,0.36141625,0.0049083363,0.32172802,0.047982495,0.08188534,0.0015118873,0.0054673245,0.00078176963,0.039935783,0.022846399,0.018714815,0.029321343,0.014515264,0.09364837
Regular access to medicine,0.0015682786,0.0031487937,0.026326848,0.0024875128,0.0018838196,0.00037887957,0.00034748405,0.0007467784,0.00016541501,0.0011637511,0.0038145077,7.812066e-05,9.104042e-05,0.00015767083,0.003436993,0.0006505155,0.027508127,0.00010303122,0.93226576,0.0064596734,0.98571235,0.88105804,0.8373957,0.28140923,0.9701672,0.9721638,0.8810406,0.9170241,0.9786507,0.9670487,0.93376917,0.6492308,0.00081073644,0.0022367034,0.00058351585,0.00026348952,0.0012377688,7.307323e-05,6.195128e-05,9.038144e-05,0.00028016034,0.00014165085,0.00035921735,0.00020585621,0.00018461644,0.00049178087,0.00040284093,0.9259825,0.0053527122,0.3351717,0.004255616,0.0020880676,0.0011744525,0.021147884,0.009223438,0.008983271,0.003012797,0.09280012,0.0023237423,0.006051558,0.000547043,0.000707857,0.00084826886,0.0013467922,0.0037676268,0.9877733,0.74335337,0.0026512987,0.00047774502,0.008408472,0.96892995,0.017825278,0.98924214,0.8878225,0.23163734,0.9898765,0.0047230255,0.0007252419,0.9904635,0.016199343,0.99980927,0.99606943,0.00060428714,0.020246414,0.9922183,0.0077075423,0.0006965187,0.0008354528,0.00042547035,0.98918915,0.9678919,0.9697723,0.0011126285,0.0016450546,0.86404186
Access to health facility,0.001711636,0.008036563,0.024632756,0.0028169737,0.0016900738,0.0007208434,0.0003361018,0.0005536379,0.00016097359,0.001437906,0.005344187,8.49063e-05,0.00019021491,0.000101717655,0.02066192,0.0030054096,0.058000978,0.00034274318,0.95141643,0.012399043,0.99238414,0.9496266,0.92884624,0.042216353,0.96507317,0.9873055,0.83894676,0.8345649,0.95209575,0.8700058,0.73319125,0.61302555,0.0010976723,0.0045562065,0.00081627996,0.0011869143,0.0029476748,0.00026525342,0.00022461465,0.0007507842,0.0017269955,0.001282941,0.0015702298,0.0015392937,0.0017036591,0.0006780621,0.002025231,0.8999571,0.014486218,0.055016264,0.0032423232,0.002651933,0.0015016539,0.01485326,0.055917468,0.048768077,0.04751437,0.1615436,0.013316119,0.047108043,0.0035839959,0.00062339153,0.0011249608,0.001417022,0.010640708,0.9893361,0.5289429,0.0031716668,0.0019884682,0.0065312046,0.95683414,0.0036783898,0.9825829,0.7091274,0.37179402,0.9932777,0.0059572933,0.0009284379,0.9803838,0.35015967,0.99591655,0.9998011,0.0678225,0.1103363,0.99324465,0.03005221,0.0035126715,0.0010452019,0.001971873,0.99345815,0.96689796,0.7770757,0.0010451049,0.0015414066,0.5227691
Location of health facilities,0.0021188702,0.00017035202,0.00011101429,8.522875e-05,0.0014062531,0.00029706457,0.00039573817,4.7968442e-05,0.0005488284,8.8274755e-05,0.0005101879,0.0021535656,0.004983793,0.0027560554,0.0013777106,0.002362047,0.0012124956,0.004523288,0.00038789198,0.00049426744,0.0026852034,0.00022669054,0.00018895745,0.0015304082,0.001214783,0.00031528441,0.00019003576,0.00022673809,0.00049498555,0.001327742,0.00031520214,0.00018541543,0.019952223,0.008065109,0.0099135,0.0045606177,0.0056528635,0.00020569237,0.00035772962,0.00033665684,0.0004132946,0.00035242224,0.0004190393,0.0004236202,0.00040347117,0.00028104274,0.0001976428,0.00038922665,0.0023661493,0.0020184722,0.0109003,0.0029273932,0.008885147,0.008895802,0.0048764953,0.0046994057,0.0047027385,0.0059738667,0.0021208404,0.0047877138,0.0003414795,0.0036231393,0.023303267,0.018855037,0.045080964,0.0005934785,0.0006014449,0.060432225,0.0065038754,0.008536885,0.00040515207,0.03256047,0.0013298612,0.0027411315,0.0004993437,0.00064303546,0.016523687,0.015346339,0.000553232,0.013417968,0.0012654893,0.045995805,0.9997926,0.039373614,0.0028454077,0.03524632,0.00046802862,0.030266957,0.0059108376,0.0014923615,0.00095679023,0.0012949451,0.013021814,0.028979953,0.0013459837
Main provider of health facilities,0.00032780707,0.00044852524,0.0002997733,0.00011227868,0.0020944597,0.00011443655,0.006696541,0.00018486191,0.0014672992,0.0007687425,0.0004686099,0.0005812576,0.000839278,0.00017162804,0.0036364468,0.0023412702,0.071358606,0.0009213067,0.010093608,0.0011946964,0.008584233,0.0012166991,0.002053676,0.011024937,0.026379269,0.0019481593,0.0012962942,0.0011925042,0.007185322,0.0065422663,0.006227087,0.0020142829,0.015033531,0.009031833,0.0044110226,0.0030812693,0.012219173,4.0465868e-05,0.00021064363,0.00019885022,0.00019885022,0.00019885022,0.00019792808,0.0002686313,0.00027189782,9.607313e-05,0.00027399178,0.007638329,0.061298467,0.0137817655,0.05160209,0.0031143855,0.008774757,0.002419422,0.0013952999,0.001545269,0.0014482188,0.0015804847,0.003505156,0.0015551668,0.00061135984,0.029232312,0.0066804024,0.010613228,0.0026804153,0.0117694,0.008710475,0.012423431,0.0021152438,0.07282256,0.012131024,0.35400304,0.008558,0.017757632,0.0029688291,0.009381233,0.3107412,0.028825175,0.0090935975,0.2728881,0.01887917,0.09862669,0.03784314,0.9971982,0.00988162,0.071534775,0.00084018265,0.05013039,0.0076219165,0.021859791,0.005250852,0.011235053,0.007331144,0.03414592,0.0086578755
Access to education services,0.00907921,0.009123947,0.2393284,0.011013052,0.0023697086,0.010677406,0.00022158521,0.0015192148,0.00013634772,0.004173792,0.007893125,8.349561e-05,9.044414e-05,0.00013514892,0.016471524,0.0003519338,0.10770102,0.00031156166,0.9226968,0.0008986168,0.98491,0.88413167,0.8124796,0.015412895,0.880866,0.9723691,0.85347545,0.74002904,0.96732736,0.97134763,0.78196996,0.68120897,0.0029782043,0.0010634696,0.0004927744,0.00041596987,0.0005897825,0.0001974029,8.25119e-05,7.418267e-05,7.418267e-05,0.0001180773,0.00017854906,0.0001180773,0.00015923863,0.00024657,0.0006885274,0.84598523,0.0022952165,0.047344934,0.002004951,0.0010177533,0.00066706014,0.0033981348,0.005482592,0.0053463927,0.0033521461,0.022811763,0.0026745074,0.0030899658,0.0004182818,0.00057679054,0.0018132823,0.0006920479,0.0008429227,0.9838091,0.42599738,0.0013125872,0.000373228,0.0008589191,0.9239647,0.0010494724,0.958959,0.7465464,0.07021452,0.98799074,0.001963588,0.0006156115,0.9353995,0.012203793,0.99227566,0.992052,0.0014342928,0.0024500922,0.99959266,0.065413244,0.0005800315,0.002198632,0.00034675532,0.9921055,0.96977323,0.8126542,0.00066580914,0.0007042853,0.5894275
Location of education facilities,0.0039944416,0.02563878,0.039098762,0.0003339247,0.092741475,0.0007491457,0.001681889,0.0010756357,0.00044436564,0.0004597879,0.014370426,0.00012390755,0.0005603287,0.00063934963,0.010567874,0.0021357415,0.17548116,0.0013445043,0.020930573,0.0027127624,0.11104205,0.0020315433,0.001534845,0.10552453,0.0015947598,0.004378658,0.0028085343,0.003372765,0.040993694,0.19298603,0.015644336,0.002056867,0.0058344025,0.013246607,0.004155177,0.00018894247,0.00019175361,6.045215e-05,6.167803e-05,7.507761e-05,5.413622e-05,5.457391e-05,6.338672e-05,3.7991107e-05,4.5983343e-05,6.695213e-05,7.479247e-05,0.021614283,0.0795267,0.06705847,0.014549907,0.0017376635,0.0038048509,0.15563248,0.029050827,0.02861341,0.0315229,0.032145575,0.018805023,0.029844766,0.0049949167,0.0014708962,0.016708108,0.0027994395,0.023212906,0.060914952,0.070322834,0.07539207,0.00070711185,0.032976974,0.03323247,0.039761405,0.11945243,0.14138837,0.024150258,0.05780568,0.07434154,0.004166452,0.05003992,0.095618695,0.035049096,0.11294231,0.007893133,0.14649197,0.29871494,0.9946106,0.0056056282,0.019068012,0.00022856014,0.1385782,0.05315997,0.07415198,0.00438605,0.0031481704,0.04725389
% of children attending school,0.00089699886,0.00056506,0.000110174944,0.00011103771,0.0005796738,0.00017900237,0.0015758767,0.00018534242,0.00041368767,0.00014957752,0.0009693561,0.00044267275,0.015350128,0.0042434195,0.0033296319,0.002320906,0.0030050469,0.0022189403,0.001408601,0.0008033636,0.002197581,0.00029637275,0.00029192882,0.00035782947,0.0010046576,0.0012158441,0.00032242102,0.00031095408,0.0015532398,0.0022477359,0.0015577996,0.00034328428,0.0014935238,0.0013903105,0.0014877841,0.0074212872,0.00408922,0.0020623505,0.001463648,0.0014413091,0.0014060816,0.0014809669,0.001462619,0.002146248,0.0019711314,0.0065441537,0.0092778355,0.0015205184,0.0076796073,0.00297026,0.011522263,0.0010775434,0.0019801704,0.009222968,0.081363134,0.45905533,0.12051517,0.007833295,0.025731415,0.6274864,0.024741428,0.0053777928,0.035791498,0.0031512755,0.0431081,0.0023631386,0.003859611,0.02445621,0.020416042,0.008323146,0.0013858266,0.06935145,0.0016753923,0.005858011,0.014349322,0.0016422262,0.02986338,0.006394672,0.0027955498,0.008215238,0.0029243573,0.0023726174,0.015060719,0.037589606,0.002222105,0.011175636,0.99005485,0.013842036,0.009165739,0.002301035,0.0013124184,0.0016538016,0.0012462796,0.0042274846,0.0018088766
Occupation of majority of IDPs,0.00033341054,0.00040695007,0.00033042414,5.2712126e-05,0.0042572133,7.583726e-05,0.022617595,0.00016543451,0.0054815374,0.0002435278,0.00020890572,0.00092941197,0.0019170621,0.0011229084,0.0027548464,0.0015463196,0.01726479,0.007999616,0.0017779791,0.0007268544,0.0050624046,0.00035374926,0.0011579046,0.0013055674,0.0007650558,0.0003924262,0.0007885726,0.0011490968,0.0022312836,0.0036969336,0.0016083911,0.00035484543,0.012265298,0.010342428,0.05207911,0.0032530157,0.0068824464,0.000118479584,0.00025777819,0.00016816305,0.00017081527,0.00016879395,0.0001735297,0.00022342136,0.00071997923,0.0002117018,0.00020646499,0.004868096,0.27334452,0.0032582313,0.009830098,0.009519945,0.0021378475,0.0015580778,0.00038115625,0.00036793356,0.0003693019,0.0012881851,0.00037747785,0.0022069635,0.00022267163,0.07354519,0.0097347135,0.06135209,0.004893842,0.0013199401,0.0020579807,0.045638375,0.010910078,0.13381378,0.0019002411,0.11695195,0.0044695013,0.008773784,0.0104887765,0.0024215751,0.3410366,0.0412673,0.0032927226,0.0064384537,0.0025409174,0.0022038731,0.020538855,0.059869308,0.0053956094,0.15756914,0.0007061793,0.99859,0.009722308,0.0022154662,0.002231515,0.007944072,0.058417544,0.019297304,0.004481669
# of HH with source of income,0.00020288992,0.00031382483,0.0006232101,0.003869002,0.0001450678,0.0039918222,6.313738e-05,0.0014066754,9.002381e-05,0.0007787954,0.00058934407,0.00012537812,0.06280194,0.041299682,0.00016372203,0.00010482754,0.00039821127,0.0007584955,0.0010509256,0.00043515326,0.0003722982,0.0010731724,0.00012770072,0.000121621866,0.0012762193,0.0006363296,0.0005617174,0.0001899642,0.000529171,0.0001802493,0.0006443024,0.00013671129,0.0002000295,0.00015629952,0.0010565104,0.3752956,0.073457085,0.5670739,0.48140264,0.057370927,0.0396938,0.031580348,0.017805146,0.03572076,0.056374077,0.7944336,0.8856436,0.0007615566,0.00024458673,0.00021334388,0.00036150368,0.0005084056,0.0010415082,0.00048855867,0.006136496,0.001550638,0.006487312,0.0041027945,0.04884668,0.002894963,0.055447683,0.00030480203,0.002314411,0.001956855,0.0034177175,0.00038053447,0.0011104572,0.015103628,0.8893862,0.0008988565,0.0012169775,0.004109622,0.0010708501,0.0042989287,0.005878345,0.0005784442,0.0023734274,0.0051920027,0.00083820836,0.0015353725,0.00059036457,0.003724368,0.0033509552,0.0036426305,0.0005171772,0.002729208,0.057988975,0.0027730225,0.99943614,0.003445161,0.00056842936,0.0010019704,0.004166224,0.00066707225,0.0013753587
Access to income generating activities,0.007999493,0.005909369,0.024407411,0.0110206,0.0025148443,0.004160743,0.00022158521,0.0015350515,0.00013634772,0.0020934525,0.007474228,7.497838e-05,9.044414e-05,0.00013514892,0.009156353,0.00034114943,0.053670086,0.00012107173,0.9385014,0.00090377557,0.98981655,0.75358504,0.5827895,0.013192078,0.68813074,0.8873682,0.85361344,0.88696736,0.8410025,0.9030634,0.5233274,0.2183146,0.0011881118,0.0005448895,0.00046677512,0.0001513632,0.00075716875,0.0001974029,8.127035e-05,7.431787e-05,7.431787e-05,0.00011837148,0.00014426114,0.00011837148,0.0002333434,0.00017134179,0.00034267615,0.91481835,0.003423026,0.04530812,0.0028494915,0.00051863486,0.00058825524,0.0057288497,0.005765483,0.0060294745,0.0036334293,0.022290107,0.0028801388,0.0061096866,0.00057234475,0.00042828728,0.00030907753,0.00062560523,0.00087338884,0.9668733,0.33957857,0.00048474545,0.00030460182,0.0011106966,0.95110327,0.000778684,0.95965075,0.6609508,0.019217474,0.99211055,0.0023132744,0.00078680075,0.9389255,0.01022201,0.9900848,0.99234086,0.00040397682,0.0052820127,0.9921055,0.019183466,0.00066010974,0.00082922354,0.0017685898,0.99959266,0.9784001,0.84143543,0.0006934798,0.0018319156,0.4593245
Livestock on site,0.0032697353,0.03329148,0.04819143,0.0042217723,0.0037681316,0.0007663162,0.0003479678,0.00074391236,0.00014776702,0.0008466954,0.023777394,0.00012688579,0.0004374234,0.00025156318,0.08544754,0.0059517585,0.12776102,0.0012938847,0.951331,0.012711511,0.98626584,0.90202665,0.90228593,0.03673067,0.85367984,0.9817647,0.95121104,0.97555375,0.9648795,0.8983121,0.9526888,0.5491468,0.00081664603,0.008652566,0.0009065215,0.0010894178,0.0026380678,8.2346276e-05,0.00021834628,0.00019929266,0.0008987466,0.00011196518,0.00029996043,0.000170684,0.0006281944,0.0003788261,0.0003958958,0.79568905,0.014139489,0.035899296,0.0029329755,0.00068174116,0.00090528256,0.025774825,0.039647445,0.0500572,0.03332221,0.05608376,0.0036485633,0.055766277,0.003495635,0.0005584547,0.0042200503,0.0011901585,0.0017968349,0.9673243,0.39828205,0.0033274652,0.0013809314,0.004990585,0.910363,0.0024942497,0.96413183,0.61788875,0.10113525,0.989755,0.005705116,0.0009983141,0.96065557,0.06956297,0.9676043,0.9707971,0.00068956276,0.008423239,0.9736861,0.0066403933,0.0026140825,0.0010896357,0.0015368843,0.9826028,0.9998019,0.6986555,0.00090860424,0.0011433917,0.3455002
IDPs have access to land for cultivation,0.0015682786,0.0054689506,0.007825752,0.002863916,0.0018563247,0.00051565736,0.0003549674,0.00090294576,0.00014532468,0.0013259421,0.0037402136,6.113101e-05,0.0001815061,0.0001580664,0.0027356145,0.0006474186,0.032043062,0.00014193829,0.9554688,0.0033586163,0.98384905,0.7607468,0.58851254,0.020601813,0.8759504,0.96877956,0.88887376,0.9138125,0.9811302,0.94609594,0.7804244,0.2417533,0.0011293588,0.008045196,0.00047059258,0.00013702456,0.00045399388,7.328127e-05,6.346146e-05,9.1507776e-05,9.374411e-05,0.000103305596,0.00011259725,0.000103649094,0.0001356668,8.17899e-05,7.8551806e-05,0.97904116,0.016210139,0.06308953,0.001863047,0.0008523132,0.0009846027,0.018379264,0.0043952786,0.007014768,0.0073719807,0.057865325,0.011660909,0.083327726,0.0040083607,0.0004877094,0.0009015978,0.0014099416,0.0039299093,0.9577062,0.4797752,0.0021068943,0.00032971395,0.0030628971,0.9601855,0.01277649,0.969009,0.7241077,0.096257955,0.9923532,0.0059289816,0.0011340675,0.9734566,0.008110086,0.98607445,0.9914019,0.00072764995,0.012269566,0.9913189,0.011633194,0.0022149654,0.003999456,0.00036209426,0.9922551,0.98470986,0.9986043,0.00086265145,0.0016242746,0.6488492
Most trusted source of Info,0.00012968048,0.0006666979,0.00039949015,7.103749e-05,0.0014159118,6.525866e-05,0.0013924275,0.00017686008,0.00080874696,0.0001278678,0.00024793955,0.0004980505,0.0015340105,0.0016942273,0.007705154,0.0041504167,0.00487528,0.07096049,0.0010767122,0.0013336802,0.000904675,0.00035156752,0.0003483979,0.016214142,0.00034199213,0.0010557779,0.00036184394,0.0010757486,0.0010439999,0.0010768502,0.0010725561,0.0006316378,0.009676217,0.004699082,0.291971,0.002860487,0.0044286186,0.00011631036,0.00022002969,0.00050251675,0.00021144297,0.00050251675,0.00021159375,0.00021159375,0.00021144297,0.00035467595,0.00036888898,0.00092109584,0.0053462125,0.0016332476,0.016074043,0.11977195,0.09882304,0.00019801733,0.0002897255,0.00027984648,0.0002827477,0.00037911677,0.00017171499,0.00037699792,0.00021916616,0.037450895,0.0058210795,0.18109478,0.0024638458,0.0010735748,0.0010947867,0.38342783,0.0015733392,0.015295688,0.0010304296,0.013604103,0.001076699,0.0032134536,0.02318672,0.0011200641,0.010845762,0.1288764,0.0011177112,0.013753351,0.0011338564,0.0007253818,0.0069657797,0.011167473,0.0011043139,0.021626228,0.00028878436,0.021960786,0.008621007,0.0011713926,0.0008713747,0.00085161824,0.9998726,0.06683292,0.0013025703
Main topic community is requesting info,0.00047625983,0.00020832813,0.00030366794,8.853619e-05,0.0010667065,7.0940805e-05,0.003988563,9.0545e-05,0.0036241403,7.657804e-05,0.0002225766,0.0029356154,0.0007663218,0.0007467907,0.0011895344,0.008726395,0.0014667548,0.0021144145,0.00045560303,0.00051791087,0.0007333303,0.00019810992,0.00019624396,0.019194707,0.0001884496,0.0002049189,0.00020684786,0.00019819385,0.0004142495,0.0004024997,0.00019985453,0.00016320127,0.06796571,0.017328814,0.04797688,0.00044607706,0.00034942335,7.596409e-05,0.00017209056,0.00013202318,0.0001320548,0.00013235543,0.0001708361,0.0001708361,0.00016363659,8.707221e-05,0.00011268566,0.0005273752,0.012896261,0.00041758793,0.010372827,0.022450583,0.050235435,0.0006398222,0.0008035495,0.0013530698,0.0010696764,0.0007664632,0.00023167583,0.00071194203,0.00015906802,0.022785753,0.0018709027,0.06425952,0.00090861216,0.00084889296,0.0017398348,0.005244668,0.0006441598,0.028482966,0.0003869338,0.028736845,0.00068714254,0.00063695956,0.00066999265,0.00080242794,0.0331522,0.4037685,0.0006730039,0.0058416785,0.00081597484,0.0005517186,0.0022020866,0.032928064,0.00056800345,0.0039033978,0.00022359913,0.03304628,0.00059553655,0.0014258369,0.0005722282,0.0007786344,0.023494707,0.99985087,0.0025710203
Serious problem due to lack information,0.0005825202,0.008115625,0.00907367,0.0013014593,0.0017160306,0.0004169074,0.00043696404,0.0010521123,0.00016172513,0.00081466435,0.005541827,6.676321e-05,0.00018086507,0.00013708675,0.0044251266,0.0008332559,0.04224144,0.00014416286,0.9471731,0.034387846,0.7468564,0.29465288,0.52651095,0.2990513,0.70914876,0.7586874,0.14712456,0.19379506,0.84154606,0.9085161,0.8829676,0.7477745,0.0007781084,0.00027574797,0.00043893533,0.0002968706,0.0009845869,0.00011963722,0.00014302622,0.00011402108,0.00010320357,9.347982e-05,0.000121339566,0.00017549323,8.2562314e-05,0.0004335543,0.00044805976,0.9695776,0.023397865,0.14277424,0.0014263712,0.00049281504,0.00092866906,0.08305497,0.0019733568,0.0051022014,0.022490961,0.10715705,0.0030398376,0.021528475,0.003088966,0.00053042773,0.0021517512,0.0010530523,0.0062637893,0.640352,0.9894486,0.007506229,0.0007950947,0.006106189,0.9612144,0.045431312,0.7780066,0.99068105,0.06492743,0.6926462,0.0050177616,0.000586746,0.8768185,0.04190403,0.74175334,0.67050195,0.00069833844,0.01118062,0.5396876,0.009703186,0.002041821,0.0010850481,0.0007562935,0.43646282,0.67136186,0.9803208,0.0012788201,0.0055403532,0.99980783
