,Snapshot date,Country,Country Code,DTM Round,State,State_Pcode,LGA,LGA Pcode,Ward,CODs_Ward_Pcode,SiteID,Site Name,Longitude,Latitude,Site Status,Site Type,Site Classification,Site Area,Site Management Agency,SMA Type,Registration Activity,WASH Support,CCCM Support,CCCM_Organization,HEALTH Support,SHELTER Support,NFI Support ,FOOD Support,PROTECTION Support,EDUCATION Support,LIVELIHOOD Support,PSS SUPPORT,PSS_ORGANIZATION,Land Ownership,Most Common Type of Shelter,Number of Households,Number of Individuals,Boys (<1),Girls (<1),Boys (1 - 5 y),Girls (1 - 5 y),Boys (6 - 17 y),Girls (6 - 17 y),Men (18 - 59 y),Women (18 - 59 y),(Elderly men 60+ y),(Elderly women 60+ y),Have IDPs been displaced previously,Reason for displacement of Majority,Natural Hazard Risks,Intended Area of Return,Reasons to Return Home,Reasons NOT to Return Home,% HH living outside (no shelter),% HH living in EmS,% HH living in makeshift/self-made shelter,% HH living indoors (solid walls),% HH have access to electricity,% HH have access to safe cooking facilities,% HH have private living area,% HH have mosquito nets,Most needed NFI,Location of site main water source,Main drinking water source,Avg amount of water available /day/person,Is drinking water potable,Complaints about drinking water quality,Condition of most of the toilets,# of functioning toilets,Main garbage disposal,Garbage and solid waste problem,Availability of hand-washing station,Hygiene promotion campaign,Evidence of open defecation,Access to food,Access to market near from the site,Frequency of food distribution,Most common source for obtaining food,Screening for malnutrition,Most health problem,Regular access to medicine,Access to health facility,Location of health facilities,Main provider of health facilities,Access to education services,Location of education facilities,% of children attending school,Occupation of majority of IDPs,# of HH with source of income,Access to income generating activities,Livestock on site,IDPs have access to land for cultivation,Most trusted source of Info,Main topic community is requesting info,Serious problem due to lack information
Snapshot Date,0.9998021,0.00422255,0.011891464,0.0015506747,0.0034473008,0.0056982036,0.00013286254,0.002893771,6.3182044e-05,0.0040850537,0.11119539,0.00020870601,0.0015443416,0.0015866909,0.00843596,0.0019869853,0.0056398343,0.0070705996,0.0024963766,0.0005915153,0.0032402875,0.0026087586,0.0023812344,0.0014057157,0.0023905542,0.002566335,0.0018220776,0.0023370404,0.0024904665,0.0023490007,0.0022962876,0.0024391767,0.0025941802,0.012071273,0.0015040808,0.0032885266,0.0018758664,0.0001819816,0.00018366102,0.00017957382,0.00018601688,0.00023112514,0.00018632814,0.00023723498,0.00023487725,0.00027010654,0.00027010654,0.0030271257,0.0034196256,0.007357037,0.015708148,0.002537317,0.005218605,0.0023139818,0.002031487,0.0022055698,0.0020264452,0.0015635118,0.00028333676,0.0045460844,0.00039495685,0.0005272059,0.017574877,0.0013077987,0.0011896829,0.0026372767,0.0023350294,0.0007574233,0.0002635812,0.0036868406,0.0022148232,0.0005913608,0.0022148232,0.0021724445,0.00047238116,0.0030757484,0.00046371526,0.00029300174,0.0015682786,0.003426764,0.0015682786,0.0017767724,0.010289982,0.00065084605,0.00247809,0.0006639592,0.0005339045,0.00053081085,0.00019215968,0.0017337755,0.0033109635,0.0021701194,0.0001643454,0.0009437548,0.00083488517
DTM Round,0.0013532549,0.006638069,0.0416301,0.988702,0.00010240016,0.06356528,6.155395e-05,0.008629736,8.749918e-05,0.0005209356,0.005265609,0.00012240386,0.031064384,0.023650957,0.00023665305,9.582417e-05,0.0001572606,0.0009224527,0.00063038914,0.00012436364,0.00027813998,0.0003946963,0.0015395752,0.00017626294,0.0010885126,0.00067593146,0.00035328584,0.0010368524,0.00041285943,0.0007123115,0.000389308,0.0005796349,8.7099565e-05,0.00018222778,7.041949e-05,0.0129826395,0.0027188677,0.19878836,0.11516949,0.041357357,0.012736099,0.0067082653,0.0067044524,0.009492136,0.00592962,0.089609176,0.040707048,0.0006773555,4.9040027e-05,0.0004799692,0.00033198274,0.00014849432,0.0001453562,0.00011825339,0.0007353684,0.00044064675,0.00064669247,0.0005843297,0.0037098469,0.00034825533,0.006087227,8.803092e-05,0.00015857983,0.00017653812,0.0002806739,0.00028258876,0.0005811791,0.000118164324,0.088918105,5.6018398e-05,0.0006465421,0.00010604424,0.000409397,0.0004889662,0.00016544026,0.0003046005,0.000106742045,5.275315e-05,0.00025667658,0.00017224082,0.0002570381,0.00029184917,0.000112409536,7.054379e-05,0.00028258876,8.155191e-05,0.004081246,7.145018e-05,0.14155744,0.00028258876,0.00069476914,0.0003967465,0.00014938101,7.285651e-05,0.00090394675
Country,0.004457388,0.99980086,0.82892376,0.0077741016,0.0050545055,0.006103245,0.00023356285,0.050393157,0.00013492753,0.017538289,0.09136019,4.858754e-05,0.0028532739,0.0011579839,0.02579417,0.0018037914,0.008429689,0.0014497642,0.012272532,0.004128048,0.010091757,0.0058802404,0.044309516,0.00477477,0.0046341904,0.006021857,0.0038259146,0.023858218,0.022842187,0.03022621,0.00793262,0.005159294,0.00021100948,0.007619623,0.0009405088,0.00015169891,6.505286e-05,0.00034963756,0.00014061107,0.00011446897,0.00011408066,0.00011408066,0.00011408066,0.00015294879,9.0220055e-05,0.00019434882,0.00020126166,0.008059201,0.0051107244,0.003263658,0.0053460104,0.00028588448,0.00059536175,0.0021097702,0.001612031,0.0016777826,0.0016195425,0.0019450546,0.00058844703,0.0015666155,0.0005890093,0.00020962584,0.0008030986,0.0006441214,0.0072354907,0.008036563,0.0071260775,0.0007037925,0.00031600855,0.00072079035,0.0039060297,0.00032428346,0.0029739144,0.0046158144,0.0014385812,0.008345734,0.0011024605,0.00028925386,0.01857128,0.020184314,0.0031279493,0.007888194,0.00028296086,0.0012884921,0.0076540303,0.004087674,0.00036733673,0.00017994306,0.00030283822,0.00402737,0.02402373,0.007160415,0.0008796422,0.00035378363,0.008076932
Country Code,0.012405045,0.82892376,0.99980086,0.049975943,0.0016302603,0.010241563,0.00028071008,0.0051795,8.222013e-05,0.0036427116,0.008447259,5.88045e-05,0.00020314119,0.00014800204,0.0025199507,0.00049444597,0.0062469784,0.00029706815,0.020844202,0.001437037,0.013272645,0.0073404065,0.07441681,0.0031538932,0.04185526,0.028889865,0.042437077,0.043569077,0.029568527,0.03148492,0.012176,0.01285639,0.00029961838,0.0008115546,0.00043037575,0.00015364401,0.00016374045,0.0006324719,0.00018674464,0.0001797199,8.586395e-05,9.493917e-05,5.7361285e-05,5.7948124e-05,5.6529934e-05,0.00060740206,0.0006374201,0.013377747,0.0002797138,0.01566326,0.0023608895,0.00022761039,0.0003074895,0.0014137542,0.0014347292,0.00082255545,0.0011815435,0.0015886861,0.0005004302,0.0010279561,0.00045658794,0.00033806573,0.0002665182,0.000601628,0.0012910445,0.026945744,0.06764775,0.00027453125,0.00039577545,0.00019940027,0.0044966536,0.00021727847,0.0074845557,0.06835188,0.0024691299,0.04279886,0.00063768367,0.00015660119,0.03734705,0.0034326476,0.026242843,0.027091485,0.00015936534,0.00033835915,0.029010927,0.0023678793,0.0004155031,0.00035769935,0.00040137596,0.005403058,0.05106204,0.014361688,0.00049352355,0.00059159123,0.013416108
State_Pcode,0.0056675295,0.006103245,0.009921317,0.341967,0.09113335,0.9998055,5.8731686e-05,0.7620209,3.5997436e-05,0.14269574,0.030569606,8.611865e-05,0.008191499,0.006473493,0.008981539,0.0003499075,0.0033349618,0.00029157248,0.0008862581,0.0003245876,0.001088665,0.0004789341,0.0007871441,0.00019230014,0.00048000578,0.0004963604,0.00072707597,0.0005926635,0.00080694363,0.00055412354,0.0005471201,0.0011781345,0.000508911,0.0004888369,8.859536e-05,0.0021896956,0.0013030155,0.0014607147,0.000986149,0.0011643918,0.0006307659,0.000627522,0.0006244004,0.0006244004,0.0006244004,0.001984518,0.0019952862,0.00077653857,0.000107300235,0.004106958,0.0008513344,7.2258576e-05,7.2960436e-05,0.00089179864,0.0012186856,0.0008438662,0.0007833638,0.0021203477,0.007887301,0.0021269373,0.0287967,0.00019476829,0.00020325823,0.00017549605,0.00041275937,0.00078695914,0.00049170025,7.1129594e-05,0.0017026472,0.0001955357,0.00063313474,0.00013003027,0.00042532216,0.0006006691,0.00028667864,0.0010733403,0.00010699509,8.298894e-05,0.00026954446,0.00079601514,0.00051024475,0.0007075866,0.0003600649,0.00022040722,0.0010685807,0.00047234152,0.017592134,0.00019759883,0.0041589173,0.0007118299,0.0007625934,0.0009816189,8.2853796e-05,7.234912e-05,0.0005954611
State,0.0037599644,0.0056448644,0.0022377884,0.00029344327,0.9998022,0.08327775,0.13445947,0.00059021043,0.020691935,0.00020496704,0.009173561,0.0038920585,0.0024840673,0.0015534166,0.3557511,0.004428282,0.003802826,0.0054206224,0.010184678,0.046811372,0.0014990134,0.0027354818,0.0024245477,0.008177611,0.0025403523,0.008892942,0.0020014448,0.0026777235,0.0038492256,0.003342067,0.0024607494,0.0018774762,0.0023794614,0.0015366405,0.0028130652,8.949211e-05,0.00015325888,8.16061e-05,0.00010811001,9.4907016e-05,0.00010909426,0.00010758387,0.00010758387,0.00010758387,0.00011382109,0.00011052175,0.00010925616,0.002267949,0.0012339384,0.009110707,0.0051502683,0.0012616583,0.00096454367,0.002997444,0.0076601356,0.008735045,0.008217242,0.0049353587,0.00191208,0.0128089795,0.0019675812,0.004728808,0.00036098197,0.0024853584,0.0036755048,0.0038661414,0.008168435,0.0014522597,0.00020060442,0.0019045789,0.0024888283,0.0017172175,0.0012579861,0.0012277998,0.001426751,0.002359654,0.0027463234,0.001519437,0.001477374,0.2518468,0.00093483407,0.0038889113,0.00038929505,0.0039402605,0.004395785,0.0028120044,0.0030702795,0.00022638767,0.000151985,0.0041223667,0.0031807448,0.0017754101,0.0016216463,0.0009430094,0.001987173
LGA Pcode,0.0038523425,0.050393157,0.0051795,0.059948545,0.0004391658,0.7620209,0.0021960614,0.99978787,5.6453504e-05,0.50833815,0.009850531,4.5465247e-05,0.003501593,0.003127554,0.0038091897,0.00027359155,0.0016170578,0.0004744915,0.0009995265,0.00028092964,0.00090027414,0.0006833542,0.0012139744,0.00071017887,0.0008881539,0.00079095626,0.001051695,0.00097187783,0.0008990249,0.000903156,0.0011544558,0.0012194401,7.916382e-05,0.00039989635,0.00013221723,0.0010361221,0.0010523663,0.0021566218,0.0027218575,0.0015029437,0.0015169973,0.0012594373,0.0012159058,0.0012371178,0.0012159058,0.0022834975,0.0023243327,0.0010782579,0.00048665528,0.00033142825,0.00032932762,5.8835598e-05,0.0001662632,0.00025682422,0.000357303,0.000269524,0.0002692573,0.00038000467,0.0024172792,0.00042142082,0.0015090117,0.000105367086,0.0001362612,6.792732e-05,0.0007032643,0.0010388803,0.00064534385,0.00017290849,0.00235115,0.0003944195,0.0011549386,0.00010983272,0.0007873599,0.00090052246,0.0007073913,0.0008677752,0.00023581358,3.4792323e-05,0.0005556389,0.0020164088,0.0007467784,0.0005536379,0.00014142942,0.00028978602,0.0005530538,0.0005124823,0.001539088,4.5124183e-05,0.0016145927,0.0005536379,0.0007429951,0.0010301694,0.00021230249,0.00016670396,0.0010443273
LGA,0.00018097786,0.0003381766,0.00027848763,5.4660657e-05,0.2675647,5.5427223e-05,0.99951696,0.0018151421,0.9645656,5.756348e-05,0.0001866312,0.22677456,0.0008662463,0.0030028757,0.0006897333,0.0016357283,0.0005276692,0.0009568685,0.00034410396,0.012802692,0.00034154736,0.00032305025,0.00035021978,0.003320091,0.00033624354,0.00033427865,0.00032947247,0.0003435798,0.00033253647,0.00034176835,0.0003481708,0.00035869578,0.0040205545,0.0005521607,0.0029310996,6.173199e-05,0.000100616235,3.392518e-05,0.00014735281,0.00013544018,9.148505e-05,6.4337764e-05,6.292515e-05,6.382889e-05,6.2140476e-05,4.012054e-05,6.242421e-05,0.00036690198,0.0015331224,0.0010076825,0.0011102051,0.0012569849,0.0007617223,0.00035627812,0.00036434236,0.0006028673,0.0005949836,0.00024379847,0.00032511418,0.0014893893,0.00035466795,0.004697371,0.000209918,0.0018313141,0.00014183996,0.00033251967,0.0003782187,0.0011537496,0.00017186692,0.0019464461,0.00035822572,0.0036735698,0.0003536281,0.00036306286,0.0020282795,0.00034915938,0.009691056,0.007865622,0.00034202548,0.0016193858,0.00034376356,0.00032077517,0.00018623841,0.027798465,0.0003430152,0.002531792,0.00037608139,0.015057826,0.00015168713,0.0003430152,0.00034488854,0.00035463623,0.0013664006,0.0012135427,0.0003367757
Ward Pcode,0.0053305575,0.021274054,0.0035623747,0.0082527,0.00030524193,0.16728269,4.984553e-05,0.49798223,0.01825789,0.9996664,0.004194327,6.458716e-05,0.0005772832,0.00056791864,0.0005870756,0.00027733005,0.003409562,0.0017361935,0.0010667996,0.00033306962,0.0010581838,0.0011403718,0.0015665849,0.00036942586,0.0008841023,0.00090348255,0.0010198887,0.0011389009,0.0013211545,0.00087816175,0.0012260631,0.0015673293,8.2808154e-05,0.0007979936,9.061063e-05,0.00077435037,0.0028383625,0.00023406294,0.0002740584,0.00022035558,0.00022426703,0.00025459714,0.00027239026,0.00026010373,0.00027580853,0.00040273697,0.00040602626,0.0019130231,0.00071106246,0.0015485225,0.0014663335,0.000121589845,0.00014942074,0.00070361444,0.00063814956,0.0005239346,0.000732652,0.00049354386,0.00041211027,0.00068660744,0.0004221997,0.00026171733,8.591743e-05,8.796876e-05,0.00016524561,0.0011821269,0.00071637204,0.00011758631,0.00032438966,0.0010698722,0.0017191503,7.043882e-05,0.00095703773,0.0009385292,0.0009564441,0.0010829425,0.00043457522,5.9037124e-05,0.00067665207,0.0009518408,0.0011637511,0.0010557862,0.00021079353,0.00030893626,0.00067285146,0.00028870846,0.00025776515,0.00012683928,0.0005897606,0.0006735465,0.00067665207,0.0010621272,0.00011699732,0.0001044726,0.0010189792
Ward,0.000104209365,0.00019402773,0.00014255224,8.8190434e-05,0.07435459,5.421034e-05,0.9657213,0.00016201797,0.9996628,0.006340773,0.00013479547,0.27813378,0.00014096108,0.00072878454,0.00032338285,0.00042483502,0.00022227566,0.0021493752,0.00021961052,0.0029944312,0.00019520734,0.00085952424,0.00021535641,0.0005363402,0.00022012062,0.00024258792,0.00017258595,0.00020987543,0.00024186852,0.00018915355,0.00018761482,0.00019097733,0.0049004937,0.00019718317,0.000787896,5.6143945e-05,5.653417e-05,4.006453e-05,3.779884e-05,4.7444206e-05,4.6154095e-05,4.7104135e-05,4.5878747e-05,4.5615314e-05,4.78351e-05,4.6754005e-05,4.8677313e-05,0.00020032229,0.00048165684,0.00038044094,0.0009248682,0.0005183475,0.00015092778,0.000108726235,0.00038686756,0.00038407603,0.00047592624,0.00019095067,9.734653e-05,0.0005950741,0.0001002082,0.0015806999,0.00023635145,0.00045027054,0.0001683489,0.0002647715,0.0002251354,0.003152064,4.9190014e-05,0.0042594913,0.00024721315,0.002692276,0.00024303929,0.00021474242,0.0013572294,0.00020149848,0.0015040784,0.0014588943,0.00017672186,0.00032789598,0.0002173048,0.00018872075,0.00021808971,0.0020858785,0.00018665854,0.000599337,9.807531e-05,0.010659592,4.8244277e-05,0.00018665854,0.00018983262,0.00020607062,0.0009089822,0.0006808995,0.00025337297
SiteID,0.12520689,0.09142562,0.0092563955,0.005494031,0.008378677,0.031227922,0.00013049996,0.012579663,0.00010320664,0.0045466893,0.99899113,0.003566474,0.0027109107,0.002802439,0.35975805,0.046500612,0.042157225,0.24645008,0.015647033,0.0014854621,0.006670607,0.0043414696,0.0057905023,0.0009541973,0.005192618,0.01701194,0.004255099,0.0022492576,0.006395337,0.0028465118,0.014856527,0.005642154,0.00034885865,0.0020441767,0.00030103998,0.00021166888,0.00019836577,0.00046498477,0.00033088273,0.00029083475,0.00028774745,0.00028996324,0.000289431,0.00028996324,0.0002378424,0.00038049326,0.00058348366,0.005334898,0.0020045864,0.0036909946,0.0031223383,0.00010205312,0.00026763536,0.011630759,0.006790101,0.0065964563,0.006165286,0.0088305455,0.0007024667,0.0071063535,0.0009127339,0.00024494203,0.003528501,0.00026232022,0.018037846,0.008225201,0.0034112437,0.0005692071,0.00040162177,0.0007645832,0.008851506,0.00022277929,0.0037776658,0.0059171794,0.0016878442,0.014199488,0.00047390332,0.00012387424,0.0031568473,0.012243402,0.0037653074,0.0082861185,0.00094618875,0.00172498,0.0054774717,0.0019532002,0.00032609937,0.00012688815,0.00042217766,0.0050815754,0.018828355,0.0050444724,0.0002474281,0.00033484964,0.005467904
Site Name,0.00018665523,0.00017077733,0.00012639679,8.2397084e-05,0.070064306,9.91274e-05,0.3796902,7.302279e-05,0.79096556,6.622986e-05,0.011886146,0.99936277,0.0006003305,0.0011069438,0.009001528,0.1247029,0.005177941,0.04376408,0.001133228,0.0021365199,0.0002626904,0.00022241552,0.00018123812,0.00018191557,0.00018668908,0.00040537334,0.00021916069,0.0001843298,0.0002369021,0.0001864627,0.00017798333,0.00017600867,0.027556755,0.00076879375,0.0020214906,4.963319e-05,4.2410942e-05,9.021079e-05,0.00012904362,4.7050562e-05,4.6826768e-05,4.6621193e-05,4.6621193e-05,7.4845e-05,7.0801514e-05,0.000102173384,8.553546e-05,0.0001864627,0.0018409169,0.00028504626,0.0011932765,0.00889541,0.0005062145,0.00040475558,0.0037974257,0.0021928765,0.0021215926,0.0018876917,0.00017816687,0.001689737,0.00019316579,0.027004981,0.0015511257,0.014785023,0.00052156224,0.0003564087,0.00016840338,0.0009181757,7.5819655e-05,0.028746938,0.00036879943,0.0024945475,0.0004968734,0.00025663475,0.0011841663,0.00047105717,0.009884241,0.013284634,0.0002335622,0.00063496764,0.0003667953,0.00044264097,0.0010398258,0.0055634584,0.00020700581,0.0005284754,0.00024535117,0.01180591,0.0001685274,0.00021878912,0.0009910633,0.0001776812,0.0013044943,0.00405415,0.00021171804
Longitude,0.001507557,0.0028623259,0.00021268037,0.0042006457,0.0030663866,0.008077636,0.0008481401,0.003501593,0.00021960688,0.00051389803,0.0027083515,0.00034676612,0.9997974,0.9989825,0.0050900355,0.001998137,0.0011845562,0.014373322,0.00021941803,0.009695251,0.0002766176,0.00015713568,0.00013939076,0.00048096923,0.00018404386,0.00021946184,0.0002894758,0.00015733928,0.00021818558,0.00017054376,0.00010253888,0.00010955155,0.0020233574,0.0016357925,0.00060245674,0.053393815,0.0079455385,0.041155044,0.15131985,0.050208773,0.061019503,0.049930803,0.061275434,0.051163994,0.052892014,0.033032976,0.032495517,0.0001589389,0.00034060222,0.00056485616,0.00022241379,0.0049520214,0.005418792,0.00058876065,0.0020004145,0.0005493808,0.00083915435,0.0004237562,0.004936579,0.00089120277,0.01107115,0.009206829,0.00085907785,0.0018344008,0.0008062547,0.00013586214,0.00017048468,0.0043860395,0.08972037,0.00037339152,9.622091e-05,0.0013119895,0.00017775357,0.00021318597,0.0029452578,0.00015008719,0.0032874253,0.00096260203,0.00021719169,0.00039770207,0.00012612001,0.000115040784,0.0017845742,0.0014254034,0.00010344686,0.002638001,0.011334119,0.0048441496,0.081049345,7.714982e-05,0.00045088516,0.00049491925,0.0015329308,0.0010465363,0.0001550165
Latitude,0.0016118028,0.0015471153,0.00014855327,0.0055244886,0.0023349156,0.0076901447,0.0027792403,0.003127554,0.00063345814,0.0005290857,0.0028955196,0.00032909264,0.9988053,0.99979836,0.006176729,0.00083063263,0.0016221234,0.0090599945,0.00022761301,0.0007485721,0.00013769235,0.00010493109,0.00015208803,0.00012394342,0.0001677128,0.00015629742,0.000103065846,0.000102999766,0.00014248292,0.0002772952,0.00011325519,0.0001293784,0.004654451,0.00065005774,0.0010986454,0.054189295,0.007028627,0.04744545,0.05310109,0.03592504,0.032216538,0.034992766,0.03144996,0.050105177,0.03246954,0.029856602,0.028321667,0.00016897552,0.00017706816,0.00093930634,0.00025276595,0.005792461,0.001844689,0.00040226712,0.000681977,0.0005141402,0.0007472725,0.0011691623,0.0068017896,0.0008752254,0.010489373,0.0020769448,0.00069394126,0.00785482,0.0015813662,6.7237204e-05,0.00024610577,0.0010531181,0.038076386,0.00029693852,0.00010623085,0.0015540094,0.00010423693,0.000215616,0.006988137,6.8166926e-05,0.00037728675,0.0017779127,0.000141803,0.0007832408,0.00016087892,0.00016416432,0.0013218755,0.0014072646,0.00017530062,0.0031428426,0.0075905276,0.004714067,0.0519034,0.0001553555,0.0002481012,0.00025192444,0.0018609941,0.001862467,0.000202128
Site Type,0.34354755,0.10549953,0.01028561,0.0012244218,0.013784842,0.009249221,0.00021403615,0.0021884367,0.00011255628,0.013317174,0.25642416,0.020516783,0.00028887673,0.00017654443,0.1285761,0.9626699,0.13598345,0.046246234,0.019628512,0.014735193,0.005324832,0.0026172413,0.00066114176,0.0023962108,0.002090377,0.0037381013,0.0035711543,0.00066114176,0.0030137766,0.0006813213,0.0019342124,0.0033365155,0.0022775452,0.033858918,0.006837218,0.00035124758,0.00033304686,0.00019714855,0.00024486135,0.00014388356,0.00014432764,0.00015352119,9.8640114e-05,0.00015352119,0.00012228322,8.112862e-05,8.112862e-05,0.0006674596,0.0066950526,0.0071631754,0.101101466,0.0026611297,0.0075378437,0.0014590161,0.0010520475,0.0011414521,0.0009971234,0.0025933825,0.00032064645,0.001412823,0.00072342064,0.001989491,0.003749155,0.0076693324,0.0006769319,0.0036063364,0.00092465046,0.0021340922,0.00018164472,0.003128371,0.004881443,0.00054142484,0.0032224914,0.00092939823,0.0058075013,0.0016331335,0.00051153125,0.00083849364,0.00092978484,0.008659152,0.0009504561,0.005306604,0.0040616575,0.0010224906,0.0014973044,0.00181213,0.0003224682,0.00068531977,0.00018474163,0.0014214931,0.011993349,0.00063131173,0.0013076222,0.0037211853,0.0013851225
Site Classification,0.34096006,0.011387572,0.013051672,0.00096253306,0.008993656,0.007399666,0.00028308816,0.0015680188,0.00014373209,0.013699195,0.10321035,0.00085427053,0.0002623751,0.0003010276,0.057348147,0.025537781,0.9644722,0.018664373,0.020241356,0.0013598809,0.02350653,0.0030112544,0.0008928042,0.030768868,0.0019342124,0.0035709098,0.003069346,0.000622748,0.012109482,0.016283752,0.0022948857,0.0028716647,0.061221413,0.030916179,0.003409073,0.0005154632,0.0007559813,9.8018e-05,0.00012286776,9.226908e-05,9.3457624e-05,9.745157e-05,9.8640114e-05,9.745157e-05,9.745157e-05,8.112862e-05,8.177778e-05,0.002876504,0.031563185,0.042685144,0.1145158,0.0031018578,0.007883889,0.002098333,0.0018641776,0.0014268683,0.0010411184,0.0022929339,0.00051542174,0.002472067,0.000689471,0.0029990845,0.016873889,0.0062748045,0.000780173,0.0036908449,0.0028851747,0.0051674694,0.0004088433,0.010564012,0.0058755027,0.0009938019,0.0041269115,0.008447705,0.006458393,0.0055709044,0.003913809,0.0034528358,0.0040371167,0.008325614,0.0037592922,0.005801578,0.012322302,0.0046670646,0.024196247,0.011691693,0.000499449,0.0045189024,0.00028756008,0.0051565175,0.012079469,0.0038375116,0.0022332068,0.009282953,0.005747433
Site Management Agency,0.010089193,0.01146386,0.091897674,0.0070315218,0.0055054855,0.004253395,0.00027715985,0.00076696865,8.946682e-05,0.0011021319,0.029885065,0.00010118086,6.223955e-05,5.3679334e-05,0.03244464,0.001271416,0.030836191,0.0016365536,0.999119,0.0260333,0.5016909,0.120023265,0.43888783,0.14382035,0.5216276,0.4075148,0.0739961,0.066773705,0.28650314,0.17568946,0.530458,0.56997365,0.00045372476,0.0004844825,0.00043020744,9.338627e-05,0.00016652927,0.00018363472,0.00015441797,0.000110487264,8.591686e-05,5.8063615e-05,5.7476776e-05,0.00017350358,0.00020275894,0.00065320026,0.00072939746,0.8360015,0.0032359832,0.31328163,0.0024953864,0.0003264639,0.00046003124,0.028410804,0.0039846585,0.0024587102,0.00076762185,0.063021004,0.00041502717,0.0027297453,0.00067420484,0.00037887937,0.0007904228,0.0006854086,0.0019549928,0.21771912,0.93393105,0.00049007934,0.00039995366,0.0011515114,0.76065713,0.017370824,0.8487481,0.94515175,0.0005887978,0.29927966,0.00030587323,0.00028094786,0.5766759,0.0057550487,0.2085446,0.3296056,0.00021636214,0.0015004271,0.2366662,0.0035924634,0.00043247562,0.0003909089,0.0004056447,0.31604284,0.4896635,0.88537496,0.0006507195,0.0005282597,0.9618198
SMA Type,0.01598524,0.123904005,0.040679023,0.02762843,0.016786987,0.02917939,0.00026341033,0.004147383,8.6093154e-05,0.0037308333,0.094989285,0.00012470754,0.00031151727,0.0002576492,0.03927539,0.0075902566,0.0052046776,0.0016982566,0.18729514,0.9940822,0.04599952,0.053878613,0.052498586,0.54002225,0.028016822,0.029651478,0.007849331,0.006358011,0.0065161427,0.00350497,0.0066669495,0.039344687,0.0002994575,0.0015157366,0.00083400786,9.9441895e-05,0.00018526103,0.00064999185,0.0001739423,0.00025037752,0.00024168189,0.00026137716,0.00013344867,0.00026183733,0.00013550179,0.00022313767,0.00027823073,0.0038814144,0.00080736994,0.85831493,0.0065020006,0.00020740516,0.00028759468,0.61812085,0.020891478,0.014212764,0.0042891046,0.7401137,0.00055441324,0.0022881743,0.0005132698,0.0007450417,0.00015116968,0.0011195806,0.0015663279,0.025565928,0.043123644,0.00024005034,0.0003068677,0.0004214189,0.006741738,0.032371994,0.006393411,0.026125915,0.005627581,0.0058988724,0.0009161517,0.00017508777,0.009498589,0.023432603,0.009006971,0.042551447,0.00026798225,0.0011022476,0.003476872,0.0011595727,0.0005168638,0.00025255446,0.00011196565,0.0031426842,0.026256798,0.003836716,0.00030890404,0.00041157618,0.047177587
Registration Activity,0.0032561454,0.005948184,0.012548829,0.0029014624,0.0020614078,0.0010665597,0.00034940103,0.00090027414,0.00016000512,0.0010617936,0.0038683156,6.141676e-05,0.0002506772,0.00014795543,0.052208755,0.004848683,0.13615197,0.00020236608,0.97516495,0.019799106,0.99980676,0.87315965,0.70910114,0.18181235,0.9297729,0.9467773,0.8845599,0.78854597,0.985,0.9421524,0.9528803,0.32827586,0.0025138424,0.0003686223,0.00054960453,0.00014922972,0.0009900094,7.349356e-05,9.6279415e-05,9.1507776e-05,0.00038569618,0.00010408028,0.00043756628,0.00016371807,0.00022609934,0.00032718107,0.00033511777,0.9739806,0.01047808,0.06938194,0.0035687692,0.0005877084,0.00091388734,0.016917538,0.009535297,0.0026687372,0.0028598271,0.018617036,0.0018390302,0.038833056,0.0031112153,0.0007193784,0.0022167317,0.0010337423,0.0038780791,0.9675899,0.49643257,0.002198699,0.0013348362,0.006204123,0.94487715,0.02194545,0.98551387,0.66125494,0.04402134,0.98682636,0.010961329,0.0006756006,0.96950966,0.028170861,0.9852479,0.9927664,0.0031821013,0.012658308,0.9847759,0.025380226,0.0034481252,0.0022136995,0.00031554687,0.98955274,0.98501354,0.92610395,0.0008703166,0.0015647371,0.602342
WASH Support,0.0026087586,0.007004686,0.0074790106,0.0021319515,0.0018680387,0.00047612708,0.00049303414,0.00076455844,0.00030146228,0.001205677,0.0053546866,6.637905e-05,8.449695e-05,0.00014021114,0.05725263,0.0040974477,0.021692887,0.00044802128,0.87927175,0.07568053,0.59564334,0.9998083,0.9927352,0.26399916,0.99240345,0.9921848,0.99262726,0.9922793,0.9934233,0.99302006,0.9926038,0.98856854,0.00079684093,0.0027266117,0.00030058547,0.00032681116,0.00027233973,0.000107552936,0.00010538146,0.00022727465,0.00026741845,0.00022914849,0.00022326768,0.00022013996,0.00027884563,7.940309e-05,8.002012e-05,0.96652603,0.003259002,0.14462584,0.0017966619,0.0006171538,0.0015254245,0.03242854,0.0016093444,0.0016286689,0.0016102459,0.0675004,0.00035710246,0.0012802485,0.00065119547,0.00021073953,0.0003181678,0.0011168105,0.0010552946,0.9258306,0.513948,0.00031539498,9.803574e-05,0.0055777417,0.97571516,0.07357508,0.9848272,0.77245307,0.029953796,0.41298607,0.00044682896,0.00014363314,0.974247,0.021837378,0.61636984,0.92475086,0.00014387905,0.0013065976,0.8364091,0.00078383274,0.00024184833,0.00031825533,0.00073154084,0.3745637,0.8967961,0.80174106,0.0004543381,0.0002436738,0.38599643
HEALTH Support,0.0023905542,0.0031823232,0.025688682,0.0039444305,0.0019259212,0.00035638455,0.00040830806,0.00074454915,0.00012737243,0.0009042951,0.0038501052,5.9363025e-05,0.00013047949,0.00015419564,0.058306593,0.0036235205,0.014239521,0.00046718674,0.8489793,0.012142444,0.9687518,0.9925991,0.99319416,0.3080214,0.9998083,0.995637,0.99301505,0.9959662,0.9921382,0.99215364,0.9957691,0.9874074,0.0011199233,0.002323197,0.00025870957,0.00020408977,0.000642264,7.54567e-05,6.054963e-05,0.00011993828,0.00013088042,0.00023220952,0.00023037591,0.0003660467,0.00022960364,9.819705e-05,9.3770934e-05,0.9408882,0.003491209,0.24911405,0.0027087184,0.00062324136,0.0015275194,0.006396101,0.008412529,0.0028104826,0.0027960492,0.020365257,0.0003093343,0.0052739284,0.00051953446,0.00022028852,0.0004979626,0.0012209339,0.0011060998,0.94143516,0.16296658,0.00038105188,5.9685757e-05,0.00593417,0.95578986,0.045163494,0.97855353,0.31796786,0.056826927,0.9019587,0.00045077517,0.00019551016,0.9836153,0.110591814,0.9868207,0.98624194,0.0014960602,0.03510828,0.9610764,0.00076497556,0.00049122534,0.00055466493,0.00042501822,0.70154303,0.968372,0.9006989,0.00044561116,0.00024326246,0.1657304
SHELTER-NFI Support,0.0024904665,0.007237787,0.02380601,0.0023310368,0.0019419295,0.00054401386,0.0004149696,0.00077207113,0.00015411347,0.00083681685,0.015422878,8.056605e-05,0.00013573734,0.00015800529,0.052529898,0.0055880775,0.029315647,0.0004702482,0.97366834,0.0025976775,0.9483666,0.99324346,0.99107885,0.18435064,0.9958154,0.9986105,0.9981524,0.99301344,0.995629,0.99334836,0.99622875,0.9819191,0.0007155902,0.002907602,0.0062793205,0.0006566983,0.0010669819,7.472029e-05,6.9829344e-05,0.000120476885,0.00020244182,0.0002703021,0.000228192,0.00022649643,0.00023477127,0.0007065109,0.00068602344,0.9748301,0.004674988,0.034681775,0.0033257229,0.00043568542,0.001030145,0.037808407,0.004925193,0.0042798175,0.0039732438,0.0125692375,0.00028594866,0.00583047,0.0005084542,0.0008675883,0.0008471429,0.0014399736,0.0016960052,0.96449345,0.5548947,0.0018043012,0.00022833378,0.0066367304,0.9767979,0.02540712,0.9851155,0.82738847,0.045527272,0.9164368,0.002878518,0.0006853725,0.9828171,0.01576413,0.9587204,0.9764908,0.00043690315,0.007838476,0.95649594,0.0076946937,0.00052833214,0.00078318873,0.00064740627,0.7408068,0.93489677,0.96771073,0.0011148143,0.00027490934,0.73652214
FOOD Support,0.0023905542,0.02155704,0.042458218,0.005593578,0.001782507,0.0005926635,0.00034476398,0.00097187783,0.00012873618,0.0012957795,0.002027572,5.9723312e-05,9.166365e-05,0.00010074632,0.03875506,0.0006591007,0.001934993,0.00010566231,0.70099777,0.006506237,0.7552409,0.9928378,0.99271405,0.21961349,0.99283046,0.9923513,0.9928378,0.9998083,0.9928517,0.99283195,0.9950468,0.9867963,0.00080793095,0.0029117966,0.00056108006,0.00020679271,0.0002959468,7.792304e-05,6.13249e-05,0.00012792292,0.00012576833,0.000173385,0.00025989016,0.00023276007,0.00017977682,6.967941e-05,0.00010339637,0.59977275,0.0043427423,0.03427645,0.002499104,0.0003944068,0.00075073575,0.004806072,0.0014566858,0.0019659125,0.0020842913,0.004290317,0.00030283513,0.0008584411,0.00035818233,0.00076154416,0.00057416863,0.0011762192,0.0011458038,0.9670393,0.18926664,0.00026225974,0.00016794447,0.0010112117,0.97502255,0.008362078,0.915179,0.27134377,0.24400368,0.7992692,0.013320893,0.0014802882,0.99026227,0.018905466,0.8816757,0.794071,0.00023212084,0.0011120037,0.65541965,0.0007551187,0.0003089303,0.00077629375,0.0001328793,0.7849497,0.98461986,0.80934876,0.0011223844,0.00028843814,0.22709936
PROTECTION Support,0.0024904665,0.022468777,0.026242843,0.003638715,0.0018939127,0.0010544955,0.00033262745,0.0008937422,0.00015884683,0.0012722638,0.003944119,7.673148e-05,0.00019292855,0.00011050427,0.056514893,0.005570432,0.094527535,0.00048963656,0.35818186,0.004713431,0.98472035,0.9933638,0.9916294,0.055789437,0.98384845,0.99563134,0.99243057,0.9926802,0.9998083,0.98749715,0.9846463,0.97254753,0.0023677454,0.0014754551,0.0006722739,0.00017640949,0.0005171696,7.511458e-05,6.294805e-05,9.1501955e-05,0.00010110689,0.0001103338,0.00017324036,0.00021880705,0.00044174545,0.00032410157,0.00032554695,0.9598569,0.0040747565,0.003586883,0.0032418922,0.0007347891,0.0013111086,0.019556442,0.0066564977,0.002286777,0.0015768349,0.0149264885,0.00031474725,0.0058647455,0.0004550517,0.0004655089,0.00079068827,0.001076799,0.0007879172,0.965815,0.37345842,0.0021330996,0.0013914835,0.008545385,0.95328015,0.0008809825,0.98338056,0.6021859,0.03256201,0.94873154,0.0032939005,0.00055389706,0.9696745,0.021163609,0.9785156,0.97596693,0.0007344911,0.008679586,0.9821141,0.0077770366,0.0004944162,0.0019864694,0.00025409972,0.8978666,0.9731601,0.9288149,0.0010606552,0.0013800717,0.5442388
EDUCATION Support,0.0023515678,0.02276076,0.027830517,0.004160078,0.0018219324,0.00054186536,0.00034748405,0.0007429951,0.00013688438,0.00091292604,0.0020428451,6.0041246e-05,0.00013129725,0.00026433344,0.03502243,0.00065432343,0.08765941,0.00010473743,0.48035607,0.002861512,0.97286445,0.9927777,0.9890694,0.23624632,0.9843936,0.99262446,0.9890301,0.9926802,0.9932071,0.99980825,0.9859514,0.9775976,0.005036121,0.0016579218,0.000514256,0.00017667314,0.0011198417,0.00010318998,8.4237334e-05,9.027968e-05,9.794835e-05,0.00014153412,0.00018817751,0.00021880705,0.0002163544,0.00030786323,0.00031867964,0.89314926,0.005259762,0.03503912,0.002554537,0.00072114664,0.0011125061,0.0121990405,0.009484524,0.0022315253,0.0015459263,0.012109378,0.00024417514,0.004289068,0.0003549807,0.00023432904,0.0019390763,0.0014162033,0.00077173335,0.9656176,0.35840878,0.0021315324,0.00035799394,0.0062226085,0.9564712,0.01624783,0.98305315,0.66184354,0.05490622,0.9456054,0.0032883792,0.0005578354,0.9666293,0.014085947,0.97614396,0.9641024,0.0015517249,0.008439641,0.9952418,0.08950278,0.0005930541,0.0018787845,0.00013429634,0.98199743,0.97322947,0.9445778,0.001089152,0.0011074054,0.41452324
LIVELIHOOD Support,0.0022171482,0.00793262,0.0075063608,0.0023310368,0.0019571858,0.00054470194,0.00042564195,0.00107127,0.0001103498,0.0012437924,0.015120101,5.952522e-05,7.203707e-05,0.00010520593,0.03578942,0.003639198,0.016910482,0.00029676413,0.8806111,0.0035973145,0.96678466,0.9928458,0.9934802,0.22364353,0.9957691,0.99575853,0.9928258,0.9958505,0.9926926,0.9922578,0.99980086,0.9881178,0.0010852589,0.0032693814,0.00056273676,0.00044128165,0.0010741978,7.8439334e-05,5.8756686e-05,0.00011829653,0.0001363163,0.00026725823,0.00023007322,0.00022967551,0.00023426961,0.00044792713,0.0006235343,0.97842515,0.003208261,0.24736154,0.0030612086,0.00061966415,0.0015559768,0.025586294,0.009932969,0.0052450337,0.0058340123,0.016228661,0.0004119864,0.0057833996,0.00068130885,0.00031518255,0.0006163658,0.0012007968,0.00076953473,0.89391094,0.20402214,0.0013239763,0.00015426161,0.006460803,0.9790778,0.053682186,0.97893965,0.7798414,0.07111265,0.7248333,0.004705731,0.0007172417,0.9818351,0.016184563,0.96669966,0.9569555,0.00044963617,0.007970257,0.9554002,0.0073630344,0.0005514693,0.0007404325,0.0006512912,0.81147915,0.99020714,0.96173763,0.001087852,0.0002562156,0.78122276
Land Ownership,0.011175787,0.007558919,0.0008424076,0.00017964328,0.001473573,0.00035715563,0.0004953523,0.0003236435,0.00031757876,0.0007388157,0.001833149,0.00065458013,0.0010040994,0.0004386785,0.0020042944,0.03415573,0.019814182,0.0025420627,0.0005380333,0.0016280174,0.0010143289,0.003240047,0.0015340659,0.006573726,0.0023530016,0.0034280587,0.0018304583,0.0032418934,0.0015199819,0.0017439851,0.0036606938,0.0014443832,0.062473357,0.9986313,0.007554341,0.0011346142,0.0015699508,0.00012604152,0.00011234413,8.6955726e-05,9.509032e-05,8.8122055e-05,8.51171e-05,8.51171e-05,8.493483e-05,0.0005045694,0.00043138466,0.0021144424,0.0857689,0.017570756,0.35863262,0.008316035,0.087659895,0.0019159642,0.0016727399,0.0008038352,0.0018475631,0.0009797636,0.0001405421,0.0002914971,0.0002095899,0.0055426713,0.0033060547,0.031518724,0.004256903,0.0054523335,0.005033678,0.01910518,0.00034742666,0.0782018,0.0033939076,0.036988534,0.0023502533,0.0064551113,0.003886276,0.005077646,0.0012797059,0.00110782,0.0014754551,0.0060555143,0.006513428,0.0046528797,0.029704444,0.009763239,0.006051217,0.00829876,0.00016081551,0.005153493,0.00020050864,0.0014781998,0.013546579,0.007592659,0.009336108,0.13591883,0.001379031
Most Common Type of Shelter,0.0010563994,0.0005047175,0.00039344263,5.1960236e-05,0.003929749,5.9998656e-05,0.0012020479,6.404252e-05,0.0015124152,0.00010002002,0.0002324811,0.0017850241,0.001006965,0.0009639942,0.0015113698,0.0470019,0.007611533,0.01203548,0.0010772335,0.023211164,0.00084368105,0.00025541382,0.00051060115,0.0025306987,0.00037440303,0.008422631,0.00019192489,0.000690981,0.0012397048,0.0009019565,0.0009661671,0.00018553634,0.00584477,0.037325673,0.9985001,0.0017696612,0.0025501912,0.00023676975,0.0004040665,0.0010516823,0.0004598298,0.0012019968,0.00052726164,0.0008471768,0.0014649401,0.0004519319,0.0011983082,0.00075658236,0.01396534,0.00042316347,0.028841557,0.21487749,0.12849034,0.012757924,0.00073034177,0.0044443808,0.0008238636,0.0019435422,0.00043092764,0.0033894512,0.00027915416,0.048053183,0.007888197,0.059885677,0.00085791753,0.0015042828,0.0014029539,0.27537796,0.0038551239,0.011653687,0.0012045451,0.0060013644,0.0013157935,0.003117847,0.0032393718,0.0015241457,0.025206707,0.2908915,0.0007860764,0.0073861647,0.0012031472,0.0013970842,0.06637515,0.018365648,0.0015094229,0.023038195,0.0006026571,0.07048655,0.009141415,0.0014228194,0.0012085453,0.0007562245,0.21879955,0.14350547,0.00081453985
Number of Households,0.0004714234,0.0001958664,0.00036479457,0.0026114627,0.00039460007,0.0045342348,0.000361374,0.0012999491,8.272773e-05,0.0007221345,0.00036785216,6.621557e-05,0.08879885,0.0898297,0.00012158,7.286076e-05,9.2721966e-05,0.0036818415,0.00063545135,0.00034994507,7.115276e-05,0.00014734078,0.0004080594,0.0003160785,0.00047205607,0.0006339969,0.0001799453,0.00027749562,0.00027584465,0.00045452983,0.0010441819,0.0002077698,0.00018731403,0.00040966686,0.0013004739,0.99881834,0.31320816,0.61596245,0.8669082,0.3989497,0.23284267,0.12568903,0.07720089,0.49189872,0.34633115,0.7421869,0.8362966,0.0011152482,0.00020948236,0.00019653913,0.0008599893,0.0012596372,0.00037366743,0.00040727004,0.0017233035,0.001468534,0.0017297667,0.00029498216,0.0074773924,0.0012877316,0.0113303885,0.00024890137,0.00028722145,0.0005970439,0.001325485,0.000430543,0.00033267937,0.003371587,0.9461465,0.00032770194,0.00087352825,0.002186385,0.00033378546,0.0006899468,0.0028682123,0.00025415202,0.0049403124,0.0017344786,0.00051972957,0.00044157688,0.0002394174,0.0014295864,0.0009643731,0.02252059,0.0013752324,0.0009972261,0.023105146,0.0015912359,0.8846191,0.00030820034,0.00034785655,0.00040266346,0.0013390041,0.00062513567,0.00068589963
Number of Individuals,0.0003073257,0.00020128244,0.00040733058,0.013688023,0.00020506325,0.002578724,0.00025111836,0.0019036265,7.018565e-05,0.00040062104,0.0003921938,5.9606977e-05,0.094185896,0.07703778,0.00011504135,7.4744974e-05,0.00021847403,0.006165034,0.0014600576,0.0004372604,0.002080872,0.00030788465,0.00029163368,0.00094105117,0.0006733182,0.0010546361,0.00036757058,0.00039044605,0.0011698254,0.0017250243,0.0023164514,0.0002462343,0.00022293621,0.0009144191,0.0005686682,0.9894591,0.999573,0.043507818,0.079507194,0.41250753,0.5599969,0.7186111,0.81384593,0.60727334,0.81540155,0.05554872,0.1602391,0.0024294008,0.0003041514,0.00071342645,0.0040116743,0.00020912485,0.00014609561,0.00052428036,0.001957352,0.00059882074,0.0018852897,0.0007493587,0.004922149,0.0015706524,0.0047496087,0.00012043243,0.00041269284,0.00030856853,0.0017973994,0.0018525731,0.0010642912,0.006716586,0.43406323,0.0014474604,0.0018096,0.004953226,0.001542156,0.001856807,0.007987177,0.00132717,0.0017617808,0.00058979506,0.0021296374,0.00047578136,0.002199652,0.006918787,0.0018091815,0.009905591,0.0044461475,0.0011230534,0.011853708,0.0011404181,0.8543201,0.0072568525,0.0021243484,0.0015394249,0.003238191,0.0008776686,0.0021620058
Boys (<1),0.00020758562,0.00035464825,0.00038230955,0.005079826,8.405695e-05,0.0020666262,5.7224795e-05,0.0018453886,8.226199e-05,0.0009546772,0.000465174,0.00014744131,0.106568165,0.0816364,7.492554e-05,0.00045190117,9.965893e-05,0.0010726016,7.14566e-05,0.0018067514,5.61021e-05,9.787882e-05,7.229421e-05,8.796873e-05,0.0001186324,8.825664e-05,8.143069e-05,7.393497e-05,7.1425464e-05,9.496927e-05,0.00011688587,0.0002118308,0.00013912714,0.00013215022,0.00011322902,0.07388636,0.035607684,0.99856645,0.72668165,0.88074356,0.34802797,0.28261772,0.08157527,0.07638143,0.051200382,0.114020325,0.04067353,0.0001186324,3.95787e-05,6.169775e-05,8.231292e-05,0.00018225622,0.00018653739,9.34406e-05,0.00033286406,0.00024051024,0.00053117797,0.00025081277,0.0025140357,0.00027285947,0.0037958142,0.00028396543,0.00010614398,9.342934e-05,0.0006346875,8.658716e-05,8.772355e-05,0.0009805454,0.051626153,0.00011540249,7.681623e-05,0.0002900296,8.6907254e-05,8.586449e-05,0.0018716445,5.6720375e-05,0.00045257655,0.000113786606,7.034314e-05,0.00023326011,5.924666e-05,0.00037058152,0.0002301409,0.00011048816,6.527547e-05,0.0003041936,0.0038353528,0.00016943486,0.05606891,6.080405e-05,5.629548e-05,0.000120933284,0.00010619828,0.00010196749,7.5475116e-05
Girls (<1),0.00019321364,0.00018595558,0.00016872444,0.0031116966,8.371012e-05,0.0020622804,5.2730466e-05,0.003689452,7.010177e-05,0.000410668,0.0004792102,0.00014834708,0.29832226,0.09416146,6.606705e-05,0.00045668872,0.00010183485,0.0010824037,0.00011354982,0.0012082752,0.000122385,0.0001013416,7.2711e-05,8.7004075e-05,0.00012891238,5.4294087e-05,8.338243e-05,9.112826e-05,7.306588e-05,9.406864e-05,0.00012004712,0.00020866559,0.00014149719,0.00017491082,0.0001091209,0.07388636,0.040773395,0.7363894,0.998718,0.3664624,0.5616731,0.13818616,0.27916068,0.055175114,0.06828309,0.40901405,0.08213193,0.00011723042,3.7570822e-05,6.2634055e-05,8.444025e-05,0.00018459241,0.00018716994,9.390889e-05,0.00032479982,0.00023863254,0.0018283689,0.0002549764,0.0023321882,0.00025473497,0.0036419467,0.00017062497,0.00010614398,0.00016065592,0.0006138263,9.282088e-05,9.028106e-05,0.0009839269,0.06360446,0.00011547099,7.12382e-05,0.0002900296,8.521276e-05,8.473197e-05,0.00173217,5.6720375e-05,0.00045402034,0.00011581123,8.866364e-05,0.0002377355,6.742056e-05,0.00037058152,0.00023217287,0.00011395105,6.7145054e-05,0.0003041936,0.0037408448,0.00016848344,0.05597042,6.080405e-05,5.198885e-05,0.00012122524,0.000106282736,0.00012699034,9.395302e-05
Boys (1 - 5 y),0.00018586413,0.00018740316,0.00036504597,0.004153748,7.291137e-05,0.0017108684,5.77163e-05,0.0015365805,8.390988e-05,0.00071223744,0.0005490709,6.326605e-05,0.043305397,0.027590403,6.393746e-05,0.00022470878,7.039719e-05,0.00055926124,0.00017027861,0.00028003438,7.401133e-05,9.215776e-05,0.00016441448,5.2291194e-05,0.00016516598,7.420431e-05,6.686134e-05,7.8348094e-05,8.872688e-05,0.00016726338,0.00016977152,0.00024957166,0.00012873545,9.871136e-05,0.00017209053,0.09666868,0.029024132,0.99741244,0.90668386,0.9988018,0.94001204,0.98091036,0.61161625,0.4780063,0.35790372,0.9745668,0.95852244,0.00019043464,3.2382875e-05,3.8736216e-05,8.130899e-05,0.00035055052,0.00017899614,6.843325e-05,0.0007770076,0.00026997377,0.0005437489,0.00017469944,0.0032403911,0.0002768934,0.0033624792,9.647716e-05,0.0001223168,0.00015837423,0.00060094433,0.00016681605,0.00016764023,0.0012917123,0.43547264,0.00012550566,0.00016958096,0.00027125553,7.5284006e-05,0.00015757997,0.008146327,8.150076e-05,9.6802956e-05,0.00010641897,7.806371e-05,0.0006227712,0.00011457169,0.0015219123,0.00022249919,0.00010996674,0.0004254496,0.00039741083,0.0033296335,0.0001572753,0.093338944,0.00038685775,7.407153e-05,0.00016567986,0.00028369913,0.000113483286,0.00012130335
Girls (1 - 5 y),0.00018818161,0.00018740316,0.00018578561,0.002625799,0.00011100468,0.0017108684,5.828577e-05,0.0015421753,8.2715684e-05,0.0007194482,0.00054410525,6.326605e-05,0.055830456,0.024450913,6.4293665e-05,0.00022516672,7.102016e-05,0.00055323116,0.00012997424,0.00020251432,0.00041806418,0.00014950684,0.0001297825,5.2209296e-05,0.00012965564,7.979567e-05,8.090499e-05,8.259716e-05,9.0048736e-05,0.00013061007,0.00012965564,0.00029924884,0.00013645823,0.000106499196,0.00010099502,0.088850155,0.033563357,0.9862919,0.96629584,0.95084035,0.99886566,0.65547943,0.97806185,0.49363387,0.5951332,0.9298967,0.9746429,0.00014457392,7.015517e-05,9.762858e-05,8.024459e-05,0.0004417538,0.00017899614,0.000103249695,0.0005385189,0.00018755672,0.0010066122,0.00029584716,0.0034143322,0.00027728264,0.0033765954,9.428481e-05,9.863053e-05,0.00015289156,0.0005994036,0.0004567376,0.00016811743,0.0011408807,0.5375218,0.00012539083,0.0005461919,0.00027125553,0.00017881405,0.000159323,0.0056201676,8.769833e-05,9.6802956e-05,0.00010641897,8.025875e-05,0.00021406071,0.00040161563,0.0022094816,0.00025950186,0.000109702,0.00046478503,0.00039618323,0.0030543646,0.0001572753,0.16351025,0.00032230373,0.00027301855,0.00013523495,0.00012196116,0.000114728384,0.00013858695
Boys (6 - 17 y),0.00025569144,0.00018409696,0.00038407702,0.001754661,7.721771e-05,0.0011456287,6.049535e-05,0.0016185365,8.544407e-05,0.00069337885,0.0005386896,6.3849824e-05,0.06372728,0.040087424,0.00011557769,0.00022280123,6.7575085e-05,0.0005574641,0.00019228944,0.0011691889,7.687101e-05,0.00012977226,0.0001853673,9.2978e-05,0.00019001184,0.00012965564,0.00012634395,0.00013776713,0.00012977226,0.00018962895,0.00019295595,0.0003629165,0.00012670398,0.00012402206,0.0001720366,0.122273535,0.05286543,0.98588324,0.97238564,0.9972725,0.9241501,0.999325,0.9121299,0.7968612,0.510911,0.89317906,0.9176649,0.00021089296,3.235214e-05,4.4115775e-05,6.6239365e-05,0.0002325665,0.00043932186,5.754992e-05,0.0006782474,0.00024027252,0.00044948596,0.00012318653,0.0018567422,0.00020080795,0.0026520484,0.00023980606,0.000100240475,9.182556e-05,0.0005201904,0.0001916362,0.00021820876,0.0006874779,0.48306763,0.00013247915,0.000123174,0.00027882084,0.00012788388,0.00034168898,0.0065968414,8.544712e-05,0.0002599769,0.00010947312,0.00013209591,0.00043335467,0.00012852199,0.002383196,0.00022375633,0.0001073474,9.481192e-05,0.00043540442,0.0027354963,0.0001243833,0.4256462,8.570485e-05,7.5515105e-05,0.00021608912,0.00024300627,0.00012034372,0.00019631415
Girls (6 - 17 y),0.00017988507,0.00014127696,0.000121768426,0.00059211795,9.8846955e-05,0.0012127702,0.00036292442,0.0012671297,8.382637e-05,0.0003417983,0.00037045474,6.638346e-05,0.0718836,0.0388557,0.00011460068,7.322527e-05,6.0061342e-05,0.0034030608,0.00018759772,0.00056941924,0.00024070955,0.00017686396,0.00016846583,8.168005e-05,0.00018742097,0.00010962421,0.00010969649,0.00010764206,0.00017852281,0.00019964734,0.00018742097,0.00031064256,0.00015163832,8.712722e-05,0.00017636301,0.11404426,0.038076986,0.9492415,0.9832333,0.9598499,0.9968693,0.96756536,0.99926907,0.7810955,0.71478933,0.730376,0.8086608,0.00019909824,7.2427894e-05,0.00011626719,0.00018940258,0.00060143456,0.0006799173,8.096086e-05,0.0003288442,0.00026719808,0.00054043817,0.00016794734,0.0019156102,0.00024374247,0.0019462826,8.305864e-05,8.541221e-05,0.00013771007,0.000254772,0.00034402468,0.00015344669,0.00058509497,0.53515315,9.0536305e-05,0.00040132593,0.00017637086,0.00017153105,0.00028672727,0.0010343654,6.887679e-05,0.0013480645,0.00021445494,0.00010977848,9.517895e-05,0.00022624998,0.0014526471,0.00018484432,0.0006184616,0.00012321341,0.0005598283,0.0020326276,0.0001758702,0.386634,6.460826e-05,0.00015658142,0.00020535533,0.0001809523,0.00028844102,0.00017527484
Men (18 - 59 y),0.00022777093,0.0002008544,0.00014667504,0.0007970078,0.00010300796,0.0012112487,0.0003568451,0.001294204,8.417693e-05,0.00022100675,0.00037045474,9.865723e-05,0.05951018,0.061361372,6.857404e-05,0.00012869945,5.975423e-05,0.0034030608,0.0008075,0.0015619646,9.373659e-05,0.00010599073,0.00017775282,7.8083554e-05,0.000266342,0.00012325862,0.000105518004,0.000106341344,0.00017168767,0.0002942652,0.000195648,0.00021206116,9.500738e-05,8.6955726e-05,0.00034872437,0.3540865,0.032211933,0.93345964,0.9713255,0.9313749,0.867394,0.85415053,0.71539086,0.99942225,0.9315753,0.9873035,0.88153756,0.00029682874,0.00014988835,5.5603763e-05,0.0004356593,0.00068069,0.00021761058,5.4455486e-05,0.00044803566,0.00025379265,0.00025299907,0.00016513965,0.0026977344,0.00027519083,0.0018515694,0.00022490954,9.33313e-05,0.00038043718,0.00027101158,8.590529e-05,0.00014436865,0.0007218342,0.63200796,0.00015618255,0.00018685228,0.00017574287,0.0002546305,0.0004238948,0.0028023964,6.454315e-05,0.001060134,0.00021363293,0.00022446859,9.754538e-05,0.00012808274,0.001153611,0.0002078917,0.0009868927,0.00022024552,0.00015273434,0.003490366,0.00026646763,0.61133486,0.00022024552,9.342578e-05,0.00020997414,0.00018092425,0.00027904336,0.00024918446
Women (18 - 59 y),0.00022544508,0.00014127696,0.000121768426,0.0005922107,0.00010305722,0.0012127702,0.00035631724,0.001294568,8.5322135e-05,0.00021952864,0.0003711417,9.782488e-05,0.054516193,0.03743854,0.00014650049,9.2429225e-05,5.975423e-05,0.0035534487,0.0010365199,0.00050341047,9.947127e-05,0.00017375135,0.000177931,7.8251804e-05,0.0002476653,0.0001788238,0.0001314721,0.000109574285,0.00061746873,0.0002812394,0.00025321572,0.00021165982,9.673453e-05,8.6827524e-05,0.0006520086,0.4782561,0.031229008,0.875653,0.92998934,0.93352103,0.9248067,0.79284304,0.8288008,0.97426075,0.9987927,0.876088,0.99090165,0.0002932353,0.00014803043,7.0478e-05,0.00041854015,0.0008997817,0.00030074394,5.5927714e-05,0.00047090385,0.00026520833,0.00026414767,0.00016700037,0.0028098854,0.00025099266,0.0012787656,8.391654e-05,9.2991264e-05,0.00038501644,0.00026022707,6.995471e-05,0.00031880895,0.0006634775,0.54359627,0.00015524226,0.00017810061,0.00022399286,0.0002399348,0.0006332625,0.00096788956,0.0001756681,0.0022804576,0.0002435152,0.00022466644,9.4630275e-05,0.00011714825,0.0011025693,0.00020440991,0.0010344324,0.00028090307,0.00015815173,0.0032677483,0.00090780994,0.6413528,0.0003626968,9.361451e-05,0.0002111163,0.00018104048,0.0003133532,0.00024394695
(Elderly men 60+ y),0.00027010654,0.00019454994,0.000305843,0.0032301508,0.00010381852,0.0030641644,5.531487e-05,0.0015278852,7.8577716e-05,0.0006297579,0.00038104906,0.000119044904,0.09444372,0.061436143,9.330283e-05,8.446802e-05,7.5665725e-05,0.00056658353,0.00029741015,0.0004886597,0.00021338787,8.217874e-05,6.7257024e-05,8.889905e-05,8.654134e-05,0.0015078253,9.738848e-05,8.590525e-05,0.00029545094,0.00023714828,0.0003111081,6.7887595e-05,9.1877104e-05,0.00042477582,0.00018514611,0.25997642,0.06339994,0.056398205,0.1862164,0.15219025,0.10784469,0.08936191,0.097099304,0.70137864,0.24222142,0.99863684,0.9801512,0.00026733585,0.00020815899,0.00014545037,0.00020804831,0.00036932848,0.00072756596,0.00042103484,0.0015983409,0.000612532,0.00037768262,0.0010661118,0.0032185467,0.00039425996,0.0035591526,0.00041675995,0.00030413634,0.0002301974,0.0006822116,0.00017376,8.42961e-05,0.00096722844,0.041929107,0.0002131297,0.00026168625,0.00031193206,0.00047804147,0.00079692464,0.001198161,0.00012602477,0.0013495934,0.000107913154,0.00041507458,0.0007690904,0.00034289176,0.00017041097,0.00040451213,0.00030325475,7.479326e-05,0.00034157676,0.03308161,0.00024658372,0.0868179,7.460771e-05,0.00021624967,6.797966e-05,0.00032048588,0.00015267788,0.00044524646
(Elderly women 60+ y),0.00027010654,0.00019509374,0.00036865877,0.0026099784,0.00011151133,0.0022195783,6.478269e-05,0.0014339007,9.339221e-05,0.00063795375,0.0005676452,6.87658e-05,0.07039958,0.061086856,7.273547e-05,8.622595e-05,7.626069e-05,0.0005047516,0.0011752336,0.00048828183,0.00019766866,7.111933e-05,0.00022949187,8.830353e-05,0.00034827137,0.00052827183,0.00011548498,9.615628e-05,0.00025715432,0.0009406584,0.0012437525,0.0001184717,9.289814e-05,0.00042930493,0.000339837,0.18672094,0.087923616,0.030308923,0.052727155,0.18316834,0.14196748,0.057890993,0.077291586,0.13919675,0.7243168,0.9826347,0.9986132,0.0011106634,0.00019423103,6.388595e-05,0.00023391568,0.0004814717,0.0008744889,0.0003788558,0.0005490616,0.00055563817,0.0013903389,0.0009815431,0.0031919447,0.00038234366,0.0023245488,0.00040292265,0.00030627468,0.0002614968,0.00097628107,0.00021583095,0.0004376421,0.0011681241,0.024485635,0.00019884804,0.00093629333,0.0015215013,0.0005463889,0.0006492418,0.0017636878,0.00015677267,0.0017817526,0.00016777398,0.00035292763,0.0007518252,0.0002657894,0.0002605814,0.00040490137,0.00099503,0.00023328344,0.00046813834,0.040088706,0.00025253868,0.2445536,0.00010855793,0.00019688372,7.26629e-05,0.00033015123,0.00020955873,0.00031315128
Have IDPs been displaced previously,0.0020465038,0.008259069,0.013617915,0.0019303235,0.0022282982,0.00093778875,0.0004739195,0.0010151593,0.00010871152,0.0017993163,0.0056803348,5.8773032e-05,0.00012440248,0.00019778305,0.021526229,0.00064408965,0.020286523,0.00013326493,0.9743142,0.01965188,0.7405684,0.927699,0.7244115,0.1513933,0.9429927,0.71099794,0.4633538,0.1742897,0.9419064,0.9399508,0.9761476,0.97960085,0.0005573424,0.0012858051,0.0004221798,0.0004517225,0.0012139053,8.095821e-05,9.294791e-05,0.0001757102,0.00017913975,0.00022074491,0.00017954291,0.00019018592,0.00018531285,0.0005091627,0.0006029,0.99980783,0.03381576,0.11476381,0.0035342062,0.0005922669,0.0015629035,0.19495149,0.004653232,0.0056673475,0.004504168,0.11778383,0.0005753793,0.009893145,0.00071013987,0.0007547686,0.0022529517,0.0009813419,0.004130291,0.4308459,0.9354649,0.0024374027,0.00029612464,0.008637254,0.9708231,0.075980455,0.89597213,0.96915483,0.0037837634,0.595932,0.004677045,0.00044731735,0.8709517,0.020734021,0.6072968,0.527911,0.0004157497,0.005899126,0.6175168,0.007868462,0.00052935036,0.0019383575,0.0005954634,0.56478614,0.6643647,0.99029905,0.0009097162,0.0007235718,0.98554033
Reason for displacement of Majority,0.0026151782,0.0029107137,0.0001841412,7.7488156e-05,0.0007341469,9.913444e-05,0.0017951262,0.0002977139,0.00048305717,0.00066658115,0.0012107267,0.00010384102,0.00089779746,0.00041905226,0.0009330483,0.002352357,0.08774531,0.0013149695,0.013099203,0.0002731089,0.0050199484,0.002195374,0.00035671212,0.0015825751,0.002169775,0.003238548,0.0021944211,0.0030212332,0.0039131315,0.0037679544,0.003421503,0.0021454114,0.011052392,0.051340036,0.018498197,0.0011418898,0.0011563983,6.738548e-05,4.9246086e-05,4.200128e-05,0.000107405154,4.466196e-05,0.00010896741,0.00020749183,0.0001956031,0.0004696461,0.000458052,0.03285188,0.9998868,0.016255256,0.15052679,0.023648676,0.14250621,0.005451169,0.0006859019,0.0009038259,0.0009308442,0.00079133245,0.00019250001,0.00092821225,0.00019355777,0.018862823,0.0042108605,0.017459298,0.010226924,0.004996932,0.004522265,0.060349323,0.00027359583,0.19965127,0.0057173003,0.064091735,0.0045815064,0.0049924213,0.015900133,0.006018127,0.20125012,0.075978585,0.014045249,0.009451101,0.0050387075,0.006233228,0.010919075,0.04407228,0.006093752,0.07436278,0.00024151595,0.282445,0.00034934012,0.008862017,0.0046082777,0.0073046675,0.009639202,0.14674616,0.007203661
Natural Hazard Risks,0.007049864,0.0035171094,0.008239883,0.0015001994,0.0055546626,0.00342781,0.0005212335,0.00033274392,0.00018463365,0.0020829113,0.004013984,9.245399e-05,0.00038966004,0.00038249622,0.058717396,0.0013142034,0.053486787,0.0011215459,0.25652486,0.45186582,0.06773444,0.020932605,0.0173501,0.7222969,0.29399127,0.047192052,0.0037031206,0.0059431354,0.0038293705,0.026588183,0.23253821,0.030559845,0.008461229,0.012150231,0.00038326698,0.00047546413,0.0007932785,5.001892e-05,7.6327065e-05,8.933382e-05,0.00017372721,8.451348e-05,0.00020489098,8.6436194e-05,8.7988614e-05,0.00010149317,4.6819314e-05,0.18925732,0.056964852,0.99980855,0.021482531,0.0007383354,0.00220741,0.78761,0.37478727,0.117786124,0.061886728,0.8803393,0.0024319652,0.05826338,0.0063246894,0.0040706615,0.0016743673,0.0030774334,0.0059557348,0.07415446,0.16196708,0.0017973776,0.00012149013,0.010396514,0.26275837,0.22415158,0.3056146,0.027934944,0.051950183,0.06010983,0.015504779,0.00034049223,0.08475055,0.08248179,0.2297099,0.05194229,0.0015727323,0.02876804,0.06491546,0.0077012954,0.0044295895,0.0063846232,0.00020101793,0.08204021,0.04451552,0.27346084,0.0016005173,0.0009329053,0.19244306
Intended Area of Return,0.015714139,0.0035604828,0.0023765857,0.0001773474,0.0008494954,0.0008522762,0.0011149658,0.00023812172,0.0004835671,0.0015348496,0.002150282,0.0002520897,0.00025419024,0.00020077276,0.0057085105,0.050642494,0.035022356,0.01655336,0.0035643838,0.0018719869,0.004209044,0.001585888,0.00028400318,0.0026143945,0.0023373337,0.0029852872,0.0013904315,0.0014794992,0.0030009989,0.0023216398,0.0026993759,0.00023573684,0.02515533,0.10884746,0.011129401,0.00071025727,0.0013474724,7.532206e-05,0.0003074636,0.0002848383,0.00028619514,0.00015641995,0.00015735104,0.00027033067,0.00042842282,0.00020803303,0.00023033515,0.0034601633,0.23845474,0.021672413,0.99978065,0.06222463,0.23641728,0.0027708113,0.0028045685,0.0027868196,0.0029593555,0.0025780331,0.0016087195,0.028210875,0.0015535565,0.015183109,0.022677232,0.0069922484,0.0005639416,0.005470192,0.0053278464,0.02702312,0.0009434237,0.06761647,0.0039747776,0.014604103,0.0023300836,0.003269055,0.011946653,0.004687585,0.080342166,0.0056566563,0.003068351,0.0045430325,0.0038071494,0.0054749204,0.018418757,0.04485913,0.0038860787,0.0015301049,0.008301359,0.012024325,0.0008981238,0.00457422,0.0030975651,0.0026865155,0.015028289,0.049691744,0.0019655856
Reasons to Return Home,0.00275437,0.00086605264,0.00032503012,8.627798e-05,0.0026349942,6.2757616e-05,0.0013931782,0.0001359833,0.0011051226,0.00018238816,0.00040952957,0.0018042967,0.0026307025,0.0023526582,0.0019000156,0.005882489,0.002622077,0.01166438,0.0004891384,0.00037211154,0.00078785524,0.00060788065,0.00013982772,0.022885416,0.0006049987,0.00040164107,0.0003289525,0.00038817702,0.0007442333,0.00072531897,0.00059996237,0.00035312132,0.036698032,0.040857002,0.16184519,0.0008947632,0.00021820886,7.024331e-05,0.00012431714,0.00029188546,0.00029299327,0.00029299327,0.00029315936,0.00029445626,0.00036846657,0.00024081532,0.00028141748,0.0005917727,0.014099179,0.0010900758,0.059462126,0.9983916,0.8552756,0.0009518133,0.00090066425,0.0006481399,0.00063974893,0.0010006705,0.0002661864,0.00086603384,0.00012507994,0.0056457957,0.001504629,0.05087907,0.0005145179,0.0006869133,0.0006397307,0.03761251,0.00038528207,0.034905236,0.00048746285,0.001270691,0.000579294,0.00051303935,0.002214455,0.0022645372,0.005382455,0.037406854,0.00057410187,0.003846286,0.0028916267,0.0022530034,0.004210224,0.0061513525,0.0022675577,0.002131176,0.00013287524,0.01801699,0.00052733975,0.0011138432,0.0007920601,0.0007373245,0.055384148,0.20761237,0.00075429527
Reasons NOT to Return Home,0.0011824874,0.00045010177,0.00048498728,0.00010714936,0.0011576553,5.1082716e-05,0.0022031607,8.665341e-05,0.0026855601,0.00044279644,0.00047383143,0.000959186,0.0014714242,0.0010434511,0.0030086462,0.0020604136,0.014128648,0.02840204,0.0013675989,0.00027755895,0.0015407497,0.0008917422,0.00034098842,0.013046566,0.0013719349,0.0012181845,0.00092495105,0.00090791855,0.001981057,0.001908168,0.0018143592,0.0008672715,0.023381723,0.066227965,0.037396267,0.0011028082,0.0004132283,9.967963e-05,0.00015466746,0.0003494013,0.0003920437,0.0003920437,0.0003990914,0.000542841,0.00071335403,0.00031554158,0.0003410592,0.0019785932,0.061318345,0.0024866739,0.08801711,0.3722886,0.94397455,0.0004549223,0.0005464517,0.0005467658,0.00055742444,0.00040912893,0.00020013403,0.0005264434,0.00015456676,0.014229896,0.0006403784,0.04241606,0.0021090177,0.0017204517,0.0014200545,0.00227428,0.0007534956,0.20401071,0.0014549742,0.0026001083,0.0016957609,0.0014560595,0.0072896844,0.0022420231,0.01891703,0.00955992,0.0017040357,0.007332441,0.0021694684,0.0023427715,0.006502644,0.0197787,0.0022703083,0.004295957,0.00018222927,0.033693295,0.001025575,0.0020221248,0.0015475383,0.0016999443,0.010691176,0.041643906,0.0017369125
% HH living outside (no shelter),0.0019322181,0.012604502,0.006709232,0.004692105,0.0022008005,0.003714945,0.00027936805,0.0011102477,9.682569e-05,0.002387771,0.011742355,7.068691e-05,0.00016874544,0.0001477816,0.005105553,0.0002581741,0.016194636,0.00045772898,0.12305965,0.08386194,0.044868827,0.006058295,0.0039421483,0.38200104,0.0072370875,0.045609936,0.0033014147,0.006293483,0.0329831,0.015127424,0.042621247,0.0042089997,0.000246908,0.0020233488,0.005906575,0.0011578695,0.0007023411,0.0002625364,0.00011905425,0.00013963117,0.00013821917,0.00013945982,0.00013984866,0.00013067342,0.0001386718,0.0006403419,0.00078681146,0.044445105,0.0054736366,0.9194283,0.021725276,0.00061151973,0.0008875513,0.99729884,0.15503436,0.78879786,0.075358205,0.8582873,0.0024058921,0.03432522,0.00240372,0.00024951325,0.0005279922,0.0013244879,0.003598175,0.056247722,0.20765471,0.0008649868,0.0007768865,0.0011494084,0.05337732,0.07288848,0.057096463,0.14739065,0.0013606178,0.047873862,0.0037892037,0.0008616413,0.053633653,0.03485334,0.049536005,0.049684606,0.0005863984,0.00457273,0.031454276,0.0070462557,0.0011036271,0.00061895594,0.0005197326,0.053175475,0.051183384,0.04700924,0.0007100007,0.0011825343,0.20739265
% HH living in EmS,0.004287705,0.00871379,0.004362471,0.0066226865,0.00067388505,0.005845502,7.051426e-05,0.0013084431,8.1387545e-05,0.0022608312,0.03819824,0.00040457342,0.0003662089,0.00015050045,0.0025389579,0.00010545293,0.0012983815,0.00049027195,0.051287156,0.0990813,0.004482331,0.0016796272,0.016014175,0.31954256,0.043891434,0.0029290926,0.0020673077,0.0009638205,0.0032626693,0.004421615,0.038453326,0.026213072,0.00020114487,0.00037144255,0.00012471058,0.0010254902,0.00092128396,0.00027098568,0.00012611691,0.00027674442,0.00026834756,0.00029188354,0.00031000318,0.0004283027,0.0004806805,0.0006978803,0.00041788424,0.0482512,0.00080689474,0.8190406,0.0018507969,0.0002274063,0.00020355555,0.9959553,0.9985391,0.7297149,0.68450004,0.9943471,0.0032307412,0.13852933,0.003013652,0.00016248321,0.0010539223,0.0004204671,0.011150526,0.0030373211,0.032916185,0.00026789994,0.00083372876,0.00022968874,0.036885135,0.019117171,0.043000795,0.019502835,0.00061667536,0.0016709896,0.0002930588,0.00012620626,0.0031574306,0.004006829,0.0040741693,0.0045250785,0.0019973775,0.00045357354,0.0047497605,0.00262203,0.0016145386,0.0002077292,0.0012867162,0.0047242446,0.0034837665,0.029470451,0.00012161072,0.00029216555,0.022499984
% HH living in makeshift/self-made shelter,0.0015526735,0.0017697808,0.00058787555,0.00042798038,0.00597774,0.0006710512,0.00020927585,0.0002441477,0.00014384545,0.00030749541,0.008441317,0.0003257586,0.0002765111,0.000527947,0.0025321986,0.0008132665,0.0005769989,0.00061521196,0.06393875,0.33394593,0.0030141813,0.0027458274,0.002528061,0.31808844,0.0071030227,0.0060382113,0.0019298508,0.0026937316,0.0027876112,0.0027404046,0.015066877,0.0030019227,0.00032050823,0.0004312821,0.003923737,0.0021276784,0.000610055,0.00011910381,0.00012735343,0.0003331762,0.00033949068,0.00026669542,0.0002650746,0.00027058713,0.00033469018,0.00014872295,0.00014884773,0.024365153,0.0033354703,0.67610335,0.0021843044,0.00051968265,0.0007601976,0.99908864,0.9505842,0.9993197,0.91663873,0.99564564,0.011440364,0.4740578,0.003539704,0.0004448421,0.008841385,0.0012234075,0.06831414,0.013414988,0.10208347,0.0036657306,0.00036445184,0.002595827,0.016793253,0.23851933,0.017357387,0.043114115,0.0018136726,0.0101618245,0.00048420802,0.0017611055,0.018396178,0.013634751,0.021417394,0.053049777,0.0040227417,0.004712382,0.04859691,0.0064365575,0.0036116878,0.00092195673,0.00040245935,0.055840895,0.023121482,0.011946077,0.00028151035,0.0017869854,0.09227773
% HH living indoors (solid walls),0.00029208214,0.0003818067,0.000329608,0.0040219324,0.0011303797,0.0047199046,0.00014140908,0.0016994604,6.943492e-05,0.0009440096,0.0004460644,6.3419044e-05,0.0077254176,0.0067241527,0.0006734707,0.00039285544,0.00021098647,0.00014096298,0.00024769738,0.00034596192,0.0021200897,0.00037849412,0.00031316784,0.0004034985,0.00031999013,0.0003916995,0.0002946456,0.00033146937,0.0003256903,0.00024760512,0.0007386988,0.00024876383,0.0001120768,0.0001581285,0.00035748817,0.020959962,0.009112889,0.0019683312,0.005122154,0.002257106,0.004346904,0.002202227,0.007609454,0.0014625728,0.002781447,0.0025936668,0.01859049,0.00060238066,0.000623847,0.0011972456,0.003028757,0.00021401976,0.00021955124,0.05533953,0.24392678,0.24200371,0.9906181,0.018358903,0.5762456,0.24904957,0.8855196,0.00017294553,0.0006822638,0.00051657547,0.0034102036,0.0066523952,0.004374284,0.0004994545,0.004540311,0.0004439123,0.004832398,0.0011820208,0.0007945269,0.0006865589,0.00027641898,0.0039044044,0.00030702772,0.00056219584,0.0009009006,0.0022618421,0.0006423533,0.004691576,0.00028285081,0.00055251305,0.0032501162,0.0008874062,0.7696268,0.00024128509,0.016288571,0.0038501802,0.0026526419,0.0005996263,0.000148241,0.00045461016,0.0005695223
% HH have access to electricity,0.0020235567,0.0018432741,0.0014390557,0.00067554996,0.0047969935,0.0016031803,0.0006261159,0.00041717905,0.0003653958,0.0003523993,0.006650477,0.00078132376,0.0018122088,0.0007911258,0.0025193885,0.0011847438,0.009967567,0.0005070872,0.006115234,0.008331828,0.03410031,0.003614445,0.003974259,0.0038412723,0.0039289286,0.0035939203,0.0011944755,0.0011892577,0.004143386,0.0037637944,0.005478214,0.0038491488,0.0007245423,0.0006825905,0.0012786536,0.00033265766,0.0006702064,0.00026986975,0.00027889825,0.00023308655,0.00023772188,0.00018531627,0.00016096437,0.0002714918,0.00020360142,0.0009146846,0.000947459,0.013420982,0.0035056404,0.01679693,0.01806669,0.0007392572,0.00050607184,0.27898893,0.9924656,0.9904186,0.99313605,0.9988693,0.537944,0.9979275,0.3544092,0.0008835724,0.009883578,0.0011232367,0.060472853,0.03071086,0.029130507,0.0014244468,0.0006750702,0.0023206684,0.0057418626,0.0069736117,0.0058123954,0.01617213,0.013764394,0.09611326,0.00095637894,0.0010115679,0.0044516125,0.038217604,0.08972066,0.08249026,0.0033121263,0.00374455,0.101269975,0.012970636,0.25918886,0.0022388077,0.0019598776,0.098849304,0.03358664,0.019014692,0.0005105673,0.00082716456,0.026214903
% HH have access to safe cooking facilities,0.0002776242,0.00059394795,0.000370907,0.0019869353,0.0009040654,0.00713892,9.984591e-05,0.0024724454,7.905065e-05,0.00040428378,0.00071272475,5.199042e-05,0.004501359,0.006853323,0.0006477107,0.00038934304,0.00037539666,0.000114326205,0.0003771433,0.00037311923,0.0022499806,0.00028453468,0.0003431878,0.00030312003,0.00031710288,0.00028584327,0.00028968905,0.00028134504,0.00028763257,0.00025922732,0.0003208965,0.00023551547,9.633542e-05,8.0217695e-05,0.00036431768,0.0033043956,0.0055303043,0.0018750804,0.0016099393,0.0014886032,0.0015340464,0.0012158132,0.0012260767,0.0018761129,0.0017779673,0.0027775893,0.0026489487,0.00064360956,0.0038984576,0.00085939723,0.001752009,0.00040600632,0.00021004897,0.007939958,0.025260042,0.030716978,0.07723383,0.042445913,0.9998417,0.23725678,0.9911612,0.0004531248,0.00080994016,0.0006658904,0.0038726449,0.0036267734,0.0053867674,0.00035223458,0.0067107533,0.00044294368,0.0008187246,0.0048040203,0.00064536434,0.0031245162,0.0020698565,0.012163183,0.00043897066,0.0005553508,0.00074948906,0.0026500248,0.010757939,0.012502959,0.001493025,0.0037911916,0.0114465635,0.007145014,0.99568725,0.0002246353,0.006242975,0.013162202,0.0023976227,0.0032721069,0.00017085689,0.00028445164,0.0032593058
% HH have private living area,0.0043263393,0.0016108481,0.0010693223,0.00042468708,0.0048588915,0.0018555445,0.0005951893,0.00040594407,0.00033641918,0.0006078634,0.0065791463,0.0017866449,0.0008272153,0.0008325497,0.0031609735,0.00080987706,0.0034218167,0.0030405847,0.0058368486,0.29368973,0.05055945,0.0011908861,0.0009163481,0.056831967,0.003959874,0.0034593297,0.0008897746,0.00088567997,0.005714648,0.003283653,0.005732769,0.000944166,0.00054792076,0.00024729807,0.0011621537,0.00056336913,0.0013264205,0.0001977749,0.00014840241,0.00023849538,0.00025712023,0.00020196445,0.00020719541,0.00020891835,0.00018976214,0.00031927382,0.00028865316,0.009865672,0.0117225135,0.11081777,0.036308818,0.00067606766,0.00067759946,0.62858486,0.99782884,0.9965194,0.99766326,0.95678186,0.29627147,0.9998312,0.08035152,0.00052622304,0.010431871,0.001460037,0.06668524,0.09256536,0.019521285,0.0013030096,0.00074583734,0.00184859,0.013011649,0.032358717,0.004601796,0.01683003,0.0019085001,0.05453228,0.0010290656,0.000874492,0.0045525283,0.027333666,0.05442401,0.038691666,0.0035258522,0.0038174207,0.03299314,0.012981919,0.34579512,0.00077435793,0.0007514432,0.0970912,0.051118497,0.0138485655,0.00036883302,0.0008420861,0.01972598
% HH have mosquito nets,0.00039327517,0.00036525886,0.00045822933,0.0048546884,0.0010354482,0.023444917,0.000108007305,0.0016589143,6.6201326e-05,0.00042328777,0.00039697674,7.901996e-05,0.01571714,0.0068403715,0.003073455,0.0012764902,0.0016880188,0.00013797391,0.00073623954,0.0004166707,0.003467368,0.00047306318,0.00036057795,0.00043945876,0.00051465863,0.0004732098,0.00035496027,0.00035702038,0.00046090523,0.0003777945,0.00068201916,0.00037154905,0.00013144579,0.00019793725,0.00039426982,0.0044394713,0.00717059,0.002601055,0.0023412288,0.0018847021,0.0018891697,0.0019269737,0.0016892395,0.0013921806,0.0010633243,0.0027920804,0.0017982575,0.0007915955,0.000680621,0.0020683825,0.0031527937,0.00039724627,0.00019653174,0.008719498,0.20791343,0.16116013,0.16619632,0.02889787,0.9949527,0.34064955,0.999851,0.0005929115,0.00086788775,0.00023391607,0.0018574971,0.0025627946,0.0031678346,0.00041721147,0.006504133,0.0006202516,0.00062312774,0.0020847935,0.00064766104,0.0027806414,0.0014306193,0.0038295109,0.00027141118,0.00030503992,0.0005019843,0.0043038554,0.0025528434,0.004163238,0.00027713386,0.00066302024,0.0034013097,0.0013318184,0.9900477,0.00022126341,0.0048990957,0.0049048136,0.0033542234,0.0018874818,0.00024790232,0.00020962906,0.0030711927
Most needed NFI,0.0005272414,0.00021032983,0.00033806573,0.000108154454,0.0016002879,0.00018398733,0.007404504,0.000105332605,0.0036509878,0.00027467436,0.00022323457,0.0032683932,0.007909822,0.0071323086,0.0032007839,0.010259137,0.008722301,0.01715155,0.0011149249,0.00089803693,0.00075974554,0.00021385506,0.00072272954,0.0037952445,0.00033758735,0.000556124,0.029532501,0.00076523656,0.00047006024,0.0003772232,0.00046666467,0.00031138203,0.028597832,0.0044533755,0.0978401,0.00086693716,0.00061682396,8.792212e-05,7.682669e-05,0.00018167356,0.00017810166,0.00018167356,8.0459664e-05,0.0002089391,7.607405e-05,0.00014302834,0.00013156416,0.0012635603,0.020545492,0.0037963735,0.009955954,0.050511714,0.005874335,0.001399027,0.00078487874,0.00063893775,0.00045554002,0.0013321508,0.00045550228,0.00045733037,0.000384915,0.9998239,0.0012791685,0.052612998,0.0021660458,0.00041311292,0.0004068037,0.0019055533,0.0002038312,0.003080359,0.00033213757,0.022499057,0.00048696314,0.0005101239,0.0018033872,0.0010093051,0.0068169055,0.063564986,0.0007412035,0.008562082,0.00071978645,0.0006504374,0.0011283807,0.01317319,0.00090328755,0.0024929207,0.00033291164,0.19549948,0.00022404858,0.00044852353,0.00060214417,0.00074068084,0.021450577,0.016097378,0.00054510747
Location of site main water source,0.013517153,0.0007565558,0.00024835375,7.366366e-05,0.0002829611,0.00013874372,0.00015794567,0.00010531517,0.00014199503,0.00011600453,0.0022409216,0.00045807243,0.00052143936,0.00045641782,0.0026419372,0.018232591,0.0042835036,0.0046067606,0.0018664326,0.0007229467,0.0022521054,0.00021039903,0.0001830678,0.0004305027,0.0004541694,0.0008487533,0.00045789624,0.00017949306,0.00072503265,0.0007873512,0.00045285054,0.00018082635,0.0007730785,0.00788813,0.007924793,0.0003563756,0.00027978624,0.00012705859,0.00011789862,0.00010935014,0.00010477942,0.00010477942,0.00010499116,0.00010499116,0.000112427784,0.00029559297,0.00041538646,0.00069730135,0.015923424,0.0006525066,0.020082587,0.0048474795,0.0061701084,0.009912063,0.027833266,0.04748843,0.029868893,0.009261587,0.0034917695,0.0479991,0.0032706144,0.0012998291,0.9997968,0.09039866,0.014513406,0.0033424085,0.0037520833,0.05542832,0.00086592295,0.008583001,0.0008493514,0.027421588,0.002143191,0.0026117032,0.001198689,0.002767188,0.002968889,0.012035418,0.0007792926,0.000749466,0.00075978145,0.0011233009,0.075735085,0.008612648,0.0063026515,0.0035564278,0.0042839744,0.00496938,0.0018597886,0.0013976749,0.0008517572,0.00088977214,0.005812701,0.0044604903,0.0021201845
Main drinking water source,0.002668925,0.0006120329,0.00042898074,0.000104183455,0.0028695199,0.00021277345,0.0024892068,0.00025515593,0.0007322209,0.0004946856,0.00038752248,0.00071351614,0.0044662934,0.0026329926,0.017931886,0.0011195409,0.01737506,0.097684085,0.0016199648,0.00199927,0.001699823,0.0013844917,0.0012760985,0.024891887,0.0014081809,0.0026365456,0.00092284416,0.0012882004,0.0014866949,0.0021311804,0.0019994916,0.00032825896,0.05105334,0.041367285,0.056089524,0.00717252,0.0036612945,0.00014338864,0.00034223316,0.0001943766,0.00025183248,0.00017208993,0.00022149364,0.000602282,0.00086007145,0.00036745885,0.0005825786,0.0016899874,0.037397906,0.012415188,0.0742529,0.035118323,0.03895136,0.001672715,0.00093304034,0.0009237301,0.0009235657,0.0010395264,0.0002000145,0.0004925815,9.080459e-05,0.030949809,0.111217074,0.999451,0.011334434,0.13540038,0.034288898,0.006654538,0.0024947328,0.0899144,0.0025524334,0.0017044067,0.00244119,0.0025556025,0.0024435795,0.0028776778,0.02898877,0.06433231,0.006450724,0.007248294,0.0023124947,0.0025979802,0.019306827,0.022333601,0.002796785,0.011846038,0.00015896987,0.05705569,0.0073078196,0.0020885249,0.0016312308,0.002185007,0.044478353,0.09179669,0.0021935364
Avg amount of water available /day/person,0.00052329525,0.0017373969,0.00034927254,0.00013411477,0.0009962415,0.00014091237,0.00081554224,0.00036408048,0.0007263549,0.00013072097,0.0053426297,0.0006976168,0.001510855,0.0018065647,0.0017570626,0.002039947,0.0021736743,0.0048958226,0.0016180817,0.0003122769,0.00064954156,0.00035318147,0.0003708037,0.0007523981,0.00036449576,0.00034543127,0.0001737637,0.00039158633,0.00026183482,0.00025853535,0.00025620355,0.00026717375,0.000770108,0.004236882,0.0019720064,0.0014009104,0.0014663787,0.0011053932,0.0005692269,0.00044771188,0.0004320367,0.00043372775,0.0004032945,0.00042093443,0.0004358358,0.0012010932,0.0009532828,0.001134008,0.020504577,0.0029427824,0.0035439513,0.0010452117,0.00093289523,0.01997039,0.0056798253,0.03965806,0.0248655,0.016987782,0.0025225522,0.026383268,0.0019039866,0.0029340931,0.018304577,0.0039790836,0.99967843,0.009697277,0.031949338,0.054349266,0.0024182713,0.035650812,0.0017521472,0.10453646,0.0010873261,0.0019535595,0.0010960844,0.003868121,0.011588562,0.0065400763,0.0016080991,0.021993948,0.000910576,0.0028536075,0.026149325,0.015995778,0.0023965286,0.032501325,0.0015109306,0.0022759829,0.0027262492,0.0024840084,0.00012870085,0.0017323493,0.0033060876,0.003640403,0.0019082697
Is drinking water potable,0.0025245778,0.0056315735,0.024419738,0.0028448007,0.0013026609,0.0007625934,0.00035616758,0.0007429951,0.00014841971,0.0013136553,0.003769834,7.7230754e-05,0.00012982273,0.00010363806,0.02965555,0.0040488336,0.045107372,0.00045770287,0.8119053,0.01614776,0.96953684,0.98179317,0.6132257,0.026069323,0.9037685,0.98352224,0.9471643,0.9702235,0.97121215,0.9323575,0.8741726,0.6667978,0.00074763753,0.0024288937,0.0008801031,0.0004170809,0.0007783564,7.2132316e-05,6.585921e-05,8.628324e-05,0.00036361418,0.0001482022,0.00057119766,0.00013535253,0.00014597151,0.00031026706,0.00033612378,0.8874564,0.010289601,0.074861124,0.003084828,0.00045334574,0.0008563759,0.020937039,0.026513226,0.040334698,0.048206702,0.012006582,0.0034409512,0.09853391,0.002419958,0.00035675426,0.0026525974,0.140448,0.026588457,0.9997979,0.8385482,0.002141439,0.0005081388,0.0080315275,0.9860022,0.0064547863,0.9889719,0.7270634,0.0716982,0.98202926,0.0054483237,0.0010330171,0.98892754,0.026868666,0.9888769,0.9878051,0.00055744057,0.015671542,0.981665,0.008124621,0.003814161,0.0005784209,0.0002630671,0.96551836,0.96794194,0.8404637,0.0010560371,0.0016932673,0.5363791
Complaints about drinking water quality,0.0016446806,0.004698498,0.043113224,0.0013086268,0.0017751051,0.0004169074,0.0004762468,0.0006476841,0.00013829299,0.0008805621,0.0031446188,6.0135055e-05,0.0001529859,0.00013519141,0.004283826,0.00064176944,0.016662693,0.00011653713,0.91344905,0.0853614,0.4745353,0.13510107,0.36636502,0.42679796,0.67253417,0.09310517,0.09951885,0.053939864,0.49331424,0.642007,0.47826165,0.69992316,0.0004777431,0.0013793287,0.00070801284,0.00012140658,0.00070122397,0.00013325049,0.0001220746,0.000112238326,0.00010110746,9.2287395e-05,9.167639e-05,9.2287395e-05,0.0001554784,8.302522e-05,0.00034510915,0.93318766,0.015897634,0.14672144,0.0028817535,0.00031169795,0.0007587289,0.11525652,0.03500893,0.032615796,0.033198453,0.12248687,0.005070594,0.022964804,0.0038402383,0.00034194288,0.0037284216,0.013730166,0.03555227,0.7666556,0.99979746,0.002220822,0.0006954413,0.007192338,0.93931687,0.11865079,0.90187114,0.98640114,0.0064851753,0.44606328,0.0047753616,0.0010765416,0.76001185,0.023395002,0.592111,0.53178895,0.00060418394,0.012696276,0.5164137,0.013431175,0.0033327693,0.00091614295,0.00055696623,0.4491554,0.48001295,0.9376607,0.0010729006,0.00331899,0.9899447
Condition of most of the toilets,0.0006902717,0.0010578883,0.00036082664,6.0231272e-05,0.0028244175,5.619674e-05,0.00050778355,0.00019610893,0.0002395888,0.00016179448,0.00072146056,0.0001296812,0.0028055976,0.0007403693,0.014773175,0.0038551548,0.02142651,0.01298637,0.003580067,0.0006816441,0.0037123845,0.0005336229,0.00041390499,0.0025061928,0.00041390499,0.00044053906,0.00034008457,0.00033476896,0.003024168,0.0039561973,0.0020109878,0.00041602584,0.0017594809,0.011492622,0.09480986,0.000652962,0.0009359343,0.0008341676,0.00020423665,0.00019230413,0.0001950162,0.0001659305,0.00059122493,0.00061100314,0.00019620378,0.00079091673,0.00028049355,0.0038309905,0.029799527,0.002014505,0.031014282,0.02250595,0.046026662,0.005141874,0.0012638818,0.0016526621,0.001628356,0.001930447,0.00038790912,0.0016983801,0.0004357057,0.0013510474,0.07048774,0.028296355,0.025647791,0.0030756867,0.0031007025,0.9997368,0.11199212,0.012147798,0.004621207,0.035798047,0.0102928,0.018391054,0.007967088,0.010801134,0.013713044,0.018794842,0.003409894,0.01799035,0.0042504896,0.0045176507,0.26574442,0.009124964,0.011310659,0.27770534,0.0004601496,0.019291513,0.002505303,0.0037173543,0.0042759785,0.0041745952,0.23117575,0.026209269,0.012555728
# of functioning toilets,0.00028116876,0.00031712966,0.00058902864,0.0027501383,0.00016484872,0.0027913025,6.0843617e-05,0.002357735,8.940341e-05,0.00066873344,0.00058461586,7.551609e-05,0.0740003,0.026827931,0.00022240604,0.000102163474,0.0005234616,0.0010145806,0.0011047326,0.00035223167,0.0020234429,0.0001671336,0.0001326503,0.00018237908,0.00013937628,0.00010948324,0.00019887016,0.00022994405,0.0021830215,0.0013186408,0.00049053616,0.00017923457,0.00043324358,0.00024379128,0.00049084006,0.38385773,0.07998061,0.4318905,0.25031278,0.040524676,0.059013493,0.037624188,0.03872887,0.05787857,0.02955065,0.6874349,0.39039066,0.0005839122,0.0001819122,9.1604925e-05,0.00042280921,0.0006059454,0.00028922103,0.00031112827,0.0022482616,0.0018595596,0.0019207958,0.00083145674,0.046015237,0.0019571793,0.04717882,0.00010967148,0.0012058411,0.0005750421,0.0036476157,0.00073136244,0.0013439871,0.27943045,0.9997044,0.0009723322,0.0012234591,0.0076172855,0.00060231215,0.0053493283,0.012185191,0.0004918707,0.0024064614,0.0010277478,0.0021702363,0.000912485,0.00059167395,0.002862181,0.003358567,0.0012135832,0.002449153,0.01193208,0.109050244,0.0017829502,0.4388126,0.0019525556,0.0005504078,0.0012910676,0.0008359935,0.0009382275,0.0010450328
Main garbage disposal,0.004939042,0.00080096547,0.00019953998,7.540236e-05,0.0017977242,0.00016634625,0.002092975,0.000221152,0.0026978883,0.0011369337,0.00087241916,0.00032533423,0.00039442713,0.0002781469,0.031428352,0.0015533811,0.09141369,0.04284283,0.007453675,0.0003575852,0.0057363217,0.005633178,0.00595387,0.015053601,0.004201132,0.0059137214,0.003940618,0.0010336201,0.0069271047,0.0056066806,0.0057272697,0.00044623928,0.05666987,0.100573905,0.008129908,0.0002672349,0.0006721908,0.00014237994,0.000101661295,9.649878e-05,9.649878e-05,9.5971256e-05,9.823642e-05,0.00017038526,0.00015808802,0.0002461201,0.00024605394,0.008585012,0.38312978,0.007834499,0.07799943,0.0052381805,0.023664804,0.0030073635,0.0020579258,0.0021434475,0.0021498199,0.0035617447,0.00045932314,0.0024681091,0.00047088353,0.009963484,0.0060484996,0.02462187,0.013093177,0.0074537275,0.00696098,0.010853849,0.0006128425,0.9996463,0.13181803,0.06830476,0.0073204516,0.0055500553,0.00076391565,0.006003543,0.13683037,0.054591894,0.0055261063,0.0860804,0.0077640773,0.003929265,0.01491938,0.0505314,0.0035015838,0.034962732,0.00033720912,0.012189316,0.0005686412,0.0047310805,0.0045238826,0.0028824958,0.018178592,0.18289104,0.006244314
Garbage and solid waste problem,0.0015682786,0.0039294367,0.0045063356,0.0033416518,0.0019420054,0.00056691054,0.0005394224,0.00083132955,0.00015483207,0.001205677,0.0054632127,7.715486e-05,7.534502e-05,0.00013252963,0.0027667265,0.0044727162,0.04444518,0.00037340936,0.9803052,0.0036355646,0.8975144,0.97524613,0.8056763,0.2982928,0.9449952,0.9727269,0.94282514,0.972161,0.95606536,0.9496981,0.97928274,0.69127077,0.00070152147,0.002960927,0.0006583275,0.0005095425,0.00079543056,7.6333316e-05,7.307245e-05,0.00018224075,0.00053327024,0.00023597003,0.00043280935,0.0002272072,0.00028618847,0.00038730068,0.00045253529,0.98586166,0.004719193,0.056239843,0.00402621,0.000466067,0.0011942888,0.020144494,0.006606927,0.0066707316,0.02330578,0.018138122,0.0008266589,0.012927658,0.00067152997,0.00015923183,0.00085676654,0.0014176113,0.0056058234,0.98700976,0.7098566,0.002745525,0.00039620872,0.13215962,0.99980783,0.059159543,0.98912495,0.9451886,0.0461495,0.9353938,0.0044148937,0.0007628393,0.9598579,0.09693862,0.93633074,0.9650882,0.00041298493,0.009583112,0.9349392,0.0108149545,0.0005555801,0.00082472275,0.00077842723,0.95712566,0.9087895,0.96896607,0.0010022286,0.00051656103,0.8141118
Availability of hand-washing station,0.0004605392,0.00025315318,0.00020333048,6.2737054e-05,0.0010754253,7.00844e-05,0.0067741266,9.613698e-05,0.0022485214,7.0456714e-05,0.00019374047,0.0006616972,0.00033192246,0.00033890206,0.013233223,0.0048386008,0.010554967,0.0015320941,0.014346384,0.06862138,0.005699243,0.0065883812,0.00067980663,0.14631395,0.004449862,0.00052637525,0.00040970562,0.0005594558,0.00068465155,0.0042792084,0.0044706375,0.000509108,0.0060272487,0.03360132,0.007856323,0.001014412,0.001177423,0.00016028168,0.00010868733,0.00010443083,0.0001054467,0.00010506246,0.00010798598,0.00010866247,0.00013168565,0.0001706057,0.00079790043,0.0048694676,0.040159088,0.13860208,0.016335504,0.0052106744,0.009817587,0.2710127,0.014375536,0.021258648,0.005409013,0.28965726,0.0046660407,0.005592917,0.0011241812,0.01694968,0.023425119,0.0036606735,0.025885047,0.0032299939,0.01475188,0.032394517,0.0035558355,0.0508264,0.007978168,0.9998194,0.009691609,0.019849204,0.003658488,0.0031452095,0.33262432,0.038083933,0.0066219,0.028646395,0.004639922,0.0035089897,0.02463024,0.13272403,0.0039346353,0.14549935,0.0043634055,0.04005592,0.0012338298,0.002906788,0.0027278275,0.01675698,0.012830205,0.0103245545,0.021927223
Hygiene promotion campaign,0.0016658308,0.0039174957,0.007206015,0.0013107215,0.0015164763,0.0003991837,0.0005533285,0.0006305464,0.00013143067,0.00072058645,0.005273466,8.5277505e-05,8.303819e-05,0.00015459073,0.03162767,0.0038357934,0.030646583,0.00035080296,0.9903697,0.027578125,0.82541496,0.9689818,0.79705536,0.32380268,0.9785786,0.8272986,0.86633843,0.2950336,0.96300995,0.98118186,0.98012495,0.806592,0.0011259147,0.0013566964,0.0006654554,0.0004306773,0.0007298291,7.542288e-05,0.00011295184,0.000267969,0.00037869395,0.00022736473,0.00020089053,0.0004407312,0.0004662516,0.0006768938,0.00070399896,0.96859264,0.004996392,0.15133886,0.0026555576,0.00051733025,0.0019474223,0.22449428,0.0066293604,0.00668879,0.004897262,0.1834171,0.0006844042,0.0046704262,0.0006464915,0.00047618934,0.002162463,0.0012102071,0.005078072,0.5444121,0.97386867,0.0073071127,0.0005339149,0.0070302077,0.9893872,0.12589575,0.99979633,0.99308425,0.030856932,0.6791229,0.004691835,0.00069871004,0.975122,0.03603733,0.8141867,0.467633,0.0010206522,0.009145932,0.60758567,0.027893087,0.0005541097,0.0021986242,0.0007838179,0.46225303,0.83834267,0.969902,0.0010411004,0.0009526983,0.9384685
Evidence of open defecation,0.0016446806,0.0045771822,0.043060422,0.0013385846,0.00144592,0.00041838503,0.0004613883,0.0006403622,0.00013330538,0.0008767519,0.005452198,5.8690573e-05,0.00034935947,0.000136118,0.0029993425,0.0006553266,0.06810347,0.0001372832,0.9359545,0.06030713,0.6416407,0.24437982,0.56631166,0.38654613,0.68204665,0.113922834,0.10703659,0.17793691,0.8319232,0.92370045,0.8914534,0.797527,0.00084428885,0.001438585,0.0018165526,0.0003430198,0.0014735826,0.0001146693,0.000103499544,0.00024154913,0.00019879716,0.00018156835,0.00018664701,0.0002752713,0.0003014416,0.00085708697,0.00071093097,0.9627204,0.006257852,0.02072686,0.0035525528,0.0005013958,0.00077560527,0.115065396,0.0046430985,0.00443262,0.006151642,0.08782948,0.0008785126,0.0044063437,0.00070912833,0.00038197514,0.0026526023,0.0013437038,0.0062030833,0.5053758,0.98447216,0.011338797,0.0040810285,0.00588174,0.96964955,0.12800881,0.9739287,0.99980086,0.0401948,0.41941547,0.010982157,0.0007230906,0.97227037,0.019170282,0.62539244,0.5607738,0.0031124437,0.019213617,0.5837883,0.03659565,0.0064020506,0.004074262,0.0017056734,0.45354778,0.6717665,0.97816354,0.0031879612,0.0009987474,0.9905638
Access to food,0.0014356973,0.0013200082,0.0014172114,0.00016002501,0.0053140344,0.00023906374,0.014963504,0.00060336094,0.0013160208,0.0006137128,0.0014671652,0.0005335206,0.0019497011,0.005182068,0.047429256,0.0057524815,0.0548779,0.10786684,0.014586299,0.006331734,0.050148454,0.12497795,0.12654305,0.011064977,0.14542188,0.08534976,0.015190796,0.12175934,0.12607388,0.14268205,0.14512452,0.12690085,0.012830232,0.010526938,0.0017731558,0.0018790287,0.0037840924,0.000563802,0.0013898886,0.004089818,0.003862412,0.0039381385,0.0013205837,0.003968072,0.0013741762,0.00039777547,0.0005323377,0.016917655,0.043073952,0.01992374,0.053987525,0.012531245,0.018369349,0.00034698524,4.8612244e-05,6.121729e-05,8.559545e-05,0.0029297657,0.0012448401,0.00013873313,0.0001590654,0.004430656,0.0010305156,0.0022159987,0.0014977178,0.061799463,0.005288124,0.030333465,0.0064150803,0.00851119,0.12843624,0.005481273,0.14188567,0.076832995,0.9990792,0.10005155,0.12041816,0.008061893,0.15698144,0.07165423,0.103889175,0.12277087,0.0011936564,0.012501916,0.10304389,0.05792621,0.000109671346,0.021531466,0.005333735,0.104270875,0.1700433,0.18046483,0.013090166,0.021727927,0.069831364
Access to market near from the site,0.0021396885,0.008414151,0.042912442,0.002866283,0.0011695664,0.0007253829,0.00036129905,0.0008767601,0.0001697787,0.0012996377,0.008874167,7.825851e-05,0.00020005387,0.00015153365,0.028621472,0.0005331903,0.062122963,0.00092957413,0.7823087,0.0035440824,0.98558515,0.5651052,0.47802308,0.031468626,0.7391727,0.9387641,0.7434728,0.77802044,0.8980804,0.8163477,0.5293673,0.18625852,0.00095802033,0.004343808,0.00087786483,0.0007151191,0.0018010912,0.00026525342,0.00022461465,0.00022371275,0.00034558558,0.0003607437,0.0003216752,0.0003216752,0.001178774,0.00047986695,0.0014514996,0.8451451,0.014519649,0.03218986,0.0032614148,0.0008526732,0.0010934408,0.015236893,0.02382181,0.036296062,0.034112837,0.17960536,0.012271588,0.048658974,0.0036263228,0.0010057603,0.004582867,0.0014952335,0.0135356635,0.98240834,0.51418453,0.008222373,0.001260389,0.006502995,0.92348605,0.0036712626,0.9770775,0.55981153,0.16418283,0.99980086,0.0058388347,0.00093912974,0.95896566,0.07022463,0.98943067,0.99330884,0.0006878365,0.01243051,0.98991776,0.0063867797,0.0023481566,0.0010993464,0.001989322,0.9932811,0.9879823,0.9465347,0.001106151,0.0015716191,0.5346793
Frequency of food distribution,0.0005518796,0.0015387223,0.00044460603,0.00010490922,0.0022645954,8.738179e-05,0.010107113,0.00036081206,0.00082601694,0.00025367207,0.0007173291,0.00019275062,0.0044468143,0.0016501187,0.0020477243,0.00093445135,0.060601477,0.0009856886,0.0007794796,0.0012574467,0.010648043,0.00043352676,0.00045851115,0.02190394,0.00045888472,0.002734795,0.0017641783,0.013065604,0.0032906164,0.0032861654,0.0050954446,0.00046201466,0.0111304615,0.00045879147,0.008040068,0.0014652071,0.0020175686,6.1976636e-05,0.00030419097,0.0003059026,0.00030335537,0.00030388188,0.00032299425,0.0004411466,0.00039059317,0.00032302822,0.00028230812,0.0051984717,0.06104188,0.014843407,0.058636248,0.0035042313,0.010759484,0.0017103741,0.0017505682,0.0017459411,0.0020990046,0.0009119341,0.0006233388,0.0020456524,0.0006950863,0.002855728,0.0018313345,0.004978892,0.005502289,0.0057742205,0.0044696853,0.023083037,0.005929072,0.14029595,0.004847737,0.3506796,0.0049599432,0.011181295,0.042236578,0.0055184043,0.99972165,0.058415648,0.010838313,0.0013578752,0.0050668963,0.005825935,0.0021722047,0.31816766,0.0041353353,0.04772146,0.0010121291,0.11198668,0.0034351298,0.005629938,0.004949311,0.005399989,0.012305131,0.03471451,0.0051841745
Most common source for obtaining food,0.00015878043,0.00028769055,0.000110813045,5.5287215e-05,0.0019360845,2.909153e-05,0.008146994,5.633943e-05,0.001485273,0.000116186864,0.00015699891,0.004109123,0.0018319077,0.000570676,0.00049323344,0.0014219196,0.0061980826,0.007502302,0.0006173414,0.0011571205,0.0010977277,0.0001937973,0.0005335971,0.0050745094,0.00018914243,0.00097499543,0.00023721618,0.0026450653,0.00090297055,0.00090989115,0.0011669376,0.0001915998,0.020597365,0.0045811855,0.41300088,0.0012769278,0.0030555516,0.00017585773,0.00035705222,0.00034892262,0.0003486207,0.0003486207,0.00035003157,0.00035003157,0.00036351604,0.00018555422,0.00018555422,0.00079413754,0.090930305,0.00029091074,0.014526617,0.1418306,0.025128983,0.0018599802,0.0005565121,0.0017703379,0.0015549416,0.0017770986,0.0006675963,0.0024792587,9.227925e-05,0.07560038,0.013803391,0.34952372,0.005963043,0.001753786,0.0017900799,0.047095012,0.0036465365,0.10203829,0.0013601615,0.00794738,0.0016344677,0.0015746132,0.016293041,0.0016405552,0.066702954,0.9997574,0.005795437,0.016211526,0.0015977799,0.0015879311,0.027301755,0.022812042,0.0011774143,0.024347585,0.00019838373,0.0796801,0.014447368,0.001867163,0.0016962704,0.001536407,0.098824546,0.35236794,0.0012218176
Screening for malnutrition,0.0015358644,0.018523794,0.043013584,0.0012966003,0.0015419384,0.0004167548,0.00044510514,0.0006403622,0.00013396924,0.00081295415,0.003139716,5.849416e-05,0.000107636675,0.00013301786,0.02178984,0.0006390181,0.03012232,0.0002799898,0.93216544,0.03589633,0.68380606,0.8695307,0.8821087,0.3600038,0.97780174,0.80842626,0.6561552,0.79876417,0.85792243,0.91914034,0.9765078,0.94368607,0.0008711025,0.0013770866,0.0004237321,0.00026208803,0.0011763668,0.00011289909,0.00010776889,0.0001808392,0.00014732362,0.00013060406,0.00020269785,0.00025312955,0.00017311599,0.00068501616,0.000713764,0.95874345,0.020761158,0.1656397,0.0032351245,0.000475867,0.0014396935,0.11840864,0.00435238,0.0060441894,0.004605836,0.093841165,0.001033844,0.0045919097,0.00047653896,0.00070105155,0.00078175607,0.003267575,0.0058053103,0.59991395,0.9880898,0.006096331,0.002382552,0.005464059,0.9199214,0.11406962,0.9520598,0.99349654,0.048316382,0.5782994,0.009829353,0.0030930096,0.9995893,0.03233434,0.7443885,0.5788325,0.00089362205,0.009615416,0.5922207,0.008523005,0.00083965657,0.0015671228,0.00048561764,0.4575131,0.76695925,0.97323555,0.0011169427,0.00090194354,0.9853452
Most health problem,0.0021320432,0.003012598,0.0005547949,0.0001281022,0.02347207,0.00025005295,0.0035978365,0.00037214792,0.0016291316,0.00020491143,0.0017157721,0.00032273834,0.00030629482,0.00044704453,0.020201059,0.010047235,0.009797423,0.0027067626,0.0015065012,0.0036631748,0.0027435394,0.0010477281,0.00083409424,0.002417059,0.0118746525,0.00071511196,0.00013344298,0.0006859623,0.0010235824,0.00093401247,0.0012417079,0.00074608624,0.090461515,0.0045444104,0.014343584,0.0009023834,0.0002875373,4.0240804e-05,0.00015026027,0.00036058653,0.00013367324,0.00023128976,0.00010635239,0.00010804956,0.000101334124,0.00010932464,0.00010166065,0.0015099029,0.035244014,0.010165499,0.020743571,0.0097469995,0.014437509,0.0016558538,0.004255803,0.0040082596,0.0039454903,0.0038439743,0.0008347417,0.004047245,0.0012218899,0.040818464,0.00033129717,0.0102176,0.010988913,0.0036898907,0.002342452,0.008895602,0.00061350974,0.23265678,0.009817113,0.107001185,0.00090340374,0.00049503706,0.0029512295,0.0021672412,0.0133154495,0.0673142,0.0010707041,0.9998033,0.0016805455,0.018288283,0.0030038804,0.53223914,0.0018275441,0.007253904,0.00075131067,0.009800592,0.00075918494,0.0016376564,0.002074969,0.0012163986,0.08620974,0.08501579,0.0061605074
Regular access to medicine,0.0015682786,0.0031487937,0.026733184,0.002379019,0.001928174,0.00037887957,0.0003516796,0.0007467784,0.00013607209,0.0011637511,0.0038145077,7.715486e-05,7.3644056e-05,0.00015538068,0.0034100767,0.0006390181,0.027487392,0.00010299061,0.9645214,0.0045846417,0.9854993,0.88241124,0.8795942,0.17687427,0.9809672,0.97259194,0.8759623,0.91857386,0.9790165,0.97590595,0.9646375,0.74527186,0.00080147776,0.0020605002,0.0005836997,0.00030508594,0.0012975105,7.064133e-05,6.103729e-05,0.00012792292,0.0003422586,0.00016773496,0.00056874217,0.00038833037,0.0002478817,0.00046303077,0.000576825,0.928473,0.005283371,0.18058136,0.0045041055,0.0020880676,0.0017508923,0.020913972,0.008661821,0.008748346,0.0029665076,0.067912795,0.0023178917,0.006061203,0.0005857539,0.000707857,0.0008534447,0.0013044843,0.0053534857,0.9849113,0.6945489,0.0031030588,0.0004418429,0.008058542,0.9696905,0.01731016,0.9897293,0.8850849,0.23163734,0.9891281,0.0047566583,0.0007142218,0.9907737,0.016676579,0.99980855,0.99407053,0.0007373155,0.01985177,0.99217254,0.0077915434,0.00070156314,0.0008354528,0.00041257322,0.9878545,0.9701211,0.9711759,0.001100093,0.0012905616,0.71785915
Access to health facility,0.0017767724,0.007888194,0.024632756,0.0028169737,0.006592774,0.0007123536,0.0003361018,0.0005536379,0.00016097359,0.001437906,0.0053081964,6.644412e-05,0.00018750288,5.9465598e-05,0.10627775,0.003025128,0.0626238,0.00082738226,0.80610585,0.012430896,0.992482,0.95087546,0.9172529,0.06959891,0.96383214,0.9862776,0.8390852,0.77527595,0.9505053,0.8825788,0.9071792,0.7926758,0.0010975968,0.0048162127,0.00081803073,0.0014372314,0.00295032,0.00030144863,0.00021711877,0.0008254425,0.0020322746,0.0012835232,0.0018714238,0.0018347519,0.0019946909,0.0010318364,0.0016268215,0.8983298,0.01468215,0.058661662,0.0050311494,0.002651933,0.0018915888,0.012330241,0.05006617,0.045965154,0.042197283,0.15394726,0.01434065,0.046364337,0.004125094,0.00065326225,0.0011457248,0.0014074082,0.010850009,0.9890948,0.6317348,0.0031716668,0.0012568677,0.0066318503,0.9578341,0.004583238,0.98071074,0.681684,0.3635658,0.9932369,0.0061482955,0.0009315824,0.98052114,0.35028854,0.9957801,0.9997998,0.13641666,0.110546716,0.99324465,0.023916675,0.0042316085,0.0010309106,0.0016954797,0.99345815,0.96814805,0.93260664,0.001043059,0.0015414066,0.5297764
Location of health facilities,0.00997288,0.00055821467,0.0002520662,8.204327e-05,0.00025497287,0.00041265803,0.00017305567,9.330505e-05,0.0002791157,0.0003798582,0.0017370825,0.000451468,0.0004600997,0.00051822636,0.0015028319,0.003917874,0.010932473,0.0031028814,0.000824573,0.0010035803,0.0038021458,0.0002560661,0.00020318874,0.00043733665,0.0021757598,0.0006376043,0.00020193215,0.00068591785,0.0033807338,0.002337704,0.0006666366,0.0005647054,0.0025272367,0.0032052533,0.007211775,0.0010226105,0.0009895364,9.348604e-05,8.761321e-05,8.418379e-05,9.942565e-05,8.352518e-05,0.00010084517,9.774279e-05,0.0001038905,0.00013139081,0.00017011336,0.0008753467,0.007845792,0.0097804405,0.026159946,0.0035347075,0.006163687,0.011633216,0.009421792,0.009436481,0.0095155435,0.008399157,0.0031141404,0.009300394,0.0006564708,0.00243139,0.310161,0.0034028818,0.0031069373,0.0012820403,0.0014641118,0.05726189,0.00077428174,0.0043160403,0.0008528404,0.009901605,0.0021880092,0.0033445936,0.0012989321,0.0015020322,0.00592659,0.0041672816,0.003372764,0.0027538391,0.0015031024,0.07497153,0.99973685,0.057008844,0.006536777,0.009932177,0.0008811678,0.014933101,0.000774874,0.0053903,0.0017671827,0.0024448407,0.001238787,0.005438035,0.0009887666
Main provider of health facilities,0.00032977172,0.00035614197,0.00025028424,0.00010933197,0.0022039872,9.60324e-05,0.005744577,9.6411735e-05,0.0032074286,0.0006642823,0.0003899952,0.00061044004,0.00012119903,0.00010628971,0.0057511427,0.003644666,0.014473909,0.001178531,0.00489709,0.0007741525,0.0064709284,0.0010106403,0.0010241031,0.011100238,0.012865566,0.0014746072,0.0010277528,0.0010649164,0.0058420706,0.0032012407,0.00304158,0.0010410042,0.04380859,0.23004329,0.01708634,0.0019690448,0.0070261983,3.9773407e-05,0.00019913666,0.00018024571,0.00017998248,0.00017772558,0.00017772558,0.00024919503,0.00025144388,0.000100528516,0.0002281744,0.0045825928,0.060661554,0.0048650596,0.05965041,0.0019106135,0.015381463,0.0008245538,0.0044493387,0.0013045389,0.0011576777,0.0010224731,0.003074718,0.0012384867,0.00051670737,0.050360233,0.0014716696,0.005491125,0.0027489807,0.0072246157,0.006103827,0.007420197,0.0017019993,0.31281632,0.0060327444,0.33341786,0.0066526034,0.017007241,0.0016503574,0.0065369965,0.26365817,0.10978472,0.006541792,0.18878774,0.015099463,0.090749756,0.04123434,0.99912524,0.0069903326,0.06834832,0.00043526705,0.02845593,0.004916895,0.015416328,0.0036951313,0.0054512704,0.029483153,0.20445067,0.009497903
Access to education services,0.001711636,0.007802399,0.029117478,0.002866283,0.0016872655,0.00075010204,0.0003582788,0.0005536379,0.00014776702,0.00091934705,0.0055751675,6.743029e-05,0.00013672281,0.000101717655,0.020574037,0.0006242173,0.1330309,0.00035170934,0.7528127,0.0022585494,0.9838179,0.8770912,0.8588115,0.06355792,0.8746244,0.9723345,0.74217665,0.6655926,0.96767414,0.9847283,0.9026485,0.79418266,0.0023765017,0.0035959873,0.0008721269,0.0011405365,0.0019880864,0.00026525342,0.00024325313,0.0002233805,0.0003452329,0.00036007076,0.00046747766,0.0003210434,0.00042852346,0.00027229838,0.0020989466,0.8551305,0.014194272,0.03767171,0.0025543505,0.0019410579,0.0011074733,0.011442798,0.05872377,0.050701335,0.034072228,0.17218554,0.0118098855,0.032337133,0.0025565478,0.0006573789,0.0057895067,0.0015638069,0.008486849,0.983667,0.5845731,0.00748253,0.0017439353,0.005227611,0.92233485,0.004850232,0.9628431,0.6943859,0.27469355,0.98991776,0.0043528765,0.00070689106,0.9607582,0.046279054,0.99234784,0.9932682,0.0034424383,0.012125104,0.99980086,0.06561888,0.003471135,0.0027815304,0.0017202782,0.9932777,0.970105,0.93046916,0.0010935094,0.0015648353,0.531454
Location of education facilities,0.0006059035,0.0057358686,0.0026258165,0.00029230097,0.0042348793,0.00027592687,0.0026185103,0.00042951078,0.00035673435,0.000334971,0.002425746,0.000111131165,0.0010530286,0.0013497504,0.008258244,0.0013842058,0.032320682,0.0008802524,0.0063739046,0.001148182,0.019645326,0.00070168625,0.00070168625,0.004578309,0.00072102353,0.0007736615,0.00055388786,0.00072030036,0.0076392205,0.088473275,0.0051588486,0.0007414001,0.0030156286,0.0058712238,0.0065191477,0.0006798746,0.00080439064,0.0003050033,0.00015115188,0.00020027898,0.00019812412,0.00026333178,0.00030199654,0.00021784734,0.00014123658,0.0003081871,0.00035465788,0.00689586,0.01607411,0.0103994915,0.0017423017,0.0025140957,0.0015686261,0.012616189,0.012772751,0.012833071,0.013531841,0.0124536585,0.010542794,0.011827471,0.0022170646,0.0011982241,0.003476703,0.004464165,0.097464405,0.030044924,0.011345656,0.22661072,0.004905852,0.029252317,0.009870062,0.1441066,0.018106453,0.041475452,0.1124316,0.0053302394,0.029089732,0.010559913,0.008310138,0.07735132,0.0057100626,0.11425925,0.06055494,0.29685313,0.21373023,0.9997653,0.0015873964,0.03896513,0.0011597888,0.069841556,0.008475211,0.024760341,0.021803373,0.011362773,0.010025515
% of children attending school,0.0008885536,0.000692703,0.00012222533,0.00010816784,0.00056233053,0.00018072138,0.0014521296,0.0001650051,0.00043976685,0.0001535356,0.0013121292,0.00043865282,0.013310441,0.0075836894,0.0033399663,0.0017563149,0.0032871186,0.002310416,0.0014793114,0.0012722047,0.002227398,0.00032013637,0.00029781158,0.00038895814,0.0010056358,0.0012195127,0.00032359292,0.0003199806,0.0015958266,0.002331627,0.0015925829,0.00034442995,0.0015028385,0.0014363753,0.0025669488,0.007643695,0.0048999004,0.0021289755,0.001457258,0.0014721081,0.0015308363,0.0014647492,0.0014876691,0.0021681755,0.0020656341,0.0073247533,0.009233047,0.0015681892,0.00984656,0.0030454125,0.012689369,0.003410301,0.0017907969,0.017233575,0.25871864,0.5779489,0.30808774,0.008240609,0.05899827,0.66812587,0.023704262,0.019066127,0.034695376,0.010957383,0.05509565,0.0024659743,0.0043312465,0.008581259,0.02026276,0.008287069,0.0015781613,0.15398088,0.0016854671,0.0058583017,0.008831985,0.0016995054,0.029537939,0.034632884,0.0027972762,0.008905084,0.0021317997,0.002462339,0.009646949,0.03870671,0.0023142027,0.011381431,0.9931,0.00912991,0.009272611,0.002393215,0.0013011176,0.0017269976,0.0061791358,0.004244965,0.001826474
Occupation of majority of IDPs,0.00047288777,0.00070940127,0.00093423785,0.00012515213,0.0031918958,0.0001838596,0.006569181,0.00018774951,0.0018723957,0.0005131125,0.0003344591,0.00060069637,0.0013822791,0.0026038806,0.0041338624,0.00037534194,0.040288165,0.0045610373,0.0040831417,0.0010914776,0.0119651565,0.0008678386,0.0023921533,0.012493293,0.001655849,0.00096508564,0.0017243652,0.0026069074,0.0055441232,0.007966204,0.0036933431,0.0008674109,0.011529051,0.0061521307,0.009551733,0.0073822704,0.004681172,0.000113443406,0.00013687965,9.177213e-05,9.305986e-05,9.305986e-05,9.767257e-05,0.00012506584,0.0003008181,0.00020181738,0.00029861537,0.011361876,0.12994777,0.010086773,0.0062005813,0.006588227,0.0032085706,0.0022534644,0.0010337379,0.0011768303,0.0017068218,0.0022797864,0.00070973305,0.005980874,0.0005071785,0.015555634,0.0063274815,0.052565128,0.012685416,0.0031001908,0.0051544756,0.03311008,0.0037772222,0.035334297,0.004626124,0.069390945,0.010625778,0.020066783,0.03228848,0.0059804018,0.092509925,0.022562735,0.007678611,0.013417819,0.006250817,0.0056867185,0.016514085,0.010000448,0.013085381,0.23586652,0.0013108127,0.9992697,0.004424198,0.005692287,0.0051971795,0.018351488,0.061246127,0.007828018,0.01052275
# of HH with source of income,0.00020009278,0.00031382483,0.00060532376,0.0039772694,0.00018052637,0.004002267,6.16907e-05,0.001427757,8.845977e-05,0.0007787954,0.00058934407,0.00012537812,0.06111348,0.040539045,9.208738e-05,0.00010581429,0.00039325017,0.000765769,0.0011392371,0.00034706746,0.00038044894,0.0011519903,0.00013937628,0.00014730552,0.0013921611,0.00040190152,0.00028061873,0.00018824844,0.00050784,0.00019962987,0.00069098565,0.00013992212,0.00020030916,0.00015916358,0.0010580648,0.53935987,0.07464218,0.7390884,0.26475123,0.04847353,0.04648336,0.040078044,0.025710685,0.053980198,0.07788267,0.86930025,0.96936196,0.00082238234,0.00024458673,0.00019137263,0.00038531248,0.0007938895,0.0003468868,0.00046564726,0.007914224,0.0023433233,0.005789917,0.0036361683,0.043409873,0.0027269353,0.047137,0.000113907816,0.0022858134,0.0023822312,0.0036955327,0.0003894264,0.0011161292,0.016536769,0.89931893,0.0010166331,0.0013191571,0.004109622,0.00065184495,0.0025084552,0.005884043,0.0006556068,0.0007705222,0.0050656935,0.000487373,0.001271425,0.0004957822,0.003027481,0.0033511566,0.003625529,0.0020198235,0.0030228565,0.053498138,0.003342167,0.9989426,0.014167462,0.00046470095,0.0010709842,0.0041641593,0.00079046976,0.0013274116
Access to income generating activities,0.0015706618,0.0041940617,0.004922227,0.0028853985,0.001808833,0.00050416123,0.0003582788,0.0005571031,0.00014776702,0.000677329,0.0051881946,6.083334e-05,0.00013840506,0.00010230323,0.013589302,0.0006048854,0.058592264,0.00011098625,0.7988957,0.002267753,0.98880666,0.58166456,0.48599523,0.051511414,0.49142462,0.8357261,0.7436321,0.8321343,0.75847906,0.9296848,0.62261397,0.18297094,0.0009797249,0.00076270476,0.0008274715,0.00037721588,0.003057339,0.00026525342,0.00022461465,0.00022371275,0.00034558558,0.0003607437,0.0003216752,0.0003216752,0.0006178774,0.00018044669,0.00065211207,0.91415757,0.017180134,0.02899391,0.0029853403,0.0010180685,0.0009713043,0.01597116,0.061465267,0.05712615,0.036297604,0.16818202,0.013615478,0.05688583,0.0034710714,0.0004149083,0.0012958545,0.0012992476,0.008725402,0.9685223,0.52524495,0.0025718247,0.0014329638,0.0069164103,0.9471622,0.0035637065,0.9622094,0.5932475,0.096547194,0.9932811,0.005952878,0.0010924968,0.963098,0.038411256,0.98943067,0.99349177,0.0008490456,0.026600875,0.9932777,0.016297907,0.0037368655,0.0010357347,0.01303288,0.99980086,0.9758359,0.9440052,0.0011463085,0.004383588,0.4248745
Livestock on site,0.0032697353,0.03329148,0.04819143,0.0042217723,0.0037681316,0.0007663162,0.0003479678,0.0007449977,0.00014776702,0.0008477088,0.023777394,0.00012688579,0.0004374234,0.00025156318,0.08544754,0.0059517585,0.12776102,0.0012938847,0.7897264,0.012421367,0.98626584,0.9040456,0.887556,0.03673067,0.8383453,0.9812084,0.9532631,0.97555375,0.9648795,0.9107425,0.95270056,0.6936794,0.00081664603,0.008646762,0.0009076725,0.0010894178,0.0026380678,8.2346276e-05,0.00021834628,0.00019929266,0.0008987466,0.00011196518,0.00029996043,0.000170684,0.0006281944,0.0003788261,0.0003958958,0.78619605,0.014146895,0.03611586,0.0029329755,0.00068174116,0.00090528256,0.025774825,0.038924947,0.0500572,0.03332221,0.05557426,0.0036485633,0.055766277,0.003495635,0.0005584547,0.0042200503,0.0011901585,0.0017968349,0.9673243,0.4042519,0.003331279,0.0013809314,0.004990585,0.90352887,0.0029399453,0.9598646,0.5643722,0.1006596,0.9895187,0.005705116,0.0009983141,0.96065557,0.06956297,0.9676043,0.9701663,0.00068956276,0.008423239,0.9731929,0.0066403933,0.0026140825,0.0010896357,0.0015368843,0.982189,0.9998023,0.8887092,0.00090860424,0.0011433917,0.34739342
IDPs have access to land for cultivation,0.0015682786,0.005499429,0.007825752,0.002506426,0.0017371535,0.00039001938,0.00035328133,0.0009019138,0.00013694633,0.0013242526,0.0037494446,6.1424726e-05,0.00013162963,0.0001641602,0.0024837719,0.00064493273,0.02946809,0.00012957609,0.82246614,0.0027199516,0.9836855,0.80243635,0.6795031,0.01953277,0.867265,0.96771115,0.89184904,0.9155409,0.98137295,0.96903265,0.94670874,0.52805376,0.0011547733,0.007304434,0.0004449349,0.00016097823,0.0007822922,7.582231e-05,5.9388774e-05,9.049598e-05,9.817017e-05,0.00014201917,0.00017382036,0.00014386226,0.00013804896,7.430617e-05,7.648719e-05,0.97711045,0.007751297,0.052448392,0.002019265,0.0007176608,0.00095326186,0.01954096,0.0046504927,0.007074884,0.007172391,0.07527231,0.0026993044,0.0132039245,0.0008175681,0.0004808209,0.0009189439,0.0013229116,0.003795511,0.9593963,0.48331922,0.0021079322,0.00033178699,0.0030751287,0.9676443,0.017319115,0.9666862,0.7287928,0.07874286,0.99261135,0.005315028,0.0008861537,0.9736659,0.010569756,0.9855126,0.99175096,0.00071376964,0.009167916,0.9913189,0.011793086,0.000498445,0.003562942,0.00036823575,0.99245834,0.98445046,0.99978346,0.00085650926,0.0013378123,0.6554878
Most trusted source of Info,0.00012862102,0.0006655137,0.00041230465,7.298088e-05,0.000881549,6.644247e-05,0.0014108944,0.00021514573,0.0008930949,0.00013113163,0.00025015726,0.00034897597,0.0011941629,0.0011254001,0.005535902,0.004286477,0.0041752127,0.03118812,0.0010110213,0.0010106635,0.00084714167,0.00034204076,0.00034005987,0.037498686,0.00033271575,0.0009811267,0.00034730427,0.0010110026,0.0009853783,0.001011282,0.0010079143,0.00060001365,0.0036459016,0.004404005,0.3460646,0.0015082221,0.0035562175,0.0001333641,0.0003351821,0.00047450553,0.0002000602,0.00042393376,0.00017490675,0.00017490675,0.00019748855,0.00036396764,0.00045829697,0.0008780814,0.0026325649,0.0014795174,0.014024701,0.19125134,0.061777916,0.00018500666,0.000740456,0.0006019362,0.000608164,0.00036063232,0.00016757072,0.00024610345,0.000102015394,0.07688434,0.003420318,0.23228136,0.0012100814,0.0010299727,0.0010318402,0.29755846,0.0023213874,0.010368902,0.000987315,0.006886112,0.0009995513,0.0031077717,0.011327441,0.0010753499,0.007995153,0.07090666,0.0010535006,0.006454827,0.0010688596,0.0010025894,0.0025092994,0.0074869464,0.0010548985,0.009292003,0.0001818974,0.03717834,0.01114657,0.0011179156,0.00083200913,0.0008069402,0.99987453,0.03703757,0.0012222403
Main topic community is requesting info,0.0006731225,0.0002155446,0.00030366794,8.853619e-05,0.0007994551,7.1661954e-05,0.003906509,9.0905865e-05,0.002725361,7.677941e-05,0.00022709246,0.0025109483,0.0006587388,0.0012024549,0.0015458893,0.005122163,0.001454326,0.0023943998,0.00037119671,0.00041129382,0.0007504531,0.00016158378,0.00015951716,0.01589107,0.00015282577,0.00019613058,0.00019613058,0.00019857135,0.0004176949,0.00032871607,0.00016240618,0.00013143489,0.08264295,0.025220878,0.046993442,0.0005933911,0.00033286304,7.592209e-05,0.00014430699,0.00011225461,0.000112383306,0.000112383306,0.00014704897,0.00015308021,0.0001435839,0.00011229391,0.00011414006,0.00042749973,0.013041121,0.00041626365,0.008558933,0.0346194,0.050642844,0.0006321304,0.0007669774,0.0012771272,0.001012777,0.0007264624,0.00023842558,0.000730549,0.00019676189,0.01777163,0.0023181483,0.1725621,0.0010293496,0.0008483812,0.0017426984,0.008330475,0.000616978,0.01650785,0.00031212118,0.014868421,0.0006491804,0.0006197711,0.00059139857,0.0008008512,0.017630357,0.41471612,0.0006402293,0.006523154,0.0008216156,0.00054648,0.003109709,0.045059837,0.00078932487,0.004010181,0.000267083,0.036577918,0.0005678271,0.002119782,0.00056879525,0.0006354332,0.030847508,0.99983084,0.0026427838
Serious problem due to lack information,0.0005825202,0.008115625,0.012281465,0.0013014593,0.0017535686,0.0004169074,0.00043555596,0.0010521123,0.0001650831,0.00081466435,0.0055352063,6.676321e-05,0.00015096128,0.00013435054,0.0044879667,0.00083227694,0.048801925,0.00014416286,0.94656795,0.08496121,0.589789,0.09285933,0.48523718,0.48820865,0.69240797,0.4194464,0.14749284,0.04847309,0.69785213,0.679644,0.85697615,0.6694941,0.0007936373,0.00028117083,0.00044649356,0.00021265782,0.0006323376,0.00013325049,0.00015320713,0.000112238326,0.00010110746,9.211878e-05,9.147634e-05,0.00012969323,8.244265e-05,0.00043484324,0.0004588035,0.96651644,0.017642973,0.1422093,0.0014587722,0.00049247954,0.00092201395,0.11130867,0.0053986707,0.021753816,0.02056342,0.10542681,0.0032294698,0.023352448,0.0041436194,0.0005241517,0.0021280467,0.0010523219,0.0063785734,0.44401067,0.9895992,0.0075816773,0.0007950947,0.006106189,0.9409052,0.08908062,0.77410096,0.99080944,0.051488668,0.549241,0.005115108,0.00071617414,0.7677319,0.04271228,0.58486575,0.53248644,0.00067400857,0.0129031725,0.5294656,0.009988066,0.0020309475,0.00089973415,0.0007562935,0.4327626,0.54075104,0.9561291,0.0012884347,0.0053961156,0.99980086
