,Snapshot date,Country,Country Code,DTM Round,Date,State,State_Pcode,LGA,LGA Pcode,Ward,CODs_Ward_Pcode,SiteID,Site Name,Longitude,Latitude,Site Status,Site Type,Site Classification,Site Area,Site Management Agency,SMA type,Registration Activity,WASH Support,CCCM Support,CCCM_Organization,HEALTH Support,SHELTER Support,NFI Support ,FOOD Support,PROTECTION Support,EDUCATION Support,LIVELIHOOD Support,PSS SUPPORT,PSS_ORGANIZATION,Land Ownership,Most Common Type of Shelter,Number of Households,Number of Individuals,Boys (<1),Girls (<1),Boys (1 - 5 y),Girls (1 - 5 y),Boys 6to12y,Girls 6to12y,Boys 13to17y,Girls 13to17y,Men (18 - 59 y),Women (18 - 59 y),(Elderly men 60+ y),(Elderly women 60+ y),Have IDPs been displaced previously,Reason for displacement of Majority,Natural Hazard Risks,Intended Area of Return,Reasons to Return Home,Reasons NOT to Return Home,% HH living outside (no shelter),% HH living in EmS,% HH living in makeshift/self-made shelter,% HH living indoors (solid walls),% HH have access to electricity,% HH have access to safe cooking facilities,% HH have private living area,% HH have mosquito nets,Most needed NFI,Location of site main water source,Main drinking water source,Avg amount of water available /day/person,Is drinking water potable,Complaints about drinking water quality,Condition of most of the toilets,# of functioning toilets,Main garbage disposal,Garbage and solid waste problem,Availability of hand-washing station,Hygiene promotion campaign,Evidence of open defecation,Access to food,Access to market near from the site,Frequency of food distribution,Most common source for obtaining food,Screening for malnutrition,Most health problem,Regular access to medicine,Access to health facility,Location of health facilities,Main provider of health facilities
Snapshot Date,0.99980664,0.00422255,0.016079998,0.0013426575,0.99698526,0.0034092262,0.0056675295,0.00015476161,0.002893771,6.0238734e-05,0.003955105,0.11119539,0.00017050387,0.0026354091,0.0016005202,0.00843596,0.0019832284,0.0039928984,0.0070470734,0.0024963766,0.0008770235,0.0032402875,0.0026087586,0.0023812344,0.000792559,0.0023905542,0.002566335,0.0018220776,0.0023370404,0.0024904665,0.0023490007,0.0022962876,0.0024391767,0.0024586278,0.006091303,0.0008614058,0.00048601624,0.0018758664,0.0001819816,0.0001717494,0.00017957382,0.00018601688,0.0003253421,0.00034020236,0.00033564554,0.00033597287,0.00023723498,0.00023487725,0.00027010654,0.00027010654,0.0030271257,0.0034102362,0.007357037,0.015708148,0.002537317,0.006531041,0.0022728955,0.002031487,0.0022055698,0.0020264452,0.0015635118,0.0018836013,0.0045460844,0.0003927899,0.0005170556,0.017574877,0.0014140487,0.000725854,0.0027457543,0.0023350294,0.00094413996,0.00025926923,0.0036868406,0.0022148232,0.00048609072,0.0022148232,0.0022171482,0.0020894643,0.003072595,0.00039006854,0.00030766142,0.0015682786,0.0020188084,0.0015682786,0.0017109029,0.0027250051,0.0004888873
Country,0.004457388,0.99980086,0.7635617,0.006638069,0.004960126,0.0050545055,0.006103245,0.00040661835,0.050393157,0.00015108714,0.017538289,0.09136019,4.6175443e-05,0.0050808354,0.0011454846,0.026249813,0.0017883921,0.0069248695,0.0008448031,0.012272532,0.002956277,0.009265819,0.0058186306,0.044309516,0.0013219018,0.0046341904,0.006021857,0.003867447,0.030944608,0.022842187,0.03022621,0.00793262,0.005159294,0.00023908453,0.0026833825,0.0007865537,0.0002176732,6.520516e-05,0.00034963756,0.00013238146,0.00011446897,0.00011408066,0.0001810019,0.00015274563,0.00018828397,0.00015720414,0.00015294879,9.0220055e-05,0.00019434882,0.00020126166,0.008059201,0.0051107244,0.0032492285,0.0053460104,0.00028615294,0.000891566,0.0021097702,0.001612031,0.001833691,0.0016996696,0.0019526158,0.0025597308,0.0015981076,0.00036934437,0.00019853176,0.0008030986,0.0005522475,0.0018754445,0.007888194,0.007161937,0.00065917044,0.0003173101,0.00072079035,0.0039060297,0.00034710404,0.0029739144,0.004201439,0.0016128677,0.0058394726,0.0009190777,0.0005293442,0.018691191,0.004855791,0.0031279493,0.008036563,0.00012436956,0.0011851658
Country Code,0.012405045,0.82892376,0.9962034,0.041252498,0.0016218489,0.0016302603,0.010574924,0.00019434374,0.0051795,8.222013e-05,0.0036442294,0.00850033,5.2132313e-05,0.00025133017,0.00014800204,0.0025199507,0.00049444597,0.006211349,0.00030052417,0.013201631,0.0008283533,0.012548829,0.0073404065,0.07441681,0.00058556057,0.041933786,0.029417094,0.04344514,0.04347858,0.029568527,0.049701393,0.012176,0.012662773,0.0004656059,0.00061565876,0.00047300072,0.00018021144,0.00016460863,0.00060310407,0.00017608066,0.0001797199,8.602495e-05,0.00033639837,0.00027563705,0.00035894633,0.00022681674,5.7948124e-05,5.7435256e-05,0.00039841165,0.00056669116,0.01335874,0.0002797138,0.01497508,0.0023608895,0.0002279209,0.00041133552,0.0014137542,0.0012175725,0.0008083549,0.0013713315,0.0015529278,0.0019582496,0.001063859,0.00045790165,0.00032808658,0.0002665182,0.00050394225,0.00040877474,0.026945744,0.06764775,0.00029214774,0.000293447,0.0002004291,0.0044966536,0.00023799839,0.007493572,0.038334712,0.001366606,0.0413509,0.0006481268,0.0001742917,0.037785474,0.0016352591,0.026242843,0.024543308,8.700951e-05,0.0003104273
DTM Round,0.0015582133,0.0077741016,0.082720146,0.988702,0.0013797084,0.0003656813,0.3452836,6.517848e-05,0.059948545,9.105054e-05,0.006014935,0.0037377584,7.160266e-05,0.008584349,0.005720555,0.0006770356,0.00015326009,0.0015541314,0.00016789156,0.0030864098,0.0003299372,0.0028899503,0.0033323148,0.007014325,0.00018258666,0.0025519964,0.004214445,0.0029958242,0.005693822,0.0033921564,0.0024963839,0.0020184503,0.0017088924,0.00010729913,0.00014134584,5.1443058e-05,0.007673258,0.009118483,0.0044050324,0.00070357305,0.0007542211,0.000602852,0.0006769952,0.0008276851,0.0008221781,0.0008782523,0.0013727947,0.0011723333,0.002657121,0.0028016253,0.003307421,0.000107763815,0.0020691194,0.0002554694,8.4777246e-05,0.00011569642,0.0004321053,0.00066852826,0.00039837946,0.0006979826,0.0007010551,0.00031006642,0.00042125428,0.0033439822,0.000113574206,7.872711e-05,0.0001172378,0.00012568315,0.002866283,0.0013836222,5.2394116e-05,0.0006835009,7.2788614e-05,0.00503754,7.470334e-05,0.003618872,0.002388111,0.00041821637,0.0030766204,0.00013427813,5.8725225e-05,0.0023310368,0.00039882367,0.0028332886,0.0028169737,7.769089e-05,0.00011973032
State,0.0037599644,0.0056448644,0.038105816,0.0001404158,0.013991937,0.9997902,0.08327775,0.2966275,0.00059021043,0.04915104,0.00020516751,0.009173561,0.0028224408,0.00071575586,0.0016118615,0.25732955,0.0044555166,0.0132865235,0.0020784668,0.0113161355,0.019567955,0.0015025329,0.0026235,0.0025221417,0.0054118615,0.0028270571,0.011692777,0.0026315495,0.0024442433,0.0037850556,0.0035796985,0.002737725,0.001943073,0.0047423714,0.00023127308,0.0014721074,0.00013815859,0.0001433605,7.3593736e-05,8.8317676e-05,8.958379e-05,0.00010343393,7.234523e-05,0.00010625361,9.448506e-05,8.910126e-05,0.00010239467,0.00010975442,0.000102557286,0.00010056549,0.0025255189,0.0012842682,0.0060240394,0.0058204113,0.00050330634,0.0021658796,0.0018995288,0.0074587013,0.008526025,0.005586092,0.005130171,0.0131939715,0.01345777,0.0022626815,0.0051837126,0.00037764935,0.00048452194,0.0012155839,0.0039245766,0.008441174,0.0013322878,0.00018088783,0.0018513146,0.0025905771,0.0021485242,0.00090791215,0.0016135995,0.00078025466,0.0006278109,0.0015726304,0.0020023633,0.0016681704,0.26707384,0.0009342125,0.003930152,0.0010004422,0.00067121093
State_Pcode,0.005684179,0.006103245,0.043752402,0.060089003,0.0044159405,0.09113335,0.99977267,7.129748e-05,0.7609069,3.5997436e-05,0.14269574,0.030569606,8.9412104e-05,0.021496119,0.006474708,0.008981539,0.00035533274,0.0020228226,0.00041664043,0.0008862581,0.00028926742,0.001088665,0.0004789341,0.0007871441,0.00011480752,0.00047386732,0.0004963604,0.0007232191,0.0005926635,0.00080694363,0.0005655927,0.0005471201,0.0012099841,0.0004839376,0.0004548343,0.00011998715,0.0020860764,0.0013030155,0.0015019184,0.0010751232,0.0011643918,0.0006307659,0.004435194,0.0016746832,0.003393808,0.0032890805,0.000627522,0.000627522,0.0024681664,0.0024209789,0.00078574044,0.000107300235,0.0037180497,0.0008513344,7.168407e-05,8.102327e-05,0.00089179864,0.0012186856,0.0008379307,0.0007110408,0.0022715875,0.0010418125,0.0021332316,0.030989442,0.00019165654,0.00020325823,0.0002740911,0.00017494019,0.00078177825,0.00049170025,0.000121094534,0.0017095769,0.00019672516,0.00063313474,0.000117335316,0.00042532216,0.00039748722,0.00031503756,0.0010692753,9.595717e-05,4.4734043e-05,0.00026954446,0.00050574203,0.00051024475,0.0007488664,0.00035236112,0.00013659781
LGA,0.00016965685,0.00045360354,0.0026514626,5.9071812e-05,0.0003679557,0.26051223,5.5127388e-05,0.9999028,0.0023840717,0.9665911,5.7327237e-05,0.00024615135,0.16775167,0.00051208906,0.0028230061,0.0009111395,0.0011850494,0.00027922975,0.0014897869,0.0003512688,0.0094836075,0.00033866032,0.00032813134,0.00035975204,0.0024068318,0.00033935203,0.00032857948,0.00032137343,0.00035973274,0.00033498128,0.0003512688,0.0003512688,0.0003561576,0.0046019526,0.0015109249,0.003261894,0.00024588563,0.0001889641,4.938593e-05,0.00026598058,0.00025675527,0.00024588525,0.00023991424,0.0002556951,0.0002606449,0.0002477406,0.00024351048,0.0001776651,5.9129143e-05,6.086259e-05,0.00037050468,0.0015210166,0.00080040586,0.0011128022,0.00125539,0.00033821273,0.00030333147,0.00050605624,0.0005314027,0.0005588547,0.00025018555,0.000956365,0.0008118038,0.00013444986,0.0058187614,0.00016437116,0.0030359048,0.0006756824,0.00033507266,0.00045947343,0.001156327,0.00032079924,0.0028104782,0.00036884708,0.006806583,0.0003584144,0.00036932164,0.0066658263,0.00034108025,0.009974565,0.0027380176,0.00034515082,0.0016140227,0.00033868378,0.00033213364,0.00027065002,0.11285135
LGA Pcode,0.0038523425,0.050393157,0.017393067,0.008629736,0.0027587893,0.00043864598,0.7573619,0.0023896585,0.99977267,4.459878e-05,0.50724983,0.009442873,4.383002e-05,0.004984599,0.003127554,0.0038091897,0.00027384076,0.0024860285,0.00035007813,0.0010352742,0.00023670797,0.00090027414,0.0006833542,0.0012139744,0.00015133891,0.0008881539,0.00079095626,0.001051695,0.0010014656,0.0008990249,0.0008828951,0.0011544558,0.0012118514,0.00015267577,0.00013582037,0.00010883323,0.0012159058,0.0010392901,0.0021101604,0.0028918774,0.0015017125,0.0015099405,0.0019659812,0.0030188982,0.0023822759,0.0037311316,0.0012371178,0.0012159058,0.0022499394,0.0022830484,0.0010782579,0.0004871822,0.00033142825,0.00032932762,5.8693124e-05,0.00020314308,0.00025682422,0.00034081558,0.00029681757,0.0002919552,0.00038000467,0.00036954661,0.0004344039,0.0015314756,9.513079e-05,0.0001362612,9.3696304e-05,0.00031481267,0.0010374987,0.00064534385,0.0001454191,0.0023011346,0.0003944195,0.0011549386,8.606423e-05,0.00078223075,0.000882891,0.00069189526,0.0008666167,0.00021655567,6.019645e-05,0.0005556389,0.00069253024,0.0007467784,0.0005530538,4.266677e-05,0.00035726262
Ward,6.3523235e-05,0.00013919287,0.0014496658,0.00012925809,0.000119626166,0.024955867,4.3149794e-05,0.92493254,0.0001042643,0.9998188,0.009731753,9.8221266e-05,0.16549581,0.00021952366,0.0010492151,0.00027123475,0.00039742092,0.00020069265,0.005370372,0.0001188855,0.0011303637,0.00014965862,0.00049449067,0.00011660475,0.0021368566,0.000117653624,0.00014966904,0.00011930456,0.000133827,0.0001465265,0.00010423794,0.000103418555,9.5714786e-05,0.0027622213,0.00047088583,0.0016416084,8.912197e-05,6.517191e-05,7.4114905e-05,6.431953e-05,8.792921e-05,8.652262e-05,8.364687e-05,8.458803e-05,8.6241314e-05,8.652262e-05,8.6924025e-05,8.9469504e-05,8.93894e-05,9.189579e-05,0.000103418555,0.0004723046,0.00025485578,0.0005840629,0.00022316368,0.00015448849,8.8196626e-05,0.00030005325,0.00036728763,0.00032247964,0.0001395466,0.00042546168,0.00030385007,8.729608e-05,0.0006651515,0.000164148,0.0025097036,0.0008887749,0.00019335996,0.00013337683,0.0017212528,8.977091e-05,0.0065666474,0.00012743087,0.0062559983,0.0001495621,0.00010346454,0.00090281066,0.00015130945,0.0027850412,0.006407342,0.00012959028,0.00033108515,0.00016976718,0.000145804,0.0005964269,0.0009955589
CODs_Ward_Pcode,0.0046375548,0.016527336,0.022270309,0.0004921992,0.004080656,0.00039715378,0.14269574,6.467262e-05,0.48126632,0.0043924265,0.99977267,0.005809996,4.536361e-05,0.0019317343,0.00059153,0.000992205,0.0002044706,0.0049214857,0.0019916042,0.0012529916,0.00025925844,0.0010617936,0.0012480114,0.0013595783,0.00029373675,0.0008802839,0.00091292604,0.00083724444,0.0012611486,0.0013632805,0.0008887866,0.0012016253,0.0018078416,0.00019767304,0.00054537813,0.0001077439,0.0008276521,0.0028686381,0.0010053855,0.00033758287,0.00052196166,0.00053939025,0.00074781344,0.0007646757,0.00077044603,0.0005251615,0.00022841981,0.00026858458,0.0006423021,0.0006776056,0.0019331133,0.0011322838,0.001570154,0.0015591361,0.00017178591,0.0002519732,0.00067573355,0.00063643366,0.00034211163,0.00088246784,0.0006217024,0.00035834152,0.0007697233,0.0004295226,0.00025649703,0.00012051656,0.00015985839,0.00015375344,0.001336667,0.0012197291,0.00015443632,0.00045279803,0.0010361497,0.0012667632,0.00014735898,0.00095703773,0.0011368974,0.0007032539,0.0017966414,0.00071551924,0.00018064216,0.0008355343,0.0004554996,0.0011663667,0.0018700357,7.7091754e-05,0.00050583936
SiteID,0.124806024,0.09142562,0.007966412,0.00786995,0.1322052,0.008207238,0.031227922,0.0002075965,0.012579663,0.0001079272,0.004681031,0.99899536,0.0035430123,0.0046866643,0.002776138,0.36347985,0.046217564,0.03832651,0.16792403,0.015647033,0.0015806992,0.006115879,0.0042779357,0.0057905023,0.000332052,0.005192618,0.01701194,0.0043192073,0.0031156763,0.006395337,0.0028616127,0.014856527,0.005642154,0.00044966475,0.0004813784,0.00025516373,0.00028939964,0.00019887568,0.00046498477,0.0003083861,0.00029083475,0.00028774745,0.00023990973,0.00028467405,0.00029039907,0.00029832177,0.00028996324,0.0002378424,0.00038049326,0.00058348366,0.005334898,0.0020045864,0.003673902,0.0031223383,9.823567e-05,0.00035674433,0.011630759,0.00665694,0.0070896433,0.006468902,0.008856478,0.010332094,0.0072273025,0.00057140883,0.00023334875,0.003528501,0.00022608544,0.0038048497,0.008184542,0.0034341812,0.00051589,0.0004036309,0.0007645832,0.008851506,0.00027260082,0.0037776658,0.00541093,0.0026735794,0.010689371,0.00042461924,0.00023286979,0.0032152869,0.0027668509,0.0037653074,0.008329381,0.0003748795,0.0014383529
Site Name,0.00014753813,5.8376074e-05,0.00030392167,7.400221e-05,0.00014924351,0.0040119295,9.821574e-05,0.4474404,4.711493e-05,0.760681,6.569333e-05,0.0088026365,0.9988359,0.00021006224,0.0005183382,0.0032647469,0.0155897075,0.0006940408,0.04711161,0.00034112524,0.00017166013,8.325111e-05,7.359553e-05,6.623316e-05,0.001698974,6.790502e-05,0.00012683803,7.8655634e-05,6.623316e-05,8.4092746e-05,6.7803725e-05,6.5426444e-05,6.433339e-05,0.0037134304,0.00030413264,0.0016971363,4.9199425e-05,3.460781e-05,8.920075e-05,0.00010470697,4.8178834e-05,4.9233662e-05,4.852826e-05,4.9939023e-05,4.998377e-05,5.1248164e-05,7.9435806e-05,7.48518e-05,0.00010058225,6.4188906e-05,6.7803725e-05,0.00052896247,0.00012237956,0.00027463792,0.0012103665,0.00023238896,0.0009976929,0.0009307259,0.0012498666,0.00043383363,0.0006424326,0.003414407,0.0051673907,0.00012912857,0.0031171574,0.0012949638,0.004518869,0.0016579749,0.00011159716,6.11018e-05,0.00032256666,5.7605805e-05,0.0032580362,0.000118208285,0.0028790855,0.00015250852,8.3963525e-05,0.00062004535,0.00013110723,0.0033173875,0.002461509,8.3700834e-05,0.00022756467,0.00011531803,0.00012476533,0.0010559232,0.00071359286
Longitude,0.0019458394,0.005829118,0.00047808615,0.0897732,0.0014193855,0.0011683275,0.017276768,0.0013521716,0.006227167,0.00026173866,0.0007034901,0.0054004802,0.00030434437,0.99979645,0.99953866,0.004439213,0.004319389,0.0016004184,0.05692126,0.00017877939,0.0047520064,0.00023331252,0.0003446435,0.0001059138,0.0007931213,0.00023715444,0.0011240238,0.00030607596,7.44009e-05,0.00011498726,0.00014742077,7.734965e-05,8.421044e-05,0.0020690865,0.0004294936,0.00049729645,0.054718878,0.004541396,0.034181774,0.13121077,0.03636866,0.044970907,0.04854417,0.1422599,0.057615463,0.14060786,0.037045553,0.037334785,0.024542078,0.024153266,0.000112004534,0.00033973844,0.00057896425,0.00024067865,0.0022891688,0.005802149,0.0004567415,0.0037273995,0.0006272944,0.0008805092,0.000710416,0.00062921114,0.0009512877,0.012116925,0.006967648,0.002936736,0.0012956854,0.0015964224,0.00014600385,0.00013305811,0.007005269,0.04319919,0.0006162064,7.322659e-05,0.0029056545,0.00014972017,0.000112195856,0.004376146,0.00012660338,0.0014442514,0.0008955696,0.00011498726,0.0002645749,9.237927e-05,0.00014264407,0.025516383,0.0010242562
Latitude,0.0015667045,0.0014353245,0.00039489183,0.049453348,0.0016935954,0.004826134,0.007616185,0.002566596,0.0032075464,0.000540825,0.00039766764,0.0031020127,0.00035382464,0.99906695,0.99981207,0.0049440903,0.0010259,0.0013620895,0.032470122,0.00021446569,0.0011891581,0.00016873391,0.000100755766,0.00014635953,0.0009469873,0.00018971678,0.00016145124,0.00010194885,0.000101587844,0.00013998698,0.0003118398,0.00011350645,0.00012335004,0.002672337,0.00027658927,0.0010314686,0.05204858,0.0041155033,0.048743654,0.04294304,0.023735516,0.020654365,0.031747065,0.035983868,0.03244427,0.037000623,0.033160154,0.020848274,0.03020888,0.028593043,0.00017696184,0.00013247153,0.00081239117,0.00023820509,0.005976192,0.0019967074,0.0004629874,0.0007245021,0.00054510694,0.00076071394,0.0006611632,0.00074825704,0.00086948945,0.011067859,0.0021343497,0.0008700334,0.0020400253,0.0015957571,6.279733e-05,0.00013929102,0.004046897,0.021348104,0.00040678986,0.00010430825,0.0033537692,0.00010280753,0.000164518,0.010027915,0.00011012051,0.0013093227,0.001254635,0.00013943962,0.0006667826,0.00020312918,0.00010662021,0.01308952,0.0013207685
Site Type,0.34354755,0.10549953,0.014202563,0.00087456894,0.34821725,0.014089962,0.009249221,0.00030637498,0.0021884367,0.000118475946,0.013317174,0.25642416,0.01652382,0.0005833777,0.000176848,0.1285761,0.96198595,0.10706189,0.02587485,0.019628512,0.015019909,0.005324832,0.0026172413,0.00066114176,0.00086757477,0.002090377,0.003661678,0.003491197,0.00066114176,0.0030137766,0.0006674596,0.0019342124,0.0033365155,0.0023390376,0.01872709,0.0030495415,9.8640114e-05,0.00033571388,0.00019714855,0.00022959113,0.00014388356,0.00014432764,0.00019402555,0.00019166431,0.00015255465,0.00015255465,0.00015352119,0.00012228322,8.112862e-05,8.112862e-05,0.0006674596,0.0066950526,0.0071817543,0.101101466,0.0027037456,0.010144044,0.0014590161,0.0010446318,0.0011493178,0.0010137041,0.002585159,0.0010379171,0.0014664906,0.0007247643,0.0019486875,0.003749155,0.007540359,0.0005064034,0.0036063364,0.00092465046,0.0012226502,0.00018164472,0.003136083,0.004881443,0.00066593674,0.0032224914,0.0009503923,0.0063479673,0.0016305409,0.00046597148,0.0015966351,0.00092978484,0.004496276,0.0009504561,0.005306604,0.0011958525,0.0009190667
Site Classification,0.34096006,0.011387572,0.018126491,0.0007254894,0.032067616,0.009220087,0.007399666,0.00040687327,0.0015680188,0.00015123327,0.013699195,0.10321035,0.00069819926,0.0004952775,0.00030140363,0.057348147,0.023996126,0.94376993,0.010285827,0.020241356,0.0013423567,0.02350653,0.0030112544,0.0008928042,0.023316834,0.0019342124,0.0034935754,0.0030089372,0.000622748,0.012109482,0.015434168,0.0022948857,0.0028716647,0.06240717,0.016542517,0.0015520699,0.00015352119,0.00076188863,9.8018e-05,0.00011441753,9.226908e-05,9.3457624e-05,0.00014432764,0.00014728856,0.00014432764,0.00014728856,9.745157e-05,9.745157e-05,8.112862e-05,8.177778e-05,0.002876504,0.031563185,0.042685144,0.1145158,0.0031447294,0.010742626,0.002098333,0.0018641776,0.0014357843,0.001057699,0.0024727464,0.0023235295,0.0024760019,0.0006908147,0.0029410163,0.016873889,0.006183223,0.00059763686,0.0036908449,0.0028851747,0.0030551488,0.0004088433,0.010564012,0.0058755027,0.0016961558,0.0041269115,0.008931989,0.006665945,0.0055605127,0.0033723307,0.0063874586,0.0040371167,0.0044115027,0.0037592922,0.005801578,0.003114157,0.00428988
Site Management Agency,0.0023310261,0.00884707,0.017506996,0.0009419975,0.00058147265,0.016564898,0.001083522,0.0002998451,0.0010133461,0.0001643788,0.0012452655,0.016110962,9.9635945e-05,0.0001702456,0.00037614309,0.3786099,0.0063801697,0.5257425,0.0041221995,0.99951047,0.22911704,0.5149474,0.1260997,0.3441134,0.0017657501,0.22530183,0.64263624,0.17739895,0.08280547,0.17649607,0.4070443,0.45373625,0.56482416,0.0017651514,0.00043650795,0.00066589547,0.00097365363,0.0010535767,0.00054319884,0.0004495375,0.0003601692,0.00034836246,0.0003601692,0.00034786624,0.00043904828,0.0003601692,0.001252457,0.0017451835,0.0038124386,0.004809721,0.90341777,0.035607148,0.16828354,0.00674882,0.0005439626,0.0015235876,0.078710005,0.05141828,0.03130737,0.0041696737,0.402467,0.02253078,0.032003157,0.005007823,0.0010187419,0.004104487,0.0009372614,0.004951904,0.4818461,0.9623377,0.002861948,0.0030697428,0.0053591523,0.6990466,0.02939398,0.7391522,0.6592353,0.0035495204,0.51691633,0.0008268222,0.0009984573,0.6446146,0.024394698,0.43262434,0.5891964,0.0003999253,0.0066028233
SMA Type,0.001676663,0.009223186,0.010539526,0.00019376005,0.0016310291,0.021108732,0.00065056724,0.0020660902,0.00030759597,0.0007869443,0.00060744677,0.003089746,0.0011052467,0.000226869,0.00041605328,0.019271279,0.11448059,0.0018543802,0.0009250831,0.022812601,0.99672765,0.016859837,0.017984072,0.02439327,0.0014073914,0.011146436,0.01140965,0.0023387072,0.0015369093,0.0015141075,0.0017505389,0.0023004524,0.02923071,0.0013600294,0.0024996004,0.0053224005,0.000108626184,0.0001391898,0.00016497872,0.00016666303,0.00014542157,0.00025818084,0.0002814831,0.00026114009,0.00015864553,0.00025031052,0.0002305857,0.00014479434,4.1333962e-05,4.047342e-05,0.009413563,0.00062700943,0.30887514,0.009383086,0.0010998923,0.0009482244,0.64908195,0.0091126785,0.010833538,0.0077818884,0.56496614,0.010363639,0.014425371,0.0009668885,0.003682586,0.00035828166,0.004521433,0.00074608147,0.053168297,0.07896217,0.0021470843,0.0001470552,0.0015275558,0.0014906249,0.06436545,0.0012642916,0.0016230713,0.0012937501,0.0013266357,0.0012689,0.0015922355,0.0025573617,0.024054399,0.002133714,0.07377126,0.0006431689,0.00050924235
Registration Activity,0.0032561454,0.005983978,0.050383095,0.00026145208,0.0007297258,0.0019853886,0.0007858045,0.00028220753,0.00090541434,0.0001506201,0.0010617936,0.0038770186,5.9751987e-05,0.00014423893,0.0001533205,0.046799462,0.004430931,0.41464943,0.00019039646,0.98959005,0.07883997,0.99980676,0.8816208,0.88006765,0.008205715,0.93420607,0.94722605,0.8889605,0.80089,0.9849382,0.9406935,0.9745396,0.56850225,0.00855705,0.00020599103,0.00045629457,0.00034960711,0.0012462785,7.802697e-05,9.927572e-05,0.00018960207,0.00068858714,0.00020801114,0.0007117427,0.000108580956,0.0006770029,0.0003540042,0.00044703408,0.00031536623,0.00038080558,0.9849044,0.0054617203,0.08184089,0.0041075954,0.00054648856,0.0029293778,0.025138479,0.009444523,0.0029327848,0.002968007,0.022772402,0.004583894,0.005853527,0.00065877073,0.0007910195,0.0022521054,0.000832573,0.0012087859,0.96094584,0.6349131,0.0024477127,0.0010306188,0.0059920205,0.9547762,0.046802156,0.9850659,0.96789193,0.20036994,0.98949045,0.0074138343,0.0008741141,0.9698174,0.0116713345,0.98500323,0.99251276,0.0055248076,0.0063932086
WASH Support,0.0026087586,0.007004686,0.025145808,0.00040435657,0.00056849816,0.0018801986,0.0004789341,0.00027866525,0.0007594982,0.0003126668,0.001205677,0.0053546866,6.468641e-05,7.907227e-05,0.00012584127,0.060758002,0.0041173403,0.09529602,0.00036025213,0.87927175,0.119978674,0.70885974,0.99980783,0.99286616,0.0017631665,0.99240345,0.99264413,0.9926194,0.9927698,0.9933638,0.9929314,0.9927763,0.9889444,0.0021291694,0.0049316026,0.00021551938,0.00031457824,0.00027388328,0.000190268,0.00014930252,0.0002140903,0.0002454637,0.00053033413,0.0007277994,0.000604154,0.0005158808,0.00024786394,0.00019253827,0.00015448526,8.22048e-05,0.9683784,0.003259002,0.12323823,0.0021656146,0.0005917689,0.0031642932,0.031959634,0.0016197994,0.0016200823,0.0016008989,0.07557369,0.0013195797,0.0013528713,0.0006558592,0.00022795494,0.00031878497,0.0009905064,0.00027041405,0.9176687,0.45625755,0.0003391431,0.00019567169,0.0055777417,0.975528,0.059451483,0.9714824,0.9123757,0.19787037,0.56932366,0.00037251317,0.00020158618,0.97299975,0.009809864,0.63039476,0.92040455,0.00045037278,0.0010023848
CCCM Support,0.008122124,0.095498465,0.43762422,0.030300386,0.0013838093,0.0017799226,0.003455894,0.00018951757,0.0015135063,8.567852e-05,0.0011739697,0.008786775,4.3556043e-05,6.953085e-05,4.9530943e-05,0.016987588,0.0001530345,0.0011267418,0.00011544803,0.4402783,0.012057812,0.122732595,0.7888591,0.99855906,0.051499903,0.86511874,0.75619876,0.8911557,0.79066855,0.78172225,0.9408702,0.9487155,0.9739984,0.0008553424,0.00042162515,0.0003517355,9.340195e-05,8.470224e-05,0.00017571216,0.00015776038,0.00011007193,8.567251e-05,0.000117324416,0.00013231716,0.00011964135,0.00010751764,5.7948124e-05,5.7435256e-05,0.000105998755,0.00016080518,0.60744864,0.00027996014,0.055638585,0.0004573281,0.00010901183,0.00018655793,0.05097934,0.0013859888,0.0008575394,0.0013591493,0.0590653,0.0014933068,0.00068996346,0.00031207444,0.00024172213,0.00012729982,0.0006096022,0.0002332915,0.1670421,0.83734626,0.00013114743,9.1353286e-05,0.0009420436,0.19174515,0.002943808,0.1489006,0.17435819,0.0017418404,0.10001068,0.00017795197,0.0003146003,0.492883,0.0014761398,0.064341776,0.27297962,5.7807185e-05,0.00036950182
CCCM_Organization,0.05715592,0.084540054,0.014961008,0.0012003375,0.035718434,0.0032174913,0.0017088946,0.0004033572,0.0011777617,0.00014068437,0.01334211,0.0063577457,0.00014228116,0.00062177645,0.00023964902,0.005979523,0.0016449549,0.10681808,0.00051036774,0.0049499795,0.0013534067,0.012438612,0.0030137766,0.17893341,0.8626875,0.004417525,0.004560624,0.004749283,0.0030137766,0.011723516,0.020774368,0.0029216192,0.0028739818,0.05091998,0.02640296,0.0012180734,0.00028240032,0.0011165171,7.452411e-05,9.2869326e-05,9.226908e-05,9.3457624e-05,9.3457624e-05,0.00014388356,9.3457624e-05,0.00014388356,9.8640114e-05,9.8640114e-05,8.013595e-05,8.112862e-05,0.0009471872,0.030936284,0.043927845,0.101101466,0.0029082322,0.010129078,0.0014881718,0.003051678,0.0010526482,0.0020263707,0.0041856742,0.001801419,0.004516786,0.00037927742,0.0016737463,0.0042893295,0.008087103,0.0009937545,0.005114762,0.003542821,0.0019662022,0.00032164447,0.010715857,0.0055671018,0.0015559382,0.003532694,0.008495948,0.004112769,0.0056980764,0.0035253162,0.0044919928,0.004678018,0.0029875357,0.0050978316,0.0055605755,0.0020278308,0.003940853
HEALTH Support,0.0023905542,0.004201439,0.09990211,0.0006585631,0.0005793329,0.0019296285,0.00035638455,0.0002693504,0.000800695,0.00015152693,0.0009042951,0.0051971446,5.815072e-05,0.00020431116,0.00018707801,0.058306593,0.0036235205,0.066851966,0.00041838118,0.8774845,0.107121944,0.97039676,0.99257815,0.9932139,0.002758837,0.99980086,0.9955909,0.9928545,0.9959221,0.9921166,0.99214655,0.9957691,0.9882518,0.0032961064,0.00137349,0.00021955994,0.00043237113,0.0005916593,7.733428e-05,6.7772446e-05,0.00018202564,0.00021358738,0.00018092355,0.00050754123,0.00021980921,0.00049884454,0.00033745792,0.00029564652,0.000109481356,0.00010942505,0.94376093,0.0034827385,0.26967284,0.0027096376,0.0006150834,0.0054548937,0.035589524,0.0051057483,0.0021492925,0.003551021,0.09692859,0.0013355952,0.0053215367,0.0005313149,0.0002370422,0.0004894997,0.001036151,0.00028081427,0.94922715,0.29099306,0.00033388438,8.371696e-05,0.0060618585,0.95532566,0.05938874,0.97826576,0.8019596,0.3044069,0.9029158,0.00037585158,0.00027464627,0.9834388,0.0523808,0.985955,0.98530984,0.0022824965,0.023600074
SHELTER Support,0.0024777977,0.007824627,0.058274817,0.0010080927,0.00057721353,0.0074289306,0.00083933945,0.00033941897,0.00082107063,0.0001559771,0.0008887866,0.016831234,9.293042e-05,0.00021547476,0.00022474669,0.06516771,0.0055292295,0.11093973,0.0005253686,0.9759905,0.10886103,0.782342,0.9858551,0.9927123,0.002578032,0.995637,0.99978346,0.98673105,0.9850471,0.99201757,0.9928003,0.9957118,0.99289566,0.003276041,0.0015401072,0.0067403987,0.0010720064,0.0007587937,7.5738564e-05,6.8871675e-05,0.00023632009,0.00024613057,0.00043237113,0.0005019492,0.0005341591,0.0005257402,0.00021158964,0.00022909563,0.0011700075,0.0006873428,0.96835643,0.004320613,0.24915586,0.003384049,0.0004253233,0.0029162439,0.16879067,0.004701635,0.002915725,0.0015928356,0.11641236,0.0010126213,0.005370155,0.0005134552,0.0006068064,0.0009102434,0.0025556274,0.00044573226,0.74570477,0.7523986,0.00045958546,0.00016610773,0.0056409994,0.9728294,0.009815345,0.9632583,0.7332817,0.18058269,0.6644073,0.0017785169,0.0010901949,0.96179205,0.010304489,0.75840783,0.70030105,0.00080679107,0.0015846913
NFI Support ,0.002379381,0.0035968053,0.14537935,0.00035682236,0.00053160096,0.0017968555,0.00072707597,0.0002578225,0.0011326541,0.000119290184,0.00090323435,0.005263133,6.9875015e-05,0.0003074186,0.00013072076,0.039945263,0.005536511,0.09754621,0.00039542207,0.7996091,0.0046964795,0.84869903,0.9926194,0.9925114,0.002769854,0.99301505,0.9925154,0.99980783,0.992641,0.99222934,0.98901695,0.9928258,0.9864612,0.002160702,0.0012760133,0.00017402026,0.00045660307,0.00028418459,8.213372e-05,0.00010134713,0.00018202564,0.00021358738,0.00026852833,0.00074112875,0.00021436231,0.00068572233,0.00025225207,0.00022545512,8.481326e-05,7.9071615e-05,0.8401302,0.0023274343,0.003722934,0.0016249052,0.0002947719,0.002659673,0.0032242062,0.0027718917,0.0010987873,0.0018925127,0.0042155776,0.0011416526,0.000882194,0.00037787645,0.034686644,0.0004894997,0.0007304286,0.00019008387,0.910082,0.07909873,0.0002218256,0.00019413335,0.004715087,0.950443,0.0023760109,0.941407,0.8113077,0.027914645,0.5846405,0.0011213243,0.00027464627,0.95663273,0.0012539374,0.8390177,0.69588786,0.00031420458,0.0009553232
FOOD Support,0.0023905542,0.021708868,0.1498921,0.00093986257,0.00056849816,0.0018034925,0.0005926635,0.00028161082,0.00097187783,0.00012622665,0.0012957795,0.002057463,5.848143e-05,7.018113e-05,0.00010122252,0.03875506,0.0006591007,0.0083544,0.000107759544,0.7216117,0.004239773,0.7884248,0.99279135,0.9927368,0.0017828129,0.9953621,0.99227506,0.99285936,0.99980783,0.9928517,0.9851397,0.9957329,0.9851647,0.0021999818,0.0016101764,0.00046124443,0.00046991976,0.00027594884,8.164643e-05,6.867336e-05,0.00017909113,0.00020294572,0.00075888867,0.00029453862,0.00042293177,0.00019849715,0.0002192928,0.00023100879,8.415085e-05,0.00010546318,0.43110538,0.0043167947,0.0049621016,0.002499104,0.0003963094,0.0022699353,0.0035031377,0.0014566858,0.0019011757,0.0025644104,0.0030606529,0.0012306038,0.00088453403,0.00035577978,0.00084629667,0.00020461738,0.001019861,0.0002875598,0.945251,0.042942192,0.00022427691,0.00014231412,0.000998359,0.9764182,0.0037555462,0.9155512,0.821423,0.3394153,0.85064304,0.008303485,0.0027949237,0.9905213,0.00861918,0.9124083,0.8323286,0.0005651956,0.00087179884
PROTECTION Support,0.0024904665,0.023655398,0.09980336,0.0004068517,0.0005793329,0.0019419295,0.0008084023,0.0002756201,0.00095001154,0.00015296794,0.0012722638,0.0043453327,7.469854e-05,0.0001041509,0.00011366992,0.056355547,0.005296276,0.27401313,0.00044410492,0.8992226,0.06262389,0.9853024,0.9933638,0.99237853,0.007762383,0.9919293,0.99576455,0.992251,0.9928517,0.99980783,0.98815477,0.99249554,0.9855699,0.008013931,0.00082840933,0.0005484626,0.00046588053,0.0005131194,7.7370525e-05,6.908499e-05,0.00018229899,0.00021221106,0.00017891523,0.00020753518,0.000118805096,0.00018715336,0.00035983569,0.000685373,0.00034439,0.00043648994,0.98419166,0.005229952,0.030121641,0.003426257,0.00072628295,0.0062311497,0.15260509,0.0041292105,0.002318606,0.0019678639,0.075602055,0.0013355952,0.0057343803,0.000459436,0.00051968993,0.0007896507,0.0008755287,0.00027267172,0.9203829,0.66431105,0.0023795082,0.0013849563,0.008238332,0.95790654,0.012624376,0.9845245,0.9641092,0.17684796,0.9532578,0.00228673,0.0009022201,0.96914804,0.009816066,0.9774957,0.941017,0.0013062451,0.0058683874
EDUCATION Support,0.0023515678,0.02276076,0.110601805,0.0006454707,0.0005846746,0.0018500201,0.00054186536,0.00024067007,0.0007429951,0.00011123092,0.00091292604,0.0020428451,5.8887716e-05,0.000107254615,0.0002644185,0.03502243,0.000642548,0.30022845,0.00011745717,0.7289121,0.0025547165,0.97183186,0.99279714,0.98939943,0.014111182,0.985959,0.99262446,0.98924243,0.9926802,0.9930677,0.99979633,0.98598325,0.98572826,0.015316513,0.00095229666,0.00046103593,0.0004711906,0.00075243483,9.435692e-05,7.809512e-05,0.0001620646,0.00017787042,0.00010764307,0.00017891523,0.0001163074,0.0002028617,0.00041525235,0.00039152594,0.00030306127,0.0002979136,0.8934572,0.0056582536,0.049773753,0.0026238225,0.0007224265,0.0035639852,0.015773596,0.008988328,0.0022519876,0.0013876788,0.018581945,0.0009620689,0.0042985715,0.0003592805,0.00024281157,0.0019381783,0.0012021662,0.00027559005,0.9642123,0.4564687,0.002378954,0.00021748341,0.0061070635,0.9555492,0.023193663,0.9821042,0.96848536,0.284253,0.95092124,0.0022685693,0.00094414735,0.9666293,0.0064159175,0.976779,0.96471256,0.0018300529,0.005529934
LIVELIHOOD Support,0.0022171482,0.00793262,0.025932755,0.0003901375,0.00058317586,0.002499309,0.0005453279,0.0002918638,0.0011471163,0.00013089462,0.0012016253,0.014872301,5.8312908e-05,7.22373e-05,0.0001305116,0.03810506,0.0036545675,0.07722934,0.00024444726,0.8826626,0.06082078,0.94686633,0.99262774,0.9934802,0.0018085858,0.9958365,0.9955952,0.9927563,0.9958505,0.99257165,0.99207777,0.99980086,0.9934877,0.0031619389,0.005474216,0.00045226832,0.0009815234,0.0010192787,0.00012489721,0.000103130544,0.00025006462,0.0002474425,0.00024722738,0.00048139592,0.00019450372,0.0004928815,0.00025292503,0.00025540873,0.0011568718,0.0006983244,0.9789975,0.00311262,0.27587187,0.0036409975,0.00059480924,0.0045026173,0.20876801,0.0071905623,0.005999807,0.0068893125,0.15074958,0.0018119594,0.005732769,0.0006859439,0.00033439617,0.000610095,0.0010237431,0.00019060247,0.80935055,0.3462555,0.0011943177,0.00035433567,0.0057934504,0.97974116,0.051340424,0.95560384,0.94467455,0.20699021,0.6255965,0.0032625713,0.0011675468,0.9821921,0.007627402,0.9185677,0.8988449,0.0007984832,0.005162445
PSS SUPPORT,0.0024415748,0.0039590634,0.014699262,0.00080019864,0.0005298956,0.0021956943,0.0010068067,0.0002930695,0.0010948208,0.0001252991,0.0018243198,0.0055839824,5.5385593e-05,0.00012239387,0.00014266193,0.07762811,0.0033443829,0.11520636,0.0005031048,0.30597806,0.21097206,0.041991964,0.821589,0.96618974,0.00176195,0.9173166,0.8346753,0.9384695,0.8212727,0.8018265,0.9848632,0.97653425,0.99978846,0.013280804,0.0013788445,0.00022321998,6.307269e-05,0.00016613134,0.00028395047,0.0002034119,0.00017686027,0.00015878024,0.00052460947,0.0004807627,0.0005261081,0.00045977905,9.275776e-05,6.0616003e-05,8.180509e-05,0.00013421381,0.9375365,0.005969931,0.016897561,0.00023248418,0.00041746878,0.0014919521,0.042220384,0.004083681,0.0039527137,0.0055556083,0.27805793,0.0054545393,0.0030723072,0.0015127902,0.00024688517,0.00024403901,0.00036014762,0.00016202166,0.33038816,0.79797494,0.00028437667,6.6414796e-05,0.0006860449,0.11347536,0.0031801302,0.10052061,0.09703131,0.043395698,0.06537815,0.00036124725,0.00025427577,0.55776626,0.011116724,0.091983065,0.48225898,0.00013536467,0.0012119384
PSS_ORGANIZATION,0.0059554293,0.0003549509,0.0006031739,7.8594574e-05,0.0013823711,0.0052004033,0.0007300293,0.0017150193,0.00016405343,0.0019032145,0.00017879624,0.0006424932,0.0013350261,0.005655736,0.00442665,0.0156027675,0.004832907,0.014207355,0.03285404,0.0018337874,0.00231426,0.0056463825,0.001424034,0.0019461992,0.25300732,0.0020748223,0.0021292432,0.0014330505,0.0014351427,0.0044889995,0.009951495,0.0019137261,0.014143061,0.9992467,0.034598116,0.01767935,0.00074917823,0.008533914,0.00041548567,0.0007096329,0.00058550184,0.000626551,0.0020776375,0.0021898586,0.002007183,0.0021898586,0.00036688865,0.00039209548,0.00028704785,0.0002945762,0.0017182552,0.010860526,0.011396729,0.071692765,0.046299182,0.067954324,0.0005938825,0.00096714223,0.00057587365,0.0007480626,0.0011487992,0.0010088097,0.0013851131,0.00023491606,0.017096817,0.004195383,0.016694244,0.005405628,0.0016667013,0.0014825684,0.031832773,0.004319287,0.011259619,0.0019280997,0.011059921,0.0020346805,0.0036025834,0.020849613,0.001965875,0.015015347,0.048390266,0.0017365507,0.010859995,0.0016758777,0.002695322,0.04642308,0.008277001
Land Ownership,0.011152045,0.007558919,0.0016892357,0.00017504889,0.0019661621,0.0016040703,0.00035715563,0.0005375947,0.0003236435,0.00026613713,0.0007388157,0.001833149,0.00054416613,0.008412459,0.0004003662,0.0014163117,0.034683354,0.12329824,0.0012475731,0.00069094956,0.0036529084,0.000765952,0.01347239,0.0017459786,0.084909454,0.007133764,0.013525217,0.005382296,0.009725471,0.0048059295,0.0049923146,0.005434455,0.0044710655,0.19185378,0.999715,0.0057423715,0.00044792116,0.0018617786,0.00011829294,8.444536e-05,8.531076e-05,9.5435666e-05,8.507798e-05,0.00020419806,8.507798e-05,0.00019240784,8.542559e-05,8.542559e-05,0.000406328,0.0003980244,0.002787061,0.09137607,0.05093228,0.30040187,0.018797215,0.116585545,0.0049684653,0.0012029398,0.00058797357,0.0014091356,0.0011118478,0.0003625875,0.00038789402,0.00026873147,0.015112717,0.013120671,0.033516258,0.00999808,0.0053142137,0.004797899,0.022552898,0.0002770484,0.023069736,0.0100402245,0.052486602,0.006539539,0.0069357837,0.00775926,0.004788395,0.0016136155,0.0025948398,0.0044865143,0.00489764,0.005103437,0.0049737263,0.022356592,0.007042711
Most Common Type of Shelter,0.0010622318,0.0005047175,0.00045315904,6.564215e-05,0.0002428006,0.0038121494,6.61841e-05,0.001283072,6.399813e-05,0.0010904477,0.0001024541,0.0002324811,0.00079391117,0.0008990089,0.0009613193,0.001440254,0.052941907,0.0034650208,0.0018130264,0.001022363,0.019110924,0.00092109374,0.00025337606,0.0004856793,0.007255914,0.00036859425,0.008275552,0.00018854967,0.00065932237,0.0011857661,0.0008175825,0.0009178012,0.00018513417,0.012500048,0.05674648,0.99866235,0.0011685005,0.0032468697,0.00019178538,0.0001225544,0.00094631145,0.0004878323,0.00040570082,0.00045716693,0.00013228391,0.0004444112,0.0005886695,0.00046661508,0.00040398532,0.00094750227,0.00072055444,0.018559812,0.00042701914,0.027497623,0.22675015,0.12501661,0.012164818,0.0007170437,0.011254112,0.0008080967,0.0011061688,0.0032817794,0.0033316347,0.00027748186,0.046363235,0.008267598,0.110985965,0.0015316309,0.0015118098,0.0014029539,0.26354152,0.0037344547,0.012145867,0.001146078,0.15349264,0.0012863883,0.0032316337,0.00082091603,0.0013452315,0.015148054,0.42215574,0.00075477763,0.03100299,0.0011156884,0.0011340457,0.06506233,0.007336387
Number of Households,0.0004714234,0.00020083606,0.00029838708,0.14518681,0.00022185135,0.00046204554,0.004394303,0.00045082462,0.0015099344,0.00010497011,0.0007221345,0.00037890967,6.849348e-05,0.098298445,0.07610298,0.00011937255,7.286076e-05,0.00017910064,0.0039912374,0.0006400969,6.9417925e-05,6.9352805e-05,0.00024111863,0.000438567,0.0005560023,0.00047194283,0.0010687734,0.0004234598,0.00042723113,0.00042293136,0.000528198,0.0009954263,0.00021223124,0.0003978113,8.356099e-05,0.00060598884,0.99937314,0.55479413,0.14473502,0.51006085,0.81528103,0.7749151,0.9423389,0.72968656,0.9452251,0.8332749,0.651215,0.5230752,0.32385856,0.36369792,0.0010703042,0.00020948236,0.00018008582,0.0008614989,0.0016005706,0.0007716306,0.0004274164,0.0017260698,0.0014329638,0.0013161091,0.00029195636,0.0002796589,0.0012845944,0.0050717504,0.00031052568,0.00028722145,0.0004881519,0.0014152662,0.001637426,0.0009487711,0.0031356146,0.48814416,0.00032776446,0.0009117092,0.004714366,0.000324661,0.0008302254,0.0030963405,0.00023625701,0.0071966676,0.0036083045,0.000624433,0.0009942047,0.00023810504,0.00038005915,0.0031036576,0.007832581
Number of Individuals,0.0018287131,0.00011621591,0.0005008417,0.017000232,0.0011750878,0.0001750401,0.0014360205,0.00023902286,0.0011279602,8.761342e-05,0.00056046015,0.0002315788,8.2151695e-05,0.011118236,0.009184097,0.000118418575,5.9091835e-05,0.00029721996,0.0053490186,0.001070585,0.00030615012,0.0015419481,0.0004249084,0.00043623717,0.00092866755,0.0007946023,0.0011005949,0.0004422286,0.00044577688,0.00078028184,0.0009992395,0.0013958643,0.0002716418,0.0075137257,0.00026767523,0.0006088156,0.9803667,0.99952465,0.07810083,0.057090696,0.072942816,0.1383221,0.07285446,0.14183643,0.07830315,0.09450908,0.5337713,0.70174485,0.029407777,0.12162401,0.001476094,0.0005467594,0.0004828688,0.001812054,0.0006658374,0.0002888552,0.00033602765,0.0011071851,0.00044664642,0.001120412,0.0005486198,0.00031886657,0.0009374885,0.0029534963,0.00090872817,0.00020305622,0.001636672,0.00092182093,0.0024330323,0.0016023276,0.003522699,0.25187364,0.0006370127,0.0011848988,0.004821825,0.0013190174,0.0016691146,0.006637444,0.00072447327,0.0013259529,0.0030646615,0.0012861982,0.00040500678,0.00142514,0.0011109282,0.006846341,0.00935405
Boys (<1),0.00020758562,0.00035464825,0.0005841257,0.09067238,0.00024259188,0.00010466996,0.0014715635,6.4470405e-05,0.0018223271,7.5238626e-05,0.0010169832,0.000465174,0.00014991027,0.05345133,0.03272175,7.639602e-05,0.00045190117,0.00015480927,0.0009540486,0.00011816007,0.0013352669,4.237516e-05,0.00012099187,0.00012362383,6.612477e-05,0.00011789237,8.838574e-05,9.103238e-05,7.455663e-05,8.838574e-05,0.00015333199,0.00012427525,0.00020611806,0.00023254217,2.9804114e-05,8.700452e-05,0.03313116,0.03681719,0.9988344,0.75474906,0.9271544,0.4477652,0.57682997,0.24164909,0.6386162,0.27533275,0.23777969,0.098774195,0.5579004,0.24931684,0.00012145855,3.7494425e-05,5.893212e-05,8.238503e-05,0.00023739501,7.5043936e-05,0.00010484852,0.00031959257,0.00023002957,0.0005134097,0.00023582777,0.00025089906,0.00024119398,0.0035916637,0.00040980446,0.000106062886,0.000112315676,0.0006265909,7.37548e-05,9.598544e-05,0.0008890262,0.24061866,0.00011560467,0.0001214547,0.0006585379,5.3455282e-05,0.00011433446,0.001978027,4.413859e-05,0.00019626055,0.00018695535,8.703636e-05,0.00014632022,4.582308e-05,7.001833e-05,0.00018439624,7.209448e-05
Girls (<1),0.0001809023,0.00013698342,8.394355e-05,0.036246475,0.00021932002,8.865313e-05,0.0014673185,0.0003568681,0.0023710662,7.447453e-05,0.00034694778,0.00030777202,0.00015794134,0.13774242,0.037673302,5.399489e-05,0.00024931267,0.00017827953,0.006083557,0.0001324853,0.000405575,6.9247035e-05,0.000119716,0.00013933396,8.576378e-05,0.00011986805,8.356097e-05,0.00011700347,0.00011835049,8.475344e-05,0.00018185917,0.00011467355,0.00021390058,0.0003318847,3.244141e-05,0.00011865714,0.0658014,0.036513913,0.951407,0.9988412,0.5625436,0.67882395,0.3972396,0.6099236,0.3848121,0.63999474,0.20837472,0.22019789,0.8994872,0.57122105,0.00011139115,5.500165e-05,7.435649e-05,0.0003133659,0.00037123216,0.00014259398,8.865998e-05,0.00030423436,0.00021801003,0.00062232267,0.00022282168,0.00022494301,0.00021970228,0.003544806,9.696761e-05,0.000110134235,0.00019849373,0.00031554291,7.739601e-05,7.967106e-05,0.0006830607,0.49772218,9.3975315e-05,0.00014030159,0.00040913132,4.8912272e-05,0.0001359774,0.0011642964,3.6616802e-05,0.0020714116,0.0003608206,8.543664e-05,0.00018143163,5.043696e-05,5.148691e-05,0.00037085006,0.00035960626
Boys (1 - 5 y),0.00017957382,0.00014423956,0.00014723152,0.15295401,0.0002223428,0.000102536,0.0013177581,0.0004432289,0.001439579,0.00010529835,0.0005113201,0.0003775452,8.041422e-05,0.048492417,0.028165692,5.7791534e-05,0.00012844321,0.00012004007,0.0025908404,0.0001326443,0.00034701312,5.9941714e-05,7.1070666e-05,0.00012788898,7.542685e-05,0.0001273984,7.1070666e-05,7.051979e-05,7.5971504e-05,7.341805e-05,0.0001302888,0.00013171762,0.00019575849,0.00029972245,2.7745004e-05,0.0002117758,0.061193835,0.022786776,0.99819493,0.9871773,0.99893826,0.9512725,0.973684,0.6111566,0.9731812,0.60792917,0.55409336,0.56255203,0.93530715,0.95443666,0.00014227188,4.710331e-05,5.855533e-05,0.00029998441,0.0007957821,0.00041757632,7.1507806e-05,0.0002547291,0.00019611225,0.0002843763,0.00017034817,0.0002830015,0.0002817933,0.0021920823,0.00024580612,0.00010169184,0.0001463331,0.0003072462,0.00057873514,0.00040489947,0.0006402869,0.7453859,8.560895e-05,0.0001326443,0.00038997902,5.910143e-05,0.000153008,0.0035554094,6.0884246e-05,0.0015367697,0.0003475051,7.357567e-05,0.00040416542,8.928454e-05,0.00017526004,0.00035320627,0.00035074246
Girls (1 - 5 y),0.00017957382,0.00014423956,7.678928e-05,0.087420136,0.00022544737,0.00010164412,0.0013177581,0.00044108246,0.0014643782,0.00010379746,0.000517518,0.00037460646,8.041422e-05,0.06125857,0.03638417,0.00018608288,0.00012869945,0.00011948493,0.0025989048,0.00013171762,0.00035695024,0.0002422274,7.106336e-05,0.00012788898,7.708125e-05,0.0001302888,7.106336e-05,7.001433e-05,6.711492e-05,6.911965e-05,0.00012325862,0.00013171762,0.00018709831,0.00031917993,2.983495e-05,0.00010973123,0.06064965,0.032133922,0.9862663,0.9928975,0.95540893,0.99892884,0.5947223,0.9736431,0.7031413,0.9722304,0.5647668,0.67446226,0.8614321,0.9683521,0.0001406703,7.2426716e-05,0.00010588426,0.00029609664,0.0007973936,0.00041757632,0.0001027086,0.00025661924,0.0001930957,0.00037043833,0.0002785201,0.000286492,0.0002821922,0.0021920823,0.00024003025,0.000101876576,0.00019059677,0.00030594983,0.0014292147,0.00043896347,0.0006567125,0.6523372,8.560895e-05,0.00026091636,0.00038997902,0.000120547345,0.000153008,0.0028746158,6.501088e-05,0.0015232798,0.0003475051,7.016186e-05,0.00017289692,0.00023513891,0.00032845268,0.0004170397,0.0003510128
Boys (6 - 17 y),0.00022281393,0.00014127696,0.00015350292,0.07426978,0.000224016,0.00011123337,0.0011697065,0.00044161847,0.0014893734,0.00010478722,0.00051622704,0.00037045474,8.244e-05,0.06621876,0.034987107,7.0199036e-05,0.00012869945,0.00011875104,0.0025321043,0.00018268342,0.00024584268,5.8823374e-05,6.8871675e-05,0.00015742877,7.6815966e-05,0.00017532293,6.8871675e-05,0.00017798656,0.00019450267,0.00010296874,0.00018275564,0.00017787042,0.00029359965,0.00029989122,2.7153561e-05,0.0002117758,0.12667665,0.043861005,0.839024,0.9440943,0.99915206,0.98661476,0.9984825,0.98537,0.9985435,0.99256474,0.8677298,0.6218125,0.3971628,0.3505391,0.0001919029,4.7065332e-05,5.079374e-05,0.00019857369,0.00081032614,0.00041757632,6.15989e-05,0.00029677502,0.00023623204,0.00036134713,0.00012420578,0.00020071364,0.00024720872,0.001581181,0.00025110785,8.30034e-05,0.0001475431,0.00028916798,0.00050980726,0.0005176364,0.00047009194,0.06972537,8.5944936e-05,0.00016826153,0.0003894486,6.878274e-05,0.00027158283,0.0030790106,5.8622005e-05,0.00033930255,0.00034981355,0.00018535736,0.0003156901,9.019415e-05,0.0002501141,0.00033898055,0.00034821202
Girls (6 - 17 y),0.00017988507,0.00011801976,7.192482e-05,0.03637482,0.000224016,0.0001187304,0.0011659134,0.00044649793,0.0015182038,0.00010483777,0.0003417983,0.00029863926,6.849348e-05,0.07546038,0.031251013,6.886338e-05,7.366651e-05,0.00012748479,0.0037108397,0.00020855915,8.4969906e-05,0.00023524833,0.0001993243,0.00018502363,9.620973e-05,0.0002277054,0.00019948817,0.00017244872,0.00017739918,0.00017118503,0.0002829867,0.00021889956,0.0003837144,0.0003249457,2.7723843e-05,0.00010997201,0.19827226,0.056725148,0.4693712,0.8642369,0.9919043,0.99915206,0.98640853,0.9984735,0.98725003,0.9984808,0.8732239,0.8759325,0.33533502,0.41041484,0.00022925045,7.2533476e-05,8.6306856e-05,0.00019784864,0.00084371,0.0004215827,8.533648e-05,0.00033052193,0.00020055441,0.0004056573,0.00016676023,0.00015029537,0.00025518239,0.0016483172,0.00010418818,8.369902e-05,0.00015488555,0.00028588183,0.001518577,0.0004270404,0.00058509497,0.05936809,8.6810775e-05,0.0004457104,0.0003894486,0.0002486397,0.00019986887,0.0011427602,6.368531e-05,0.0008767517,0.00035002158,0.00017282358,0.00015750567,0.0002286458,0.000339608,0.00042107512,0.00033823328
Men (18 - 59 y),0.00022777093,0.00015777744,7.192482e-05,0.08409029,0.00022500836,0.00011808228,0.0012112487,0.0004360655,0.0012945246,0.00010375478,0.00021952864,0.00029863926,0.000102051345,0.064893804,0.056651767,0.0001142166,0.00013076974,0.00012826649,0.003690183,0.0007905895,0.00024303373,0.00011788722,0.00016539573,0.00019543283,0.000100901925,0.0002760365,0.00017033861,0.00017188348,0.00017727014,0.00026392387,0.0003198266,0.0001928284,0.00024844613,0.00019022403,2.8320033e-05,0.0002052378,0.55538964,0.03339045,0.8716463,0.9185457,0.9841602,0.96870816,0.9553595,0.91949284,0.9533807,0.9216276,0.9996443,0.96552426,0.9518516,0.5849029,0.00030432825,0.00015018767,5.0153245e-05,0.00041906265,0.0010333396,0.0004240563,5.6361157e-05,0.00047090385,0.0002696159,0.00020440284,0.00016096921,0.00020937446,0.00025166283,0.0012711656,0.00027894136,9.272467e-05,0.00037172294,0.0002760573,0.00028215634,0.00035589098,0.0006715211,0.28040513,0.00015623415,0.000195648,0.0003894486,0.00026996605,0.0004477,0.0030240612,5.9573907e-05,0.0016333306,0.00034973066,0.00035394178,0.00016164796,0.00015953102,0.00021751151,0.00045270452,0.00050034915
Women (18 - 59 y),0.00022544508,0.00011470764,7.299787e-05,0.03428527,0.00022562964,0.00011808228,0.0011659134,0.0004270586,0.0015030439,0.000105298175,0.00021952864,0.00029204282,0.000101346086,0.066263,0.03198708,0.00016137994,9.315875e-05,0.00012695635,0.0038417345,0.0011046323,8.249499e-05,0.00019324849,0.00017410677,0.00020009904,0.00010135456,0.00031836884,0.00023327177,0.0001884527,0.00020465764,0.00068750995,0.0003780799,0.00032495803,0.00024991858,0.00019537915,2.8320033e-05,0.0003079507,0.68669283,0.043539375,0.37713745,0.7771529,0.98599905,0.9910979,0.96062213,0.90378284,0.9626554,0.90653175,0.98595923,0.99965495,0.5575066,0.9660012,0.00038062118,0.00014829358,5.0153245e-05,0.00043621007,0.0013944033,0.0006251917,9.6358126e-05,0.00038427918,0.00021545052,0.000202799,0.00016556354,0.00022280551,0.00025099266,0.0010826696,0.00010405217,9.277277e-05,0.00037666975,0.00027753878,0.00021450705,0.0010781199,0.00066023174,0.060864974,0.00015471241,0.00019855818,0.00049654447,0.0004263461,0.00045937364,0.001180686,0.00016608577,0.0014917835,0.00040147844,0.00038708077,0.00015924037,0.0002451654,0.00020519653,0.00045060558,0.00051799667
(Elderly men 60+ y),0.00027010654,0.0001940443,0.00083725865,0.10501181,0.00027718284,0.000112758586,0.002987324,7.1084665e-05,0.0015194605,8.5962754e-05,0.00063377304,0.00038020336,0.00012165794,0.05764356,0.058116186,7.1187445e-05,8.524195e-05,0.00012075413,0.0005003426,0.0003204097,0.00039914114,0.00017813033,8.6907254e-05,6.997617e-05,8.1245336e-05,0.00015399125,0.0004084214,7.034314e-05,7.034314e-05,0.0002575082,0.0004528113,0.0005725934,0.00012168546,0.00013664116,9.6869364e-05,0.00015654469,0.1361728,0.04164597,0.065189235,0.16441862,0.30729297,0.21451588,0.24213879,0.20016405,0.04630171,0.12142242,0.7782999,0.22741418,0.99950945,0.98510927,0.000536515,0.00018830641,0.00014335515,0.00021592069,0.0005466277,0.0007383348,0.00039394308,0.0014295506,0.00051557925,0.00031923942,0.0010713203,0.0003644271,0.00036585587,0.0040545757,0.0007841523,0.00030563265,0.00021559064,0.0006655783,0.00022191372,0.000104086925,0.0011447875,0.08996325,0.00019806082,0.0002219958,0.0007016752,0.00026361377,0.000428412,0.0013775058,0.00014209426,0.0010294724,0.00021111865,0.00035279812,0.00042969297,0.0002729607,0.00018727152,0.0003142651,0.00019130712
(Elderly women 60+ y),0.00027010654,0.00019458811,0.00082801364,0.07152231,0.00027793553,0.000112758586,0.001878045,7.1084665e-05,0.0014056985,8.717701e-05,0.0006608495,0.0005663479,6.964891e-05,0.05070264,0.04121985,7.415859e-05,8.524195e-05,0.00012370787,0.0004653019,0.0003080878,0.00039144253,0.00018036601,8.6907254e-05,6.997617e-05,8.255003e-05,0.00016464705,0.0004078768,7.034314e-05,9.5100586e-05,0.00025678577,0.0004513621,0.0006047437,0.00012191877,0.00013991918,9.649181e-05,0.00026251836,0.13889177,0.090028524,0.044920377,0.053221468,0.25539917,0.29591173,0.03172888,0.23901321,0.03463491,0.24587928,0.22956055,0.76999986,0.9985631,0.9993572,0.0005373445,0.00017610243,6.3417894e-05,0.00023412134,0.000610666,0.0008753194,0.00039560394,0.0005338073,0.0005077893,0.0013204066,0.0011042148,0.0003644271,0.00036364136,0.0026005423,0.00077647076,0.00030627468,0.00024589858,0.00096524047,0.0002355095,0.0005723564,0.001158077,0.0585597,0.00019906925,0.00025239983,0.0031624956,0.0002784055,0.00033236618,0.0021058577,0.00013745559,0.0010249475,0.00030640836,0.00035235233,0.0004229098,0.00023138075,0.00018897705,0.0003185248,0.00052938587
Have IDPs been displaced previously,0.0020465038,0.007920025,0.015046393,0.0006976366,0.0005509349,0.0022642696,0.00093778875,0.00036230954,0.001014032,0.00012886594,0.0017993163,0.0054358477,5.7676458e-05,0.00010738456,0.00023457714,0.021526229,0.00064408965,0.10869102,0.00013395317,0.9764038,0.020138288,0.9464675,0.9369736,0.8074145,0.00066409237,0.94414407,0.92843497,0.7288137,0.57435256,0.9603937,0.9502926,0.9755275,0.97854006,0.0017332558,0.0007870549,0.0003728465,0.0009840714,0.0011238217,7.484965e-05,0.00010298621,0.00023683674,0.00024865117,0.0002272072,0.00025292503,0.000267969,0.00023957543,0.00020363333,0.00026187164,0.00056071783,0.00060179003,0.99980783,0.033829473,0.12842281,0.0035742426,0.000595001,0.0055631194,0.20772767,0.004423008,0.0067882417,0.005314749,0.12834726,0.0039252862,0.009972986,0.00076770544,0.0008373455,0.0007105943,0.0008280454,0.00090989174,0.75685054,0.9360771,0.0022449195,0.00021647986,0.008575899,0.97266793,0.037066564,0.8929821,0.9378769,0.012159208,0.7993182,0.0033572244,0.00075477146,0.92128146,0.009321973,0.7412882,0.7102201,0.0008229833,0.0041868766
Reason for displacement of Majority,0.0026724061,0.0029107137,0.00024195467,4.043503e-05,0.00094070565,0.00084955845,9.924075e-05,0.0013222203,0.0002977139,0.0012218194,0.00066658115,0.0012107267,8.543564e-05,0.0015632662,0.00041057312,0.00093474344,0.002353022,0.043108653,0.0018078445,0.013099203,0.0009770013,0.0050154203,0.002195374,0.00035671212,0.024575723,0.002169775,0.0032283321,0.002195374,0.0029834223,0.0039131315,0.0037179668,0.003421503,0.0021454114,0.023529502,0.08074882,0.016848126,0.00039009503,0.0027472181,6.8817026e-05,4.7560807e-05,4.3529923e-05,0.00036494853,4.3529923e-05,5.3810283e-05,4.354782e-05,4.4599776e-05,0.00021049482,0.00020500101,0.00049374916,0.000458052,0.03285188,0.9998869,0.017068546,0.15064906,0.031545468,0.113711104,0.005451169,0.00067718886,0.0008262084,0.0008894709,0.0009698152,0.00091180834,0.00091445376,0.00019452815,0.025928466,0.0042108605,0.022624275,0.02848333,0.0051426264,0.0056534205,0.07434031,0.0002768244,0.19174373,0.0057173003,0.10070266,0.0045815064,0.004767385,0.04387151,0.005127152,0.20653707,0.16893461,0.014045249,0.007098509,0.0050375164,0.005942101,0.0058123185,0.066991046
Natural Hazard Risks,0.007049864,0.0032680444,0.03532714,0.0002037557,0.0015682844,0.0126264375,0.0034516365,0.0004917779,0.00033274392,0.0001739357,0.001590553,0.0037060275,9.205134e-05,0.00016653075,0.00039134215,0.05056358,0.0013085646,0.25521344,0.00072559377,0.31840822,0.651519,0.07143746,0.034122728,0.038120016,0.006757313,0.3070082,0.048093606,0.019237062,0.009098571,0.009165647,0.22215681,0.34863734,0.04091667,0.012164218,0.009185572,0.00020697937,0.00041047044,0.0008620801,4.687091e-05,6.2082385e-05,5.105303e-05,0.00015322358,5.2084975e-05,8.480773e-05,5.2932635e-05,8.689947e-05,8.308658e-05,8.561478e-05,9.455864e-05,4.37603e-05,0.22833155,0.013912642,0.9998021,0.021308249,0.00081009016,0.0041907113,0.7861791,0.1514359,0.005119168,0.005012842,0.8795441,0.010480337,0.053841334,0.005449268,0.004380894,0.0008962868,0.0045819683,0.0026023285,0.059365187,0.2998939,0.0011467726,9.9275654e-05,0.010396514,0.32633173,0.095425546,0.049546134,0.034548935,0.02949047,0.06556292,0.0091318125,0.00031626518,0.3302447,0.034846477,0.06986808,0.070841,0.0016889311,0.009336048
Intended Area of Return,0.015714139,0.0035604828,0.0031393752,0.00022794843,0.0038880578,0.00083199935,0.0008522762,0.00089831965,0.00023812172,0.00040742962,0.0015348496,0.0021534462,0.00021284823,0.00018866267,0.00020077276,0.0057303472,0.05057855,0.1351627,0.005955573,0.0035708635,0.0048445337,0.0035739387,0.0015752495,0.0002848193,0.017296284,0.0023436237,0.0029810264,0.0014002187,0.0014904808,0.0030074785,0.0023277255,0.0027058555,0.00023652505,0.056471884,0.07857442,0.0029627504,0.0006846496,0.0012980774,7.426575e-05,0.00028443846,0.00022456664,0.00022061073,0.00022885225,0.00022779737,0.00022809506,0.00015463262,0.00026561724,0.00034565764,0.00020602396,0.00022801176,0.003466643,0.23860733,0.021760905,0.9997802,0.06281748,0.29088938,0.0027708113,0.002808439,0.0027868196,0.0029181622,0.0026487221,0.009891081,0.028202213,0.0023326557,0.016765676,0.022677232,0.009506682,0.0007594888,0.005470192,0.005064866,0.013162584,0.0009234866,0.06403315,0.0039812573,0.024427973,0.0023361694,0.0035152363,0.05238966,0.0032479523,0.057889145,0.014612191,0.0030744367,0.0017845315,0.003831961,0.004113791,0.011562196,0.022737442
Reasons to Return Home,0.001524073,0.0003387635,0.00024080329,0.00010511154,0.00047885772,0.0011527768,6.6045875e-05,0.0010388646,5.3137304e-05,0.000840743,0.00010009776,0.0001234426,0.0003746537,0.00073339144,0.004185933,0.0006465443,0.00353517,0.00038209502,0.016733527,0.0003845062,0.0007087668,0.00040505035,0.0004890177,0.00011721336,0.009290028,0.0004729422,0.00032981593,0.0002478805,0.0003104025,0.0005630086,0.00054695504,0.0004713972,0.00028183305,0.019547965,0.029285228,0.1786173,0.0006343843,0.00020881955,0.0001251087,0.0001694111,0.00035037578,0.0002929383,0.00026984102,0.00029337071,0.0005511869,0.0003514499,0.00035665577,0.000442002,0.0003911549,0.0004721389,0.00045214454,0.0046710554,0.0007012003,0.019164424,0.99911755,0.87297964,0.001210266,0.0006860424,0.0005392817,0.00056193967,0.0013058736,0.0020261412,0.0006328257,0.00026488226,0.024246536,0.0045164493,0.0109060155,0.0011713111,0.000463147,0.00045420133,0.01684235,0.0007405074,0.0017572262,0.00038415173,0.0024028507,0.00047142754,0.00038478136,0.010950339,0.0011379792,0.008983364,0.19265184,0.0004245075,0.0032857156,0.0013646778,0.0015984674,0.0022225948,0.009938516
Reasons NOT to Return Home,0.0031748498,0.00021214933,0.00034849904,0.000105109604,0.0009350593,0.00026477696,7.463889e-05,0.00073600723,0.00015703111,0.0006106064,0.00014263463,0.00020756121,0.00090646185,0.0007684021,0.004440598,0.0004898164,0.013546814,0.0016537865,0.011309143,0.0007331368,0.0010162699,0.0005639275,0.00031396962,0.00022047697,0.012070824,0.0006423707,0.0003822066,0.00046514432,0.00047420114,0.00088929624,0.0008871615,0.0009041918,0.00046382492,0.01648886,0.008328784,0.13063231,0.00019711367,0.00010322281,5.8259575e-05,5.2946205e-05,8.840082e-05,9.2231e-05,8.8784465e-05,8.92637e-05,8.8784465e-05,9.2144386e-05,0.00012294465,0.00015474817,0.00013510953,0.00015989537,0.0009138447,0.033520818,0.0012400104,0.07201987,0.8319709,0.9998936,0.000532459,0.00038757006,0.00036724212,0.00036484565,0.00032630426,0.0003479489,0.0003825849,0.00012049438,0.01181202,0.002420763,0.042525433,0.0006492782,0.00068158057,0.00050538196,0.010598962,0.00017413821,0.0034745387,0.00074955774,0.0075292774,0.0006062555,0.00075119035,0.005261568,0.0007770772,0.013448207,0.019891135,0.00088957243,0.0061893156,0.0008330667,0.0008666803,0.0029792206,0.007755709
% HH living outside (no shelter),0.0047799665,0.034800477,0.075606644,0.00025456434,0.0039123655,0.0026646988,0.004316803,0.00023447972,0.0010645533,0.00017911408,0.0025324763,0.03549461,0.00015167077,0.00017018155,0.0001461061,0.005463936,0.0003642462,0.004828932,0.0003385109,0.010935944,0.12932783,0.017058574,0.005423995,0.004341811,0.00023531872,0.0066578253,0.017707044,0.00391578,0.005985458,0.014167241,0.03779369,0.021063654,0.021531591,0.00027891085,0.001442604,0.0026582503,0.0013334984,0.00079112325,0.00026212138,0.00020777184,0.00013893776,0.00013771052,0.00014092655,0.00013271335,0.00013873287,0.00011762473,0.0001299325,0.00013827391,0.00063978997,0.0007869366,0.1424617,0.00250588,0.81131613,0.0058632847,0.00036558343,0.0007241485,0.99967074,0.28538045,0.8553237,0.32946876,0.9940709,0.04473307,0.15998317,0.0032152606,0.0003787182,0.0015188819,0.0007080155,0.0018191402,0.020861713,0.12939633,0.0005665603,0.0007215107,0.00060267706,0.019883405,0.026442712,0.01969063,0.020376882,0.00061055773,0.017130785,0.0010192118,0.00063414255,0.02103681,0.007253962,0.01787033,0.017130516,0.0012052562,0.00061750144
% HH living in EmS,0.0016696973,0.001809516,0.0018693936,0.0002853978,0.002697958,0.0019321791,0.00065909955,0.0001677988,0.0002776519,0.0002733414,0.0006354613,0.009006711,0.0007206294,0.00066456356,0.0006052722,0.0030762358,0.0006209263,0.0088526355,0.00066551485,0.072532855,0.2928873,0.02016736,0.002438495,0.015744423,0.0010957305,0.010658529,0.009676144,0.007433256,0.0012804978,0.009265752,0.06815664,0.08194208,0.019363625,0.0009893489,0.0017913344,0.00059043797,0.0013560408,0.0010005657,0.0001280276,0.00011613355,0.00020009336,0.00019121252,0.0001454602,0.00014027458,0.00014677251,0.00010912704,0.00035382557,0.00039065126,0.00046415388,0.00017921103,0.15047385,0.0134793,0.6958518,0.0025066189,0.0012956609,0.0024021654,0.9983077,0.999644,0.86563367,0.91013134,0.9966143,0.31344023,0.89951813,0.02401337,0.0016818118,0.008512681,0.0008267753,0.00090152,0.016343448,0.108801134,0.0033476874,0.00028058546,0.0028442203,0.0164153,0.032271814,0.014296665,0.011883084,0.0002889095,0.007729265,0.001406096,0.0006261066,0.012075007,0.0075040613,0.017718215,0.017564746,0.007191599,0.00059747463
% HH living in makeshift/self-made shelter,0.0021925624,0.0017697808,0.001107032,0.0002144175,0.0021255168,0.009537063,0.0006804761,0.00022841021,0.00026026345,0.0002491371,0.00032803492,0.006610526,0.00034452783,0.00011387866,0.0004229716,0.00247847,0.00083496416,0.00090373337,0.0005547156,0.06379903,0.18979988,0.004320062,0.0029457202,0.014258364,0.0005184772,0.0042509823,0.006168586,0.002737707,0.002809175,0.0029116638,0.024214193,0.08295602,0.026610475,0.00043247137,0.0005323948,0.0019849916,0.0014718687,0.0025036356,0.00018036211,0.00016003783,0.00018997127,0.0009988348,0.00020227893,0.0002238832,0.00012301735,0.000212911,0.00027980897,0.00029487783,0.0002357436,0.00014797268,0.2045461,0.0033354703,0.44964242,0.0021855293,0.0005067444,0.00089185906,0.999223,0.946072,0.99775004,0.92324203,0.9958852,0.17136998,0.71392703,0.0034520456,0.0004764863,0.0076589,0.00072604127,0.010839635,0.054944318,0.31165653,0.003063569,0.0004798396,0.002595827,0.016793253,0.08152574,0.014170628,0.011789038,0.00045788486,0.019442528,0.0010900383,0.0019672671,0.023124926,0.0095723085,0.017634662,0.011020872,0.004668871,0.0014754457
% HH living indoors (solid walls),0.00029257676,0.00037285674,0.0004878028,0.004680469,0.0002928606,0.0010325459,0.0062733996,0.00010362229,0.0015920395,7.0093636e-05,0.00092276983,0.00043307804,5.250658e-05,0.015586389,0.007297992,0.0007112295,0.00041815304,0.00025304008,0.0001290896,0.00021483848,0.00022601802,0.0014836596,0.0002151671,0.0002678463,0.00015487071,0.00030469595,0.00026174038,0.00021495394,0.00021495394,0.00021546842,0.00022264649,0.0006617248,0.00022198127,0.00014103044,0.00038019568,0.0002366964,0.012889903,0.011395291,0.0032384717,0.009145166,0.0032387516,0.007180881,0.0020084805,0.002052445,0.0012773686,0.0014301498,0.0017830338,0.0017040242,0.0031218634,0.023647668,0.00053610123,0.00063898,0.0010318246,0.0030902363,0.0001958907,0.0002829044,0.033970788,0.4987504,0.5159673,0.99740416,0.015112642,0.2071656,0.2645233,0.9913021,0.00018116584,0.00068727677,0.00015785957,0.002112543,0.005583507,0.0050071594,0.00048190958,0.009195214,0.00038653333,0.002448647,0.0011506747,0.00046818514,0.0006387078,7.436921e-05,0.0034353675,0.00028481832,0.00021206606,0.0005663123,0.0028385655,0.001487407,0.0048698178,0.0008650344,0.0001894814
% HH have access to electricity,0.002031487,0.0018028327,0.0021931075,0.0005510598,0.0019727177,0.004808266,0.001607993,0.0006139276,0.00041951274,0.0004373692,0.000555181,0.0065550506,0.0007798233,0.0017643229,0.0008015513,0.0028315282,0.0011925506,0.0035869635,0.0005001297,0.0057907235,0.012534465,0.041734815,0.0036732291,0.0037978354,0.00065398565,0.0035969445,0.0036723318,0.0012369703,0.0012341188,0.0042292736,0.0038450186,0.0050970917,0.0039142673,0.0011920098,0.0014650538,0.0009845727,0.00029266885,0.0005551002,0.0002686556,0.00026819628,0.00025518239,0.00026074072,0.00017617595,0.00019150494,0.00016998142,0.00018771562,0.00022610543,0.00021666118,0.0009268809,0.0008744956,0.013436628,0.010849954,0.12768401,0.016846905,0.0007439807,0.00078932894,0.758525,0.9963621,0.99538094,0.995658,0.99983054,0.9581926,0.9979592,0.1442018,0.0008346923,0.009953457,0.0012110677,0.016003376,0.0461977,0.0334308,0.0013028085,0.0007067273,0.0013456013,0.0059359455,0.026020821,0.005910475,0.0044045406,0.0017985387,0.14635536,0.0009229259,0.00064584677,0.0045227366,0.02310053,0.113226205,0.1310473,0.0044019027,0.0010216364
% HH have access to safe cooking facilities,0.00028746316,0.00038503125,0.00037031865,0.0036042656,0.00028654275,0.0009654046,0.008190528,0.00013769329,0.0024528157,0.00012439096,0.00041550552,0.00045772683,0.00014815902,0.009942785,0.0070301243,0.000640864,0.00029705334,0.0006785981,9.842303e-05,0.00037144078,0.00016769503,0.002150168,0.00027693386,0.0002995084,0.00012628018,0.00028900636,0.00027693386,0.00029857457,0.0002826698,0.00029313867,0.00022838947,0.00029586954,0.00020509103,0.000122026504,0.00025198166,0.0002999453,0.0037533347,0.0045888075,0.0019169876,0.0018062784,0.0016137924,0.0019833352,0.0010694657,0.0013057874,0.0010569942,0.0011091313,0.0020658271,0.0021474992,0.0032124647,0.0031235798,0.00061287096,0.0006473508,0.00085882295,0.001866137,0.00041782038,0.00029957472,0.0075071314,0.13087839,0.11042461,0.11008565,0.064163186,0.99798167,0.33243498,0.9902834,0.0004746671,0.0007569998,0.0001486241,0.0009161183,0.0040115733,0.006705038,0.00031945735,0.0070456783,0.0004400307,0.000736356,0.002458161,0.00058701757,0.0006810739,0.000487596,0.012246476,0.00048015628,0.0004247019,0.0007763695,0.0024582734,0.010263966,0.013223251,0.0025696896,0.0011249509
% HH have private living area,0.0043068384,0.00160396,0.002028905,0.00034924535,0.0019727177,0.0048209527,0.0018956872,0.0005558371,0.00040467118,0.0004108562,0.0006078634,0.006548373,0.0015497173,0.0014492009,0.00078470266,0.0030783494,0.00088782096,0.0035879936,0.0019014708,0.0058832364,0.0010897176,0.013504724,0.0011908861,0.0008889763,0.00063834584,0.003986544,0.0034781971,0.0008889763,0.0008889763,0.0057222894,0.0031693839,0.005774361,0.00088491675,0.0009170593,0.00048562742,0.0009706452,0.00068674475,0.0009783972,0.0001977749,0.0001405409,0.00025890287,0.0002148361,0.00018653646,0.00020924844,0.00016821545,0.00015937306,0.00022341925,0.00020447891,0.00030911603,0.00029049383,0.009937202,0.003808977,0.02339614,0.03607101,0.0006724365,0.0010355775,0.4494181,0.99796253,0.996758,0.99772847,0.9642655,0.99121076,0.99983287,0.21464217,0.0004678278,0.009975067,0.0014603602,0.01611943,0.089698605,0.021087121,0.0011987494,0.00078380137,0.0021009222,0.0129839415,0.021269495,0.007224485,0.00430773,0.00020159024,0.05200655,0.0009906575,0.00047572507,0.0045140698,0.01662543,0.014556698,0.048027255,0.0043795845,0.0011519985
% HH have mosquito nets,0.0003871541,0.00036934437,0.0005396798,0.0060635637,0.0002925443,0.001014546,0.024140656,8.987044e-05,0.0015412128,7.169105e-05,0.00044082763,0.0004009412,0.00014631524,0.014888287,0.006732953,0.002875224,0.0008537376,0.00055938074,0.000112377005,0.00073623954,0.00022666421,0.0032029685,0.00047311463,0.00037572187,0.0001343747,0.00051465863,0.00047702302,0.0003579007,0.00035586412,0.0004620856,0.00037478417,0.00068201916,0.00037154905,0.0001247987,0.0007094157,0.00032464668,0.004424965,0.005716049,0.002613522,0.0026415107,0.0021043147,0.0019858754,0.002055954,0.002132039,0.001678495,0.002210038,0.001465324,0.001169831,0.003309605,0.0021661234,0.0007915955,0.00068178284,0.0020819416,0.0031527937,0.00043305705,0.00025192476,0.008741965,0.20987442,0.17349404,0.111233376,0.034132827,0.40419096,0.36752567,0.99983823,0.00067543035,0.00087117485,9.2944276e-05,0.00077915617,0.0030772542,0.0056206235,0.0003990867,0.0070312847,0.0006174576,0.0006568949,0.0010930005,0.00064568856,0.0006621341,0.00024395627,0.003621113,0.0004744276,0.0002862214,0.00050187286,0.0035405376,0.0023727417,0.0037382585,0.00041304706,0.00018233107
Most needed NFI,0.00053649285,0.00021032983,0.000686283,8.284282e-05,0.00013392179,0.0019244086,0.00018378212,0.004759268,0.00010480622,0.0038407845,0.00027467436,0.00022482646,0.0035401317,0.0011992068,0.0071323086,0.003209945,0.011670559,0.004538324,0.01766313,0.0010574315,0.0022822125,0.00071763486,0.00021465874,0.00072227285,0.2461608,0.00033872228,0.00056113006,0.05030045,0.0012426534,0.00047685663,0.00037782718,0.00046783302,0.0003139685,0.096574426,0.058623794,0.04889145,0.00021704624,0.0007005473,9.428481e-05,7.288757e-05,0.0002032833,0.00020692777,0.00019966922,7.895994e-05,0.00017809821,8.1723745e-05,0.0002089391,7.62532e-05,0.00014302834,0.00013156416,0.0012618767,0.020418052,0.0037906086,0.009986059,0.04469869,0.0062445896,0.0013439322,0.00079079234,0.0006401195,0.00045968167,0.001244038,0.002492403,0.000547806,0.00037286468,0.99982643,0.0012985645,0.01856625,0.008704223,0.000414609,0.00033916198,0.0018107281,0.00022788318,0.0030982662,0.0003316622,0.009223134,0.00048696314,0.0007824036,0.0027651072,0.00085898343,0.005068799,0.05177868,0.0010772661,0.012549813,0.000716057,0.00055738987,0.006551283,0.007488544
Location of site main water source,0.013517153,0.0007565558,0.0002862222,0.00014712125,0.002719083,0.0002685188,0.00013861181,0.00023962004,0.00010531517,0.00018906132,0.00011600453,0.0022409216,0.00048692757,0.0016058533,0.0004398571,0.0026419372,0.023049207,0.02660384,0.004858079,0.0018428633,0.00084908115,0.0022186073,0.00021139161,0.00018300177,0.002046632,0.00045216657,0.0008714097,0.0004603963,0.00018300177,0.00073086866,0.00077908795,0.00045084767,0.00018240634,0.0015719495,0.022117034,0.0048969327,0.00035146397,0.00021540426,0.00012569898,0.00010406266,0.00010459597,0.00010363659,0.00012232605,0.0001211872,0.00010499116,0.00010595222,0.00010459597,0.0001081193,0.0002868894,0.0003955925,0.00069205643,0.015624099,0.0006751834,0.036613353,0.0054635033,0.008231618,0.010380223,0.02174807,0.012810517,0.0072185807,0.009261587,0.0517765,0.045339283,0.0033009872,0.0016843948,0.9998714,0.07732306,0.019112084,0.0056471964,0.008477074,0.062055353,0.00086564675,0.008506405,0.00084200146,0.013578956,0.0021929736,0.0025623129,0.0015045454,0.0019745121,0.0020170144,0.014277697,0.0007934947,0.0003478126,0.00075474184,0.00081738725,0.06846877,0.0075577623
Main drinking water source,0.0023928639,0.00031189373,0.0008877552,8.4767154e-05,0.00047020148,0.0024631934,0.00042519203,0.0032934959,0.00012218923,0.0016266614,0.00026222732,0.00020115414,0.0028593657,0.00040407057,0.0047409693,0.008174159,0.002046376,0.001950865,0.088162616,0.0009468374,0.0041371644,0.00079426594,0.000754535,0.0007380509,0.10183271,0.0008038323,0.0013702909,0.00056527066,0.00072403316,0.0009006159,0.00118142,0.0011283342,0.0002311912,0.11591163,0.006997847,0.028136862,0.00053875986,0.001241339,0.00011720036,0.00017366519,0.00011221371,0.00014635004,0.00011474956,0.00028505595,0.000112760004,0.000281439,0.00031106226,0.00041127202,0.00028326435,0.00029044534,0.0010207675,0.008649372,0.013195531,0.021048456,0.012561872,0.020401627,0.0016128704,0.0008964468,0.0008434636,0.00083262596,0.000878111,0.0009614628,0.0010770425,0.00018478185,0.049095742,0.08878887,0.99961525,0.0059504495,0.08311592,0.015090649,0.0046172542,0.0006549272,0.04488513,0.0013648039,0.0079071475,0.0013601597,0.0013033432,0.007410107,0.0014482503,0.0667123,0.07059316,0.00316773,0.016585676,0.0011485701,0.0013402198,0.014869053,0.020783393
Avg amount of water available /day/person,0.0010419756,0.0049216477,0.00072875514,0.00017241517,0.0016659221,0.0025178266,0.0002609085,0.0010797444,0.00068766566,0.00029964471,0.00022181896,0.017738426,0.00020236225,0.0014377151,0.00097276235,0.0039957613,0.0011020751,0.0059379083,0.00359576,0.0051487717,0.00023514759,0.0029217855,0.00075162406,0.0010499101,0.00077251234,0.0011157972,0.0010840404,0.000779837,0.0011427284,0.0007814029,0.00078739156,0.0007737414,0.00077056285,0.0007694288,0.0003476672,0.0014609821,0.0012159697,0.00075346115,0.0005902239,0.0003046343,0.00026856008,0.0002564143,0.00027083655,0.00025838095,0.00027613185,0.0002595936,0.00026621018,0.000265568,0.0006458936,0.0007704832,0.0036200874,0.010493232,0.010792631,0.0032625375,0.00018379031,0.0012415099,0.074912935,0.007950673,0.12186426,0.11299003,0.064812064,0.08127642,0.07776451,0.0030505958,0.0030128593,0.01401091,0.004258064,0.9996656,0.033520486,0.08526363,0.029977186,0.0013764289,0.010640571,0.005568498,0.03311398,0.0036408794,0.0055643045,0.0026651449,0.0028671576,0.0028657287,0.006505922,0.0051821796,0.046618834,0.003946872,0.0071307225,0.041536335,0.0033619406
Is drinking water potable,0.0025245778,0.006188977,0.09410875,0.00028258876,0.00058317586,0.0016568475,0.0007703228,0.00023955588,0.0007429951,0.00014809203,0.0013240724,0.0041482574,7.527324e-05,9.834742e-05,0.000112937436,0.03048169,0.0025863298,0.14672227,0.00045904066,0.9019284,0.014252824,0.9709398,0.9783649,0.60052514,0.0026622158,0.8708907,0.9815939,0.923935,0.9292975,0.962465,0.83678186,0.8318404,0.61435044,0.0019535287,0.0018517943,0.0007204382,0.0007212924,0.0008240749,7.422782e-05,6.722599e-05,8.6542386e-05,0.0003584869,8.047555e-05,0.00033438715,8.5579726e-05,0.00016414301,0.00013569022,0.00012672259,0.00017434711,0.00037641547,0.7181817,0.010140556,0.06533711,0.0030783275,0.0004634436,0.0017980839,0.02045776,0.03403607,0.05196392,0.06621995,0.012170604,0.028777923,0.09557757,0.0024840801,0.00038731057,0.0057144044,0.1379046,0.003911439,0.99978966,0.84425443,0.0028064405,0.00036254883,0.008044067,0.98665243,0.004357807,0.98802626,0.9738081,0.14915556,0.98240834,0.0046529016,0.0017667215,0.984743,0.029439256,0.9889528,0.9890948,0.00046210145,0.0064228317
Complaints about drinking water quality,0.0016465175,0.004748738,0.047109243,0.00057875563,0.00055123604,0.0012498207,0.00036053092,0.00031021578,0.000648507,0.00013910569,0.00087629724,0.0031576895,5.816891e-05,0.00011536522,0.00014952208,0.0050516,0.00044603407,0.08598295,0.00013386131,0.82842004,0.072562955,0.5907484,0.14873761,0.21846546,0.0017829215,0.51957136,0.18033008,0.20181575,0.108881414,0.49572605,0.87823004,0.37882787,0.58187,0.0012383084,0.0012496003,0.00070599327,0.0001323456,0.00041603617,0.0001456111,0.0001244775,0.000109805536,0.00010692129,0.00010859246,0.00010692129,0.00011844682,0.00010692129,6.3197476e-05,0.00016394505,9.16806e-05,0.0006120085,0.90070415,0.01239364,0.15539622,0.009549331,0.00032383745,0.001741898,0.12176938,0.037506476,0.03811676,0.038315475,0.35456362,0.040713258,0.018430833,0.0041758562,0.00042666667,0.0096284915,0.01403371,0.022796204,0.86067206,0.9998081,0.0029033097,0.0004203963,0.0070794667,0.9060799,0.03125485,0.7327021,0.87810963,0.01848221,0.49684733,0.0029421593,0.0018172147,0.91092795,0.019852163,0.5504008,0.60701287,0.0004603992,0.0076873074
Condition of most of the toilets,0.0006865108,0.001052725,0.00039265596,0.0001101653,0.00021951133,0.0024343918,5.619674e-05,0.0007100165,0.00019610893,0.0004392665,0.00016179448,0.00071997324,9.1011614e-05,0.0048563504,0.0007276599,0.015042749,0.00087529595,0.007378111,0.00779171,0.0029651348,0.0012441924,0.0036315431,0.0004149128,0.00033294698,0.0011963058,0.00033294698,0.00043640964,0.00033639092,0.00033639092,0.0031420584,0.0031420584,0.0016757037,0.00033294698,0.0035423115,0.019019675,0.16326007,0.0038630648,0.0031755194,0.0009935886,0.0007235398,0.0007376876,0.00081302447,0.00059027394,0.0009061887,0.00073648995,0.0007387414,0.0007580352,0.0007505348,0.0009194249,0.0009361737,0.0031837483,0.03605437,0.0022499142,0.027270861,0.020773506,0.073661506,0.0063341195,0.0012841696,0.001712883,0.0016822859,0.0067302547,0.0018144089,0.0016983801,0.00044157085,0.0022340193,0.06951664,0.02536849,0.025990345,0.0037439587,0.0038168258,0.999746,0.2895318,0.01112954,0.0034502135,0.02205389,0.010243054,0.018376913,0.05667289,0.010675857,0.008861032,0.0629711,0.0034579309,0.008713105,0.0043793214,0.0044830297,0.03859908,0.011571455
# of functioning toilets,0.00025926923,0.0002123997,0.0001742372,0.035989136,0.00018904825,0.00017431736,0.0017107248,0.00045646002,0.0021706852,0.00011151884,0.0004661818,0.00038914062,8.260567e-05,0.06804484,0.026134463,0.000106160776,9.9995494e-05,0.0005319278,0.005534956,0.00071059086,0.00016873756,0.0009425424,0.000108001106,0.00013462607,0.0006214846,0.00014594941,0.00011034919,0.00013935543,0.00014133172,0.001058782,0.00077468995,0.00037706326,0.00012538726,0.0015931269,5.113833e-05,0.00065297296,0.34769973,0.14685601,0.7268517,0.624256,0.057010867,0.0839107,0.060019996,0.066732846,0.061656315,0.06669876,0.08160735,0.05981438,0.76246774,0.64797527,0.0004297758,0.00015628054,9.48517e-05,0.0009956053,0.0011421301,0.0006751971,0.00015900125,0.0008315063,0.00069902826,0.00071784266,0.000489322,0.0008188718,0.0007961495,0.007085525,0.00027795305,0.00080933806,0.0007464345,0.0015907454,0.0011511038,0.0019371161,0.26469356,0.9997892,0.0005586329,0.00053360383,0.007633701,0.00027697807,0.0044058743,0.005547479,0.0002171691,0.022262342,0.0037480902,0.001264906,0.00066839444,0.00029872055,0.0002837327,0.010436728,0.0028157595
Main garbage disposal,0.005974218,0.00084960554,0.0002085088,5.6981924e-05,0.001118841,0.0018343072,0.00014269099,0.0026887257,0.00021937594,0.003178097,0.0010994815,0.00094666454,0.00039859777,0.0005836322,0.00027622606,0.0296393,0.0014287286,0.107881285,0.025225138,0.00738808,0.0024362751,0.0054964637,0.005633178,0.005631244,0.124193415,0.0042449944,0.0057071224,0.003765653,0.0010336201,0.0069271047,0.005478411,0.0057180226,0.00044623928,0.119961895,0.015107161,0.011366169,0.00030569613,0.0007164391,0.000116317744,7.75623e-05,8.068602e-05,8.044037e-05,8.06115e-05,8.204357e-05,7.952658e-05,8.2524755e-05,0.00014343318,0.0001456472,0.0002094401,0.00021056797,0.008669867,0.38352996,0.007938461,0.120659925,0.0065636034,0.023850495,0.0030073635,0.0020382719,0.0021204362,0.0028592197,0.0028474065,0.002431242,0.0022886028,0.0005290371,0.017365688,0.007709491,0.016021607,0.061279252,0.0048640855,0.004426255,0.010785101,0.00047769424,0.99938595,0.12981434,0.058962114,0.0069881273,0.00565938,0.0036763335,0.005996964,0.10495869,0.06683249,0.0055261063,0.035661336,0.007418923,0.0059361486,0.013346899,0.036812562
Garbage and solid waste problem,0.0015682786,0.0039294367,0.01641642,0.0004038191,0.0005862186,0.0019539308,0.00056309067,0.0002872603,0.00083132955,0.00015419489,0.001205677,0.0054632127,7.548459e-05,7.094147e-05,0.00012834642,0.0027618776,0.004504059,0.1913606,0.00031911867,0.9805574,0.067300394,0.900288,0.9756602,0.80258965,0.0020678525,0.94380975,0.9727269,0.9428821,0.97236115,0.9578049,0.94862986,0.97915566,0.7573583,0.002090223,0.005040617,0.000524091,0.00070088485,0.00075471826,8.650898e-05,7.201377e-05,0.00020557364,0.00046942435,0.00021010582,0.0004759683,0.00020596581,0.00047637828,0.0002550159,0.00022397845,0.00054232264,0.00048307262,0.98586166,0.004592263,0.2877644,0.0039899084,0.00044761456,0.003499203,0.23096013,0.006649699,0.0066101663,0.02366771,0.17343949,0.0063305683,0.013027323,0.00067629677,0.00016611804,0.00085676654,0.0012261136,0.0012882914,0.9746622,0.9007453,0.002849109,0.00072310213,0.13215962,0.99980783,0.05716813,0.98879206,0.9863984,0.25528967,0.9204591,0.0030486356,0.0013078158,0.96060693,0.046843857,0.9286356,0.9567835,0.000766065,0.006394294
Availability of hand-washing station,0.0005361724,0.0004936581,0.0002468251,0.00010694611,0.0002458698,0.0009388309,7.488664e-05,0.010017008,8.862659e-05,0.001733044,7.46176e-05,0.00034299967,0.000286139,0.00096576737,0.00064201467,0.01310687,0.0014864277,0.016005885,0.002431759,0.048912093,0.55746335,0.022201143,0.057042025,0.007343459,0.011202364,0.042337008,0.0019467549,0.005182497,0.006123998,0.0064635077,0.04421156,0.0447688,0.0054826015,0.00839146,0.059912503,0.009813994,0.0019307032,0.0024764838,0.00026899745,0.00016909049,0.00016316953,0.00016938627,0.00016243417,0.00016280204,0.00016793275,0.00016280204,0.00016280204,0.00020868635,0.00028029596,0.0014666368,0.04281052,0.031516496,0.2836176,0.023091603,0.003924203,0.014665304,0.30489385,0.01894623,0.0072659324,0.006177721,0.22484323,0.03335385,0.007720337,0.0016933184,0.020402713,0.020929007,0.0009917329,0.16913582,0.0044395877,0.07624855,0.028521346,0.0037606622,0.045165993,0.059033226,0.997139,0.026315369,0.057637267,0.0036147959,0.0061879884,0.063840844,0.020303065,0.060743667,0.027002802,0.0046620145,0.0060709575,0.041623022,0.12860072
Hygiene promotion campaign,0.0016658308,0.0039060297,0.009472515,0.00039236184,0.00055304874,0.0015164763,0.00039260872,0.00030497892,0.0006305464,0.00015443444,0.00072058645,0.005253484,8.306716e-05,7.392839e-05,0.00014087954,0.031538278,0.003852884,0.12773484,0.00030701197,0.9903697,0.03480005,0.95063853,0.9710703,0.79253197,0.0021105297,0.979311,0.96841735,0.92475075,0.8862147,0.9690616,0.9821042,0.97910756,0.80089,0.0033184513,0.0008570774,0.00055393757,0.0005895824,0.0006943929,0.000121462734,0.000103130544,0.0002507754,0.0003366495,0.0002346493,0.00046640987,0.00027555486,0.0004811397,0.00046837423,0.00037359993,0.0011920497,0.00071624044,0.9688263,0.004996392,0.21243064,0.003201447,0.0005104892,0.004081703,0.21600774,0.0066293604,0.006606318,0.004842687,0.16085428,0.005667917,0.00470725,0.0006969266,0.00051196455,0.0021641932,0.0010441946,0.0012103083,0.9099119,0.94833016,0.0073207906,0.0010345456,0.0070302077,0.9893872,0.06379496,0.99979633,0.9935977,0.15912928,0.90124595,0.0032803386,0.0012034979,0.9868746,0.011545785,0.95852345,0.9124908,0.002179652,0.0062797703
Evidence of open defecation,0.0016446806,0.0045771822,0.045812003,0.00044544705,0.00058409927,0.00144592,0.00041823243,0.00030924723,0.0006394732,0.00010871152,0.0008767519,0.005452198,5.7593992e-05,7.739332e-05,0.00013258168,0.0029803254,0.0006492483,0.23130637,0.00014876778,0.93751925,0.034377992,0.6548492,0.5411119,0.5698626,0.0023397647,0.68025655,0.31904128,0.39490458,0.41934085,0.8630145,0.9692443,0.9285855,0.7960903,0.0024266844,0.0008267136,0.0015073689,0.0010131787,0.0010557467,8.3258186e-05,0.00011626242,0.0003601646,0.0002568184,0.0002795564,0.00019297161,0.0001757102,0.00022736473,0.00038194857,0.0004869562,0.00085202977,0.0006756363,0.9668159,0.005772894,0.024090143,0.0036253869,0.00046432373,0.0024864757,0.121097334,0.0048774374,0.004302199,0.005798392,0.09072807,0.005100814,0.004468958,0.0006239609,0.00041309895,0.0026526023,0.0011929276,0.0014030536,0.6537471,0.9801227,0.012465289,0.0032493803,0.005734489,0.9656847,0.05475019,0.9713627,0.99978346,0.14798804,0.6659176,0.008478583,0.0012342526,0.97804135,0.008647496,0.61699975,0.54292077,0.005273072,0.014502238
Access to food,0.0006691042,0.0035596034,0.007987278,0.00016788224,0.00025778118,0.0073253964,0.0003924776,0.002815614,0.00075387734,0.00026172306,0.00066937535,0.0028081448,9.961841e-05,0.0040841643,0.005943475,0.04879229,0.0016664573,0.017275073,0.029668333,0.07593865,0.037205543,0.33481848,0.4468979,0.39886817,0.004360446,0.5090175,0.589338,0.095269546,0.6775069,0.44451424,0.5124408,0.4957097,0.47306085,0.0047787596,0.034460746,0.0016950963,0.0030521248,0.0059114606,0.0016821811,0.0010093441,0.0043042046,0.0031743012,0.0042123925,0.0041161957,0.0042227306,0.0041580377,0.0029870379,0.000911693,0.0011943914,0.0017945474,0.09478956,0.004473851,0.050562736,0.0074414914,0.0064093894,0.004788918,0.002028449,0.0005680652,0.00077122427,0.0012137056,0.06286145,0.089195624,0.00083791604,0.00060895947,0.0052307374,0.0024325724,0.0011972133,0.00469321,0.4875575,0.19297147,0.009112121,0.006147797,0.001233971,0.43128175,0.00867946,0.51781493,0.52683705,0.999397,0.55677634,0.014727682,0.021211121,0.5445023,0.10612126,0.44262362,0.5667979,0.00021234633,0.0069382014
Access to market near from the site,0.0021226443,0.008414151,0.13800211,0.00028258876,0.00075159984,0.0011654297,0.0007519223,0.0002446823,0.00087580166,0.000169115,0.0012996377,0.008874167,7.474318e-05,0.00013142829,0.00012354896,0.028558973,0.0005331903,0.23084669,0.0008252306,0.94740087,0.0026070627,0.9864396,0.7093569,0.47539207,0.00188144,0.7689618,0.9327255,0.47433457,0.6960766,0.8980804,0.6409687,0.5253965,0.0913949,0.0028698752,0.0015853839,0.00071727304,0.00042189183,0.0006551005,7.907483e-05,6.3898675e-05,6.465432e-05,9.9039484e-05,6.465432e-05,9.9039484e-05,6.386714e-05,6.465432e-05,0.00010904106,0.00029286928,0.00012869506,0.0002580678,0.70134145,0.014519649,0.05750161,0.002764607,0.00084694364,0.0022325646,0.024091017,0.020927465,0.04229649,0.04065645,0.18460213,0.08822152,0.05453228,0.0037677884,0.0009189376,0.004792888,0.0012662081,0.0026860242,0.98239756,0.42966452,0.009510847,0.00022703764,0.006617054,0.93454844,0.0039700815,0.9807311,0.9295535,0.20224705,0.9998019,0.004005877,0.00162269,0.93157804,0.019052083,0.98948437,0.9932777,0.00053766376,0.0064946907
Frequency of food distribution,0.00046050272,0.0019133522,0.0010969243,9.472094e-05,0.0003232157,0.0022641202,8.7711276e-05,0.013341956,0.00036161212,0.0014387121,0.0002470608,0.0008899621,0.00013468391,0.003134698,0.0018075837,0.002757555,0.0011813221,0.07852788,0.00079844386,0.00075361907,0.003960537,0.009943767,0.00041980596,0.00043645754,0.21882424,0.0004393932,0.0027344117,0.0017729935,0.012619341,0.0031606785,0.0032890518,0.004861269,0.00044216102,0.015601052,0.0010146964,0.0084538525,0.003972845,0.0014075616,6.138334e-05,0.00031894245,0.00032708372,0.0003546747,0.00032708372,0.0003831701,0.0003032523,0.00033344925,0.00044514076,0.00040923967,0.00032047566,0.00030806445,0.0049659153,0.0706972,0.011639651,0.043782108,0.0034918126,0.021560583,0.0017411371,0.0016378667,0.0017231132,0.0022736313,0.0011221892,0.0029961197,0.002994018,0.00069786835,0.0035736281,0.0018792467,0.0040108752,0.0274745,0.0057143793,0.00541561,0.05037824,0.0073302938,0.13683973,0.004644525,0.28823695,0.004900831,0.011745977,0.19784836,0.0049499813,0.9986227,0.04508721,0.01059699,0.0021992093,0.0046599577,0.0070075192,0.012438058,0.1305949
Most common source for obtaining food,0.00015228118,0.00015624402,0.00017900915,4.914983e-05,0.0001451408,0.0014432449,4.6616427e-05,0.00785824,4.2824096e-05,0.0073258844,6.8128575e-05,8.060917e-05,0.006073585,0.00026384293,0.001536733,0.00037016807,0.002484272,0.00084638287,0.0057444167,0.0003617352,0.0016713643,0.00067141064,0.00016777539,0.0003170126,0.0609941,0.00013500357,0.0005626416,0.00013535129,0.0013436349,0.00053899555,0.0005349538,0.0006634668,0.00013553855,0.0889175,0.0036411458,0.22625534,0.0013611363,0.0010288089,0.00010317598,0.00020039425,0.00020665934,0.00021727872,0.00020634504,0.00020887409,0.00020552942,0.00020887409,0.00020887409,0.00021259015,0.00011004406,0.00010991189,0.00046950925,0.04442257,0.0003204515,0.005658277,0.05203709,0.012473758,0.0015947417,0.0005575019,0.0015714393,0.001496826,0.0014781097,0.0028802566,0.0021462864,0.00026355434,0.15570742,0.011358853,0.2935856,0.016081735,0.001034939,0.0010781694,0.027049681,0.0017248909,0.174933,0.00077801,0.07873988,0.0009885753,0.0007758871,0.016492316,0.00095767825,0.15029876,0.998518,0.0033995635,0.018138831,0.00095832517,0.00093460403,0.008148788,0.015443791
Screening for malnutrition,0.0015358644,0.017035991,0.047199126,0.00039758882,0.0005509349,0.0015842601,0.0004493913,0.00035022513,0.00063249964,0.00012922366,0.0008141931,0.0028636954,5.8254074e-05,7.3838826e-05,0.00015588381,0.021793984,0.00063989876,0.12541613,0.00024737252,0.96848536,0.0345559,0.86862737,0.92938405,0.9424415,0.0023808025,0.9841247,0.95688796,0.88448393,0.97535956,0.93432885,0.9662177,0.98167235,0.94316536,0.002425453,0.0007988805,0.00037405675,0.00064042764,0.0008895786,7.439967e-05,6.947771e-05,0.00023918776,0.0002465572,0.00023683674,0.0004754167,0.000267969,0.0004769082,0.00028271604,0.00024932076,0.0012075603,0.00068765937,0.9636379,0.020049205,0.2998002,0.0036152273,0.0004916606,0.004098379,0.22161931,0.0049352767,0.006707526,0.005203282,0.10016491,0.0051965835,0.004635988,0.0005171029,0.0007909513,0.0007958432,0.0027021172,0.0013158744,0.8941813,0.97728467,0.00714185,0.002694134,0.0055648205,0.9594451,0.058358006,0.97626543,0.99349135,0.20104633,0.8482799,0.007084439,0.0051891846,0.99979633,0.010150566,0.8490573,0.7545572,0.0010953071,0.0068630315
Most health problem,0.0020616895,0.0120239705,0.0061906134,8.284605e-05,0.0006696568,0.12678783,0.0005222476,0.0044651995,0.0013697915,0.00048194153,0.0004939468,0.0068054036,0.00019283008,0.0004448746,0.0002926661,0.24672785,0.0054756454,0.08804249,0.004294576,0.012998891,0.018519629,0.019608509,0.013413634,0.005367442,0.026018893,0.0931396,0.0095224595,0.0016152851,0.008741703,0.009834433,0.008969781,0.01359245,0.007340972,0.028300349,0.00022073244,0.013022608,0.0009932332,0.00035236878,0.00015105352,0.00027184343,0.00068204605,0.0002360942,0.00051812443,0.0006733627,0.0005362294,0.0006733627,0.00019026696,0.00018872201,0.00042528074,0.00041642494,0.013294087,0.007462118,0.06219421,0.011214977,0.002828539,0.019859632,0.0074689253,0.022803439,0.015562689,0.015981281,0.015314092,0.02158321,0.016130686,0.002211022,0.018806687,0.0003592648,0.0045227893,0.01104695,0.05078843,0.042380244,0.028835295,0.0010571735,0.08888146,0.06293903,0.03290975,0.016936602,0.008623916,0.04639562,0.008464331,0.0017682492,0.027898267,0.013480461,0.9997964,0.012300675,0.17416108,0.012172871,0.17543004
Regular access to medicine,0.0015682786,0.0031823232,0.10002117,0.00025667658,0.0005862186,0.0019315629,0.00037887957,0.00028792393,0.0007467784,0.00016424082,0.0011637511,0.0038857074,7.548459e-05,6.607675e-05,0.00015538068,0.0034462921,0.0006390181,0.11040332,0.00010538712,0.96870536,0.01698732,0.9852732,0.88241124,0.88020617,0.0026659851,0.9835652,0.97286826,0.87719774,0.9165671,0.9790165,0.94924575,0.96813565,0.74756926,0.0022044173,0.0012186612,0.00048088818,0.00068972574,0.0011623423,7.460657e-05,6.908499e-05,0.00017802711,0.0005063785,0.00020677829,0.00049884454,0.00010888887,0.0004812089,0.00033910456,0.0003308778,0.0005817905,0.00062718056,0.96334887,0.0052771177,0.07260207,0.0045041055,0.0021027583,0.0055179014,0.1310919,0.008311241,0.008739778,0.0037079367,0.07878239,0.0164645,0.0061522853,0.00055350625,0.00079119345,0.0008413198,0.001143303,0.0012306283,0.9752658,0.7282396,0.0029168094,0.00043535608,0.008058542,0.9687628,0.040507264,0.989279,0.9854158,0.36871767,0.9908087,0.0032570264,0.0012128077,0.9905553,0.00785962,0.99980927,0.99373174,0.0010622559,0.013414786
Access to health facility,0.0017109029,0.008036563,0.08371561,0.00027708436,0.0005866347,0.0016869827,0.0007478283,0.00023135399,0.0005530538,0.00016036225,0.001437906,0.005344187,8.117805e-05,0.00012619613,8.2485174e-05,0.020600345,0.0030054096,0.24257816,0.0003308365,0.95128214,0.011092705,0.9926337,0.972514,0.9198219,0.0026621204,0.9675562,0.986326,0.6176523,0.76254344,0.95209575,0.7576711,0.9038253,0.62808985,0.0032539566,0.001563971,0.00066740747,0.0006691402,0.0010358426,7.907483e-05,6.3898675e-05,0.00017975627,0.00037986878,0.0001685878,0.0002797643,0.0001775815,0.0002305296,0.0004118345,0.00036912077,0.00016219498,0.00030598423,0.7533427,0.014486218,0.10043119,0.0029844786,0.0026111635,0.003005626,0.024167368,0.047509,0.05576052,0.057116352,0.16664554,0.081647396,0.052856278,0.003729917,0.00056204497,0.0011501783,0.0012267448,0.0020913358,0.9890621,0.52471775,0.0034216056,0.0003000575,0.0066283313,0.9631787,0.0049580284,0.9835198,0.97803426,0.3629193,0.9934717,0.00411484,0.0015655821,0.96854436,0.12625399,0.9958536,0.99980086,0.043220513,0.064318426
Location of health facilities,0.00995986,0.00055821467,0.00035111245,0.00014122862,0.0037549068,0.00025497287,0.00041265803,0.0002985273,9.330505e-05,0.0002539213,0.0003798582,0.0017370825,0.0004689531,0.000766831,0.00043792298,0.0014786707,0.002835739,0.019052772,0.00096211967,0.0008352717,0.0012790911,0.002927804,0.0002560661,0.00020541946,0.0021461952,0.0021886178,0.00064301223,0.00022183839,0.00025015278,0.0033807338,0.0023755927,0.00067077647,0.0005647054,0.0045033502,0.013536629,0.0018077396,0.00036564143,0.00096487877,9.3303825e-05,8.084225e-05,8.211628e-05,9.8727534e-05,8.070683e-05,9.846082e-05,8.1241444e-05,8.332769e-05,0.00010159248,0.00010088758,0.00013277796,0.00013131744,0.0008753467,0.007845792,0.0030242272,0.025985595,0.004097847,0.008174382,0.010210258,0.009455049,0.008642582,0.009698639,0.008623921,0.027243424,0.009494266,0.0006564708,0.0031169301,0.310161,0.0034599744,0.0041391007,0.0013037876,0.0014323512,0.02912903,0.00073828147,0.0043075276,0.0008528404,0.018729629,0.0021514161,0.0035224247,0.0013279783,0.0017428411,0.004528872,0.0091164205,0.0013414082,0.0013829635,0.0011081609,0.072078615,0.9996711,0.045472283
Main provider of health facilities,0.00032977172,0.00035614197,0.00036926003,6.466505e-05,0.00019967447,0.001533533,9.60324e-05,0.0053581838,0.00014464541,0.0027090558,0.0006122582,0.00039047675,0.0003158787,0.0005541377,0.00011907832,0.0027689105,0.002166335,0.026436238,0.00056142075,0.007866609,0.012642242,0.006520063,0.0009821038,0.001565627,0.18241592,0.020799065,0.0015506569,0.0009815069,0.0009227249,0.0063512134,0.0051024733,0.0048251073,0.0016184093,0.057280652,0.0071986173,0.0019378545,0.007940705,0.015247113,4.060817e-05,0.00019868062,0.00020918186,0.00023472139,0.00020215636,0.0002288651,0.00019620072,0.00022294192,0.00028074143,0.00027967786,0.000103088736,0.00027399178,0.00591071,0.06133516,0.011164715,0.05553394,0.002767233,0.02545175,0.0018489317,0.0010525603,0.0010764878,0.001092366,0.0011242835,0.009953127,0.0011536326,0.00049537554,0.034643948,0.006748162,0.018231384,0.009686621,0.007973328,0.005850339,0.017731637,0.0024727336,0.08026414,0.009314265,0.33149132,0.006687047,0.01337839,0.0058952034,0.0065369965,0.23037659,0.021385772,0.0065616374,0.24365631,0.015776541,0.08829996,0.16315931,0.99925786
Access to education services,0.0017767724,0.0076540303,0.09564885,0.0002978187,0.0005949909,0.007173425,0.000738956,0.000246799,0.0005530538,0.00014769765,0.0010032617,0.0055391765,4.9686267e-05,0.0001051093,0.000100217396,0.111641586,0.0006242173,0.425225,0.00059101195,0.937483,0.0015043978,0.9848659,0.88954896,0.8647411,0.0023838663,0.8948504,0.94957334,0.48565003,0.57704127,0.9675397,0.96382385,0.90769553,0.65227103,0.0052888254,0.0015270745,0.00071624096,0.002396551,0.0019944576,0.00029683026,0.00020881799,0.00020739992,0.00025959584,0.00020772974,0.00026011522,0.00020561885,0.00021522483,0.00035251258,0.0003782277,0.0003360398,0.0016570413,0.72903997,0.01621036,0.038301222,0.0036254872,0.001948118,0.0028185737,0.010008716,0.045587737,0.050464638,0.036446337,0.15700065,0.08340326,0.026253507,0.0024945978,0.00076285907,0.005942532,0.0013048764,0.0018746277,0.98345226,0.5321979,0.008664268,0.001171981,0.003906478,0.9367001,0.005617018,0.9678506,0.96483845,0.28687403,0.98895895,0.0032256665,0.001166333,0.93804026,0.010425778,0.9924816,0.9921533,0.0019649644,0.0063564503
Location of education facilities,0.00047197402,0.005685193,0.005861809,8.205511e-05,0.00022850271,0.015766172,0.00030849746,0.0035401175,0.00044859858,0.00050397543,0.00033825779,0.0023915954,8.890895e-05,0.00082953693,0.0014571457,0.010801179,0.0013511755,0.032974478,0.0006691842,0.0066808234,0.00032620365,0.018501787,0.0007276531,0.0007349847,0.0060864794,0.00075777667,0.0010595003,0.00074676116,0.000748981,0.0077819326,0.09331637,0.0054315915,0.0007807499,0.012604617,0.0012136095,0.0029071842,0.0009819414,0.0009244336,0.00028388348,0.00014226814,0.00019959113,0.00026044348,0.0001976916,0.0005474984,0.00019355344,0.00020403307,0.0001416193,0.00014123658,0.00031284028,0.0003404941,0.0072179926,0.011231849,0.010425817,0.0017110945,0.0025462306,0.0035161406,0.011144043,0.013247104,0.012417079,0.012261982,0.009750378,0.05678439,0.012129502,0.0012759317,0.0024206056,0.0033809205,0.0030330885,0.025573794,0.022916868,0.036091395,0.11797764,0.0049034506,0.02967563,0.0101283705,0.16685893,0.023316115,0.034296785,0.054145943,0.008033924,0.064114735,0.022460783,0.008088108,0.059256077,0.00552195,0.02981119,0.016488452,0.14250132
% of children attending school,0.0003934153,0.00059394795,0.00029510475,0.0037597835,0.0002813291,0.00082367804,0.010387402,9.6179036e-05,0.0015172596,9.844665e-05,0.00026438068,0.00048015424,5.1207124e-05,0.012637334,0.006919213,0.0015132583,0.00041019623,0.000687937,9.529071e-05,0.0005271071,0.00015057091,0.002928418,0.00022316728,0.0002541767,0.00017167827,0.00037726611,0.00039830673,0.00022316728,0.00022335017,0.0005119202,0.0006889917,0.00056982593,0.00023551547,0.00014162394,0.00038374733,0.00033804652,0.015842082,0.01243778,0.0032389828,0.0027398425,0.0016098742,0.0016907669,0.0016144497,0.0016740763,0.0015567541,0.001614568,0.0028860788,0.0026936103,0.028631154,0.04092452,0.0005935933,0.0045831637,0.001160426,0.0065088063,0.00017299736,0.0002480374,0.0036963308,0.059696916,0.04822469,0.056553032,0.0038321335,0.31060565,0.13384269,0.99501467,0.00021375007,0.0010593674,0.00011454528,0.0027831623,0.0038981552,0.0049742,0.0005126496,0.02830403,0.0005507617,0.00061371113,0.0024430787,0.0005507405,0.0021675106,0.00013682201,0.002240739,0.00073263753,0.00016041896,0.00080194394,0.0026709412,0.0028909338,0.0034664515,0.0010355447,0.0002849462
Occupation of majority of IDPs,0.0005655247,0.00041790452,0.0003813451,4.667798e-05,0.0002481739,0.0042743683,9.521101e-05,0.021281486,0.00017008251,0.0054405867,0.00016345343,0.00021563901,0.00052492897,0.00095358683,0.0010991045,0.0028283778,0.0015991533,0.015818387,0.0010438054,0.0017731393,0.0016624056,0.004514106,0.00035120678,0.001068455,0.025230706,0.00078634237,0.00039218026,0.00074686785,0.0010699695,0.002140926,0.003319554,0.00161402,0.00034907463,0.014462391,0.025586495,0.035866413,0.0018788587,0.00611939,0.0001050555,0.00022664937,0.00016919781,0.00017285903,0.00015367813,0.00017446063,5.9431884e-05,0.0001715123,0.00020854374,0.00069988286,0.00020652481,0.00031817064,0.0048579243,0.2761417,0.0027435592,0.009478499,0.013081764,0.0043647257,0.0014241802,0.00052698475,0.00067718903,0.0005806822,0.00024787104,0.004799607,0.0033040883,0.00020999556,0.056891758,0.011795997,0.049891908,0.030101113,0.0013158257,0.0020579807,0.06681324,0.0105782235,0.08634321,0.0017528258,0.18027128,0.00450054,0.008211682,0.023552874,0.0022940282,0.30027622,0.13469848,0.0031139767,0.0036360817,0.0019057292,0.0021813998,0.0054133646,0.05448428
# of HH with source of income,0.00020288992,0.00031382483,0.00069181673,0.4277874,0.00027927142,0.00017996604,0.004002267,7.4261436e-05,0.001427757,8.83637e-05,0.00076261593,0.00058934407,0.00013078241,0.051326115,0.03978887,0.00010120659,0.00010581429,0.00062503904,0.00067763845,0.0011322225,7.2633804e-05,0.00052700855,0.0011280237,0.00013741461,0.00017391966,0.0013895178,0.0006920854,0.0006007886,0.00018795807,0.00066448457,0.0001924565,0.000681114,0.0001396185,0.00044754468,3.2968877e-05,0.0008270904,0.3544657,0.07591982,0.85255015,0.81819236,0.06032052,0.054543395,0.06721526,0.04960504,0.055214006,0.03615071,0.05762327,0.08635124,0.7785752,0.9715399,0.000823307,0.00024458673,0.00021641298,0.0003857288,0.000641127,0.00036093828,0.00053614343,0.005765257,0.0014402015,0.0039810603,0.0034818647,0.00226374,0.00273265,0.046299547,0.00020638417,0.0022826595,0.0022018265,0.0037404425,0.0013327835,0.004105028,0.015103628,0.97594506,0.0010194056,0.00129236,0.009448536,0.00070661335,0.0030290082,0.005941007,0.0007764605,0.0018290632,0.007385604,0.0010143241,0.00071831205,0.000677484,0.0006028197,0.0035044476,0.0019387285
Access to income generating activities,0.0016291623,0.004045693,0.02610106,0.00028348799,0.0005616064,0.0069112056,0.0004932749,0.000242544,0.00055651896,0.00014741844,0.000677329,0.0051522036,4.6081183e-05,0.00010292783,6.0165494e-05,0.0697117,0.0006048854,0.26855242,0.00020043623,0.9494499,0.0014798767,0.9894042,0.6907263,0.49248058,0.0019468325,0.56197464,0.787317,0.48121,0.7720449,0.7565274,0.856584,0.63132656,0.09517751,0.0021923052,0.0003248927,0.00067703635,0.0005142861,0.002591096,0.00030684142,0.00020490355,0.00022371275,0.00019967467,0.00020680275,0.00018614062,0.00023918899,0.00020792782,0.0003610332,0.00057603576,0.00024465515,0.0005211531,0.79635006,0.01750315,0.027436124,0.0046653966,0.0010192195,0.0019491717,0.013352342,0.04874942,0.056330185,0.03914301,0.16831918,0.103018954,0.057795208,0.0041626235,0.00046509414,0.0013261578,0.0010773921,0.0018364466,0.9685223,0.47431177,0.0028225137,0.0012026642,0.0069708102,0.95712566,0.0038632446,0.96622664,0.94015753,0.20882422,0.9925504,0.004354384,0.0018499837,0.9399504,0.010205591,0.9894824,0.99349177,0.0005513802,0.014885698
Livestock on site,0.0032697353,0.03329148,0.15305415,0.00072062813,0.00057974894,0.0037681316,0.0007663162,0.00024006837,0.00074391236,0.00014716247,0.0008477088,0.023777394,0.00012153949,0.00056013605,0.00025465272,0.08551486,0.0059517585,0.36076665,0.0007852637,0.9459699,0.011058998,0.98377144,0.9475255,0.88873726,0.0020687466,0.86113185,0.9802902,0.8894023,0.96195745,0.9467337,0.7964514,0.95270056,0.5491468,0.0021558667,0.002891617,0.00072755606,0.0006761341,0.0011165238,8.2061684e-05,6.669803e-05,6.454199e-05,0.00026855475,0.0001369217,0.00040833923,0.00013380036,0.0002693227,0.000170684,0.00017577696,0.0002023726,0.0003817023,0.6129579,0.014146895,0.057457086,0.0029329755,0.0006714395,0.0018376935,0.026012493,0.03408643,0.061538167,0.042626604,0.06721925,0.03489243,0.055718206,0.0035230487,0.00059820525,0.0042200503,0.0009933191,0.00047870813,0.96748585,0.3366818,0.003624182,0.00031406866,0.0050847684,0.91658103,0.0031050334,0.96413183,0.9307705,0.22357078,0.9897795,0.0040372014,0.0016861084,0.9261026,0.018930797,0.9635585,0.9698034,0.00057644,0.004262387
IDPs have access to land for cultivation,0.0015682786,0.005433851,0.03219944,0.0002577197,0.00055304874,0.0017440334,0.000502937,0.00023825272,0.00090294576,0.00013694633,0.0013259421,0.0037081945,5.9791848e-05,9.283041e-05,0.00016089636,0.0027069657,0.0006358246,0.1487659,0.00014972793,0.9441941,0.0018565,0.9843315,0.76898694,0.66484797,0.0020963904,0.8698076,0.96902734,0.8474611,0.8943491,0.98102975,0.81958747,0.9456685,0.23667212,0.0033547212,0.0032748308,0.00041276583,0.00023159094,0.00072386797,6.97285e-05,5.7544345e-05,0.000111083624,0.00020516514,0.00011398082,0.0001774077,8.436732e-05,0.00010703014,0.00013990601,0.00017671491,7.5555574e-05,7.620172e-05,0.77806896,0.005685991,0.071204886,0.0020054467,0.0007847184,0.0020056851,0.023723517,0.0045204526,0.00699493,0.0073987404,0.05360774,0.018065587,0.013209887,0.00095497794,0.00053275493,0.0009002357,0.0012139988,0.0012487232,0.9593963,0.3444289,0.002354547,0.00020360746,0.0030674438,0.96831685,0.014903457,0.969902,0.97664183,0.19761278,0.9936488,0.0041317525,0.001556005,0.9712021,0.006003459,0.98574567,0.99134415,0.0007998937,0.006171852
Most trusted source of Info,0.00013207486,0.00067493715,0.00044706877,0.000104026614,0.00012762833,0.0008608926,6.6785455e-05,0.0014970807,0.00017800505,0.0008452555,0.00012891438,0.00025012842,0.0004835148,0.0009001157,0.0008816606,0.007297832,0.0039094617,0.0019530407,0.06903628,0.0010324058,0.0012554802,0.00084714167,0.00035008288,0.0003442227,0.005381366,0.000336788,0.0010058722,0.00035073014,0.0010242447,0.0009997798,0.0010278526,0.0010283147,0.00060625933,0.0061705415,0.008359832,0.32804427,0.0012952677,0.0032528813,0.00010672041,0.00018978294,0.0004584037,0.00015289862,0.00018934012,0.00015188706,0.00017462012,0.00018731595,0.00018949679,0.00019061932,0.00023340403,0.00025066535,0.0008895229,0.005159021,0.0015435531,0.014608109,0.15661547,0.05490652,0.00026736147,0.00028033037,0.00026893002,0.0002674827,0.00034625974,0.00032727173,0.00024981628,0.00019090888,0.022196766,0.0059544365,0.18968509,0.0016062432,0.0010202671,0.0010310074,0.24558015,0.0013887441,0.011069997,0.0009987565,0.0015983678,0.0010240847,0.0031077717,0.00576837,0.0010783355,0.0076124854,0.30504295,0.0010662379,0.018952928,0.0010781853,0.001003822,0.0035032735,0.010314133
Main topic community is requesting info,0.00067538855,0.0002155446,0.00058376766,5.9594444e-05,0.00075576466,0.0010065406,7.102695e-05,0.0036781793,9.0545e-05,0.0030043416,7.709741e-05,0.00022709246,0.0029525827,0.00033804192,0.0006826424,0.0011024484,0.0032575494,0.00040085465,0.0024587405,0.00034710363,0.0027155287,0.0007507574,0.00016210138,0.0001496674,0.0994397,0.00014484557,0.00015957975,0.00015144897,0.00015350769,0.00033844216,0.00030898117,0.00015382456,0.00013177465,0.08681899,0.0055814646,0.0420684,0.0002944331,0.00035037755,7.1804694e-05,0.0001538118,0.00013144678,0.0001333645,0.00012407391,0.00017304871,0.00016660841,0.00017800748,0.00016139584,0.00016139584,0.00010324062,0.00010475883,0.00040444557,0.012802696,0.00042135007,0.008380749,0.042944096,0.026596252,0.0006353629,0.0007667884,0.0012790564,0.0010126097,0.0007114201,0.0005940956,0.0007011913,0.00019806925,0.016471809,0.0018759881,0.08088537,0.0021288483,0.0008423286,0.0017367924,0.013419233,0.000647354,0.011510522,0.00029838824,0.021194061,0.0006437681,0.00048807843,0.003208276,0.0008044979,0.056448262,0.46221942,0.0004940413,0.009490736,0.0008202721,0.0007682651,0.004535745,0.021831293
Serious problem due to lack information,0.0005825202,0.008115625,0.009401679,0.00057875563,0.0007487018,0.0017535686,0.00041849536,0.00030253496,0.0010521123,0.00016172513,0.00081466435,0.0055352063,6.5067085e-05,8.4344494e-05,0.00013419491,0.004454699,0.00083227694,0.21272558,0.00015167291,0.91712624,0.036966242,0.7175036,0.09101966,0.44555405,0.0029020803,0.61275095,0.5672485,0.27270183,0.099474356,0.68751335,0.90738916,0.86815715,0.5821058,0.0020299174,0.00018736499,0.00048173656,0.0003370541,0.0011141018,0.00011963722,0.00013293173,0.00011259725,0.00013337548,0.00011259725,0.00010165253,0.00014597151,0.00014140012,0.00012869603,8.2562314e-05,0.00043135832,0.00044805976,0.968638,0.017642973,0.14216368,0.001471525,0.0004934191,0.0019274483,0.11307172,0.0059806486,0.021753816,0.01606707,0.09464599,0.023060342,0.019550629,0.0030385777,0.0005841078,0.002079722,0.0008995541,0.0015083,0.44862172,0.9884003,0.008842931,0.00047768236,0.006106189,0.94525623,0.041744754,0.6587136,0.9492349,0.19887716,0.60715884,0.0035838373,0.0012200406,0.86923194,0.013395939,0.5924709,0.613059,0.0005141132,0.007953937
