,Snapshot date,Country,Country Code,DTM Round,State,State_Pcode,LGA,LGA Pcode,Ward,CODs_Ward_Pcode,SiteID,Site Name,Longitude,Latitude,Site Status,Site Type,Site Classification,Site Area,Site Management Agency,SMA Type,Registration Activity,WASH Support,CCCM Support,CCCM_Organization,HEALTH Support,SHELTER Support,NFI Support ,FOOD Support,PROTECTION Support,EDUCATION Support,LIVELIHOOD Support,PSS SUPPORT,PSS_ORGANIZATION,Land Ownership,Most Common Type of Shelter,Number of Households,Number of Individuals,Boys (<1),Girls (<1),Boys (1 - 5 y),Girls (1 - 5 y),Boys (6 - 17 y),Girls (6 - 17 y),Men (18 - 59 y),Women (18 - 59 y),(Elderly men 60+ y),(Elderly women 60+ y),Have IDPs been displaced previously,Reason for displacement of Majority,Natural Hazard Risks,Intended Area of Return,Reasons to Return Home,Reasons NOT to Return Home,% HH living outside (no shelter),% HH living in EmS,% HH living in makeshift/self-made shelter,% HH living indoors (solid walls),% HH have access to electricity,% HH have access to safe cooking facilities,% HH have private living area,% HH have mosquito nets,Most needed NFI,Location of site main water source,Main drinking water source,Avg amount of water available /day/person,Is drinking water potable,Complaints about drinking water quality,Condition of most of the toilets,# of functioning toilets,Main garbage disposal,Garbage and solid waste problem,Availability of hand-washing station,Hygiene promotion campaign,Evidence of open defecation,Access to food,Access to market near from the site,Frequency of food distribution,Most common source for obtaining food,Screening for malnutrition,Most health problem,Regular access to medicine,Access to health facility,Location of health facilities,Main provider of health facilities,Access to education services,Location of education facilities,% of children attending school,Occupation of majority of IDPs,# of HH with source of income,Access to income generating activities,Livestock on site,IDPs have access to land for cultivation,Most trusted source of Info,Main topic community is requesting info,Serious problem due to lack information
Snapshot Date,0.99980086,0.00422255,0.011891464,0.0015506747,0.0034473008,0.0056675295,0.00013452089,0.002893771,6.3182044e-05,0.003955105,0.11119539,0.00020870601,0.0015443416,0.0015866909,0.00843596,0.0019869853,0.0056398343,0.0070705996,0.0024963766,0.0005915153,0.0032402875,0.0026087586,0.0023812344,0.0014057157,0.0023905542,0.002566335,0.0018220776,0.0023370404,0.0024904665,0.0023490007,0.0022962876,0.0024391767,0.0025941802,0.012081345,0.0015040808,0.0032885266,0.0018758664,0.0001819816,0.00018366102,0.00017957382,0.00018601688,0.00023112514,0.00018632814,0.00023723498,0.00023487725,0.00027010654,0.00027010654,0.0030271257,0.0034102362,0.007357037,0.015708148,0.002537317,0.005218605,0.0023139818,0.002031487,0.0022055698,0.0020264452,0.0015635118,0.00028333676,0.0045460844,0.00039495685,0.0005272059,0.017574877,0.0013077987,0.0012142536,0.0026372767,0.0023350294,0.0007574233,0.0002635812,0.0036868406,0.0022148232,0.0005913608,0.0022148232,0.0021724445,0.00047238116,0.0030757484,0.00046371526,0.00029300174,0.0015682786,0.003426764,0.0015682786,0.0017767724,0.010298246,0.0006492979,0.00247809,0.0006639592,0.0005339045,0.00053081085,0.00019215968,0.0017337755,0.0033109635,0.0021701194,0.0001643454,0.0009437548,0.00083488517
Country,0.004457388,0.99980086,0.82892376,0.0077741016,0.0050545055,0.006103245,0.00023356285,0.050393157,0.00013492753,0.017538289,0.09136019,4.858754e-05,0.0028532739,0.0011579839,0.02579417,0.0018037914,0.008429689,0.0014497642,0.012272532,0.004128048,0.010091757,0.0058802404,0.044309516,0.00477477,0.0046341904,0.006021857,0.0038259146,0.023858218,0.022842187,0.03022621,0.00793262,0.005159294,0.00021100948,0.007619623,0.0009405088,0.00015169891,6.505286e-05,0.00034963756,0.00014061107,0.00011446897,0.00011408066,0.00011408066,0.00011408066,0.00015294879,9.0220055e-05,0.00019434882,0.00020126166,0.008059201,0.0051107244,0.003263658,0.0053460104,0.00028615294,0.00059536175,0.0021097702,0.001612031,0.0016777826,0.0016195425,0.0019450546,0.00058844703,0.0015666155,0.0005890093,0.00020962584,0.0008030986,0.0006441214,0.007237932,0.008036563,0.0071260775,0.0007037925,0.00031600855,0.00072079035,0.0039060297,0.00032428346,0.0029739144,0.0046158144,0.0014385812,0.008345734,0.0011024605,0.00028925386,0.01857128,0.020184314,0.0031279493,0.007888194,0.00028296086,0.0012884921,0.0076540303,0.004087674,0.00036733673,0.00017994306,0.00030283822,0.00402737,0.02402373,0.007160415,0.0008796422,0.00035378363,0.008076932
Country Code,0.012405045,0.82892376,0.99980086,0.049975943,0.0016302603,0.010224717,0.00027512317,0.0051795,8.222013e-05,0.0036427116,0.008447259,5.2992324e-05,0.00020314119,0.00014800204,0.0025199507,0.00049444597,0.0062469784,0.00029706815,0.020844202,0.001437037,0.013272645,0.0073404065,0.07441681,0.0031775022,0.04185526,0.028889865,0.042437077,0.043569077,0.029568527,0.03148492,0.012176,0.01285639,0.00029961838,0.0008115546,0.00043037575,0.00015364401,0.00016374045,0.0006324719,0.00018674464,0.0001797199,8.586395e-05,9.493917e-05,5.7361285e-05,5.7948124e-05,5.6529934e-05,0.00060740206,0.0006374201,0.013377747,0.0002797138,0.01566326,0.0023608895,0.00022761039,0.0003074895,0.0014137542,0.0014347292,0.00082255545,0.0011815435,0.0015886861,0.0005004302,0.0010279561,0.00045658794,0.00033806573,0.0002665182,0.000601628,0.0012910445,0.026945744,0.06764775,0.00027453125,0.00039577545,0.00019940027,0.0044966536,0.00021727847,0.0074845557,0.06835188,0.0024691299,0.04279886,0.00063768367,0.00015660119,0.03734705,0.0034326476,0.026242843,0.027091485,0.00015936534,0.00033835915,0.029010927,0.0023678793,0.0004155031,0.00035769935,0.00040137596,0.005403058,0.05106204,0.014361688,0.00049352355,0.00059159123,0.013416108
DTM Round,0.0015582133,0.0077741016,0.050317846,0.99980086,0.0003615031,0.3452836,5.636974e-05,0.059948545,9.105054e-05,0.006014935,0.0037377584,7.160266e-05,0.004234713,0.005720555,0.0006770356,0.00015326009,0.0015679954,0.00016969912,0.0030864098,0.00030330583,0.0028899503,0.0032712969,0.007014325,0.00066461874,0.0037821953,0.004321131,0.0032280947,0.0058093253,0.0034404602,0.003831058,0.0020184503,0.0017088924,0.00012489864,0.0001867125,5.1742296e-05,0.00505989,0.0013235168,0.0035297768,0.0006495436,0.0007649551,0.000602852,0.0009864387,0.0011582293,0.0013653756,0.0011890053,0.0022196544,0.0019062983,0.003307421,0.000107763815,0.0020691194,0.0002554694,8.4777246e-05,0.00010937606,0.0004321053,0.0006637664,0.00040079624,0.00069912814,0.00065548223,0.0019603306,0.00036948948,0.0033191314,0.00011524742,7.872711e-05,9.109819e-05,0.00034568916,0.002866283,0.0013836222,5.8730613e-05,0.0009633026,7.2788614e-05,0.00503754,6.245349e-05,0.0036245298,0.0013434435,0.000536702,0.0030999554,0.00013826373,7.815442e-05,0.002379019,0.0009975488,0.0028332886,0.0028169737,6.508508e-05,0.00011961654,0.002866283,0.00027068274,0.002184869,9.1333364e-05,0.0012226675,0.002866283,0.0042052404,0.0013072923,9.0159236e-05,6.7154215e-05,0.0018933784
State,0.0037599644,0.0056448644,0.0022377884,0.00029344327,0.99979544,0.08327775,0.12632029,0.00059021043,0.01933191,0.00020516751,0.009173561,0.0037916638,0.002552818,0.0016118615,0.26083314,0.0042394176,0.0039322157,0.004635741,0.011442191,0.0461648,0.0014910569,0.0027272534,0.0025292,0.0073445006,0.0028270571,0.006386275,0.0013774802,0.003060265,0.0037743722,0.0035211677,0.002737725,0.0019123664,0.0023742379,0.0015768299,0.0027996693,8.804047e-05,0.00015275585,7.36262e-05,9.6843185e-05,9.2856346e-05,0.000106748725,0.000106748725,0.00010612933,0.00010612933,0.00011190067,0.00010205335,0.00010545512,0.0025255189,0.0012842682,0.0059552556,0.0058204113,0.00036352588,0.0009299034,0.0018995288,0.007438137,0.008603529,0.008109531,0.0048977383,0.002204229,0.013131135,0.0022416222,0.0040024742,0.00037764935,0.0018057443,0.0037022566,0.0038661414,0.008153649,0.0013973465,0.00018337365,0.001899471,0.0025905771,0.0021012523,0.0013197049,0.0008935987,0.0014313842,0.0023818186,0.004472058,0.001514456,0.0015746482,0.2497307,0.0009379878,0.0041811364,0.0003685948,0.003906848,0.0044629113,0.0025408529,0.0029432212,0.00022719832,0.00013869072,0.0041836817,0.0031796314,0.0017432503,0.0015850711,0.000905309,0.00090927456
State_Pcode,0.0056675295,0.006103245,0.009921317,0.341967,0.09113335,0.99979085,5.8731686e-05,0.7609069,3.5997436e-05,0.14387728,0.030569606,8.429631e-05,0.008065174,0.006474708,0.008981539,0.0003499075,0.0033349618,0.00029157248,0.0008862581,0.0003245876,0.001088665,0.0004789341,0.0007920047,0.00019374928,0.00048000578,0.0004963604,0.00072707597,0.0005926635,0.00080694363,0.00055412354,0.0005471201,0.0011781345,0.000508911,0.0004888369,8.859536e-05,0.0021896956,0.0013030155,0.0014607147,0.000986149,0.0011643918,0.0006307659,0.000627522,0.000627522,0.000627522,0.0006244004,0.0020268345,0.0020509055,0.00077653857,0.000107300235,0.004106958,0.0008513344,7.2258576e-05,7.2960436e-05,0.00089179864,0.0012186856,0.0008438662,0.0007833638,0.0021203477,0.007887301,0.0021269373,0.028915625,0.00019476829,0.00020325823,0.00017549605,0.00041275937,0.00078695914,0.00049170025,7.1129594e-05,0.0017026472,0.0001955357,0.00063313474,0.00013003027,0.00042532216,0.0006006691,0.00028667864,0.0010733403,0.00010699509,8.298894e-05,0.00026954446,0.00079601514,0.00051024475,0.0007075866,0.0003600649,0.00022040722,0.0010685807,0.00047234152,0.017711056,0.00019729926,0.0041589173,0.0007118299,0.0007625934,0.0009816189,8.2853796e-05,7.234912e-05,0.0005954611
LGA,0.00016965685,0.00045360354,0.00028037291,5.5110202e-05,0.26219508,5.5127388e-05,0.99976486,0.0023840717,0.9728783,5.7327237e-05,0.00024615135,0.21273555,0.00094686984,0.0028230061,0.0009111395,0.0011715782,0.00051270745,0.001127878,0.0003512688,0.012077205,0.00033331945,0.0003258378,0.00035975204,0.0026053635,0.00033935203,0.00032857948,0.00032353526,0.0003493054,0.00033498128,0.0003512688,0.0003512688,0.0003561576,0.00351621,0.0005977542,0.0026969803,0.00016561657,0.00017582609,4.895837e-05,0.00024879898,0.00021754147,0.00023398385,0.0002330326,0.0002475079,0.00024417823,0.00015073211,6.1109684e-05,6.016118e-05,0.00037050468,0.0015210166,0.0009046087,0.0011128022,0.00093204284,0.00037083344,0.0003056201,0.00050573156,0.0005188039,0.0005142525,0.00032807386,0.00012519248,0.000757232,0.00016049962,0.0049520507,0.00016437116,0.0022129435,0.00018252117,0.00033507266,0.0004700578,0.0012317748,0.00030618705,0.0028129816,0.00036884708,0.004237858,0.0003584144,0.0003954474,0.009806057,0.00035174526,0.00921386,0.008825546,0.00034756734,0.0011693082,0.00038193606,0.00032331047,0.00020504388,0.028212355,0.00034623835,0.0026622,0.00014167867,0.067260094,0.00027570644,0.00034623835,0.0003261943,0.0003519387,0.0020601784,0.0011074162,0.00049109414
LGA Pcode,0.0038523425,0.050393157,0.0051795,0.059948545,0.0004391658,0.7573619,0.0021960614,0.99977267,5.6453504e-05,0.51348007,0.009512917,4.383002e-05,0.003501593,0.003127554,0.0038091897,0.00027359155,0.0016170578,0.0004744915,0.0009995265,0.0002840172,0.00090027414,0.0006833542,0.0012139744,0.00071804586,0.0008881539,0.00079095626,0.001051695,0.00097187783,0.0008990249,0.000903156,0.0011544558,0.0012194401,7.916382e-05,0.00039989635,0.00013221723,0.0010361221,0.001049104,0.0021101604,0.0027218575,0.001477112,0.0014911655,0.0012371178,0.0012159058,0.0012371178,0.0012159058,0.0022834975,0.0023243327,0.0010782579,0.00048665528,0.00033142825,0.00032932762,5.8835598e-05,0.0001662632,0.00025682422,0.000357303,0.000269524,0.0002692573,0.00038000467,0.0024172792,0.00042142082,0.0015090117,0.000105367086,0.0001362612,6.792732e-05,0.0007032643,0.0010374987,0.00064534385,0.00017290849,0.00235115,0.0003944195,0.0011549386,0.00010983272,0.0007873599,0.00090052246,0.0007073913,0.0008677752,0.00023581358,3.4792323e-05,0.0005556389,0.0020164088,0.0007467784,0.0005530538,0.00014142942,0.00028978602,0.0005536379,0.0005124823,0.001539088,4.5095232e-05,0.0015631292,0.0005536379,0.0007429951,0.0010301694,0.00021230249,0.00016670396,0.0010443273
Ward,6.3523235e-05,0.00013919287,8.782786e-05,9.8805416e-05,0.025030522,4.3149794e-05,0.8985804,0.0001042643,0.99982953,0.009731753,9.8221266e-05,0.16028732,0.00030975798,0.0011227946,0.00027186083,0.00039603538,0.0002265084,0.005031046,0.0001188855,0.00065334945,0.00014909006,0.0004940545,0.00011660475,0.0007731678,0.000117653624,0.00014966904,0.000118702446,0.00013255258,0.0001465265,0.00010426441,0.000103418555,9.5714786e-05,0.0033745717,0.00092742074,0.0013817297,0.0001085707,6.564434e-05,7.5113196e-05,6.792683e-05,8.7010194e-05,8.561203e-05,8.7010194e-05,8.895659e-05,8.80857e-05,8.704427e-05,8.928925e-05,9.148099e-05,0.000103418555,0.0004723046,0.00025684314,0.0005840629,0.00036049308,0.00016783891,8.599843e-05,0.0003652929,0.00036053165,0.0002909592,0.0001395466,8.148819e-05,0.00029345608,7.973029e-05,0.0006744067,0.000164148,0.0033231932,0.0002363356,0.0001933702,0.0001329076,0.00036200281,9.046344e-05,0.0065666474,0.00012743087,0.0022541492,0.0001495621,0.00012992813,0.00055431225,0.00015422257,0.0018491378,0.0035147276,0.00012927692,0.00039495697,0.00016868667,0.0001168376,0.00039570438,0.0027504405,0.00013753235,0.00034806077,8.810454e-05,0.009053807,8.921299e-05,0.00013753235,0.00013781876,0.000103438084,0.0009958444,0.0014269153,0.00014971421
CODs_Ward_Pcode,0.003955105,0.016527336,0.0036427116,0.0056460793,0.00038543984,0.14387728,5.753358e-05,0.48126632,0.0045360727,0.99977267,0.0058485614,4.9476454e-05,0.00059601245,0.00059153,0.000992205,0.00020337228,0.005244803,0.0018958265,0.0012529916,0.00030870465,0.0010617936,0.0012480114,0.0013595783,0.0005271786,0.0008802839,0.00091292604,0.00083724444,0.0012611486,0.0013632805,0.0008887866,0.0012016253,0.0018078416,0.00016652801,0.00080618996,0.000110636385,0.0011761051,0.0028197581,0.0010053855,0.00033758287,0.0005298336,0.0005475215,0.0005378269,0.00038367813,0.00025759466,0.00027332472,0.0006423021,0.0006776056,0.0019331133,0.0011322838,0.001570154,0.0015591361,0.00017073314,0.00021071537,0.00067573355,0.00063643366,0.00034354016,0.00084409915,0.0006217024,0.00044423417,0.00074358436,0.00042845574,0.00027467436,0.00012051656,9.409175e-05,0.00033272017,0.001336667,0.0012197291,0.00015141015,0.00046870936,0.0010361497,0.0012667632,7.6691154e-05,0.00095703773,0.001133423,0.0010085569,0.0018126544,0.0007275624,0.000101593396,0.0008355343,0.00070116314,0.0011663667,0.002022175,0.00026955997,0.00043361433,0.0011916815,0.00032552818,0.00027045995,0.0001554698,0.000733067,0.0009577622,0.0008986809,0.0018043441,0.00015872199,0.00015833981,0.0011341693
SiteID,0.12520689,0.09142562,0.0092563955,0.005494031,0.008378677,0.031227922,0.00013049996,0.012579663,0.00010320664,0.004681031,0.9989968,0.003566474,0.0027109107,0.002802439,0.35975805,0.046500612,0.04218897,0.24645008,0.015647033,0.0014854621,0.006670607,0.0043414696,0.0057905023,0.0009541973,0.005192618,0.01701194,0.004255099,0.0022492576,0.006395337,0.0028465118,0.014856527,0.005642154,0.00034885865,0.0020441767,0.0003008765,0.00021166888,0.00019836577,0.00046498477,0.00033088273,0.00029083475,0.00028774745,0.00028996324,0.000289431,0.00028996324,0.0002378424,0.00038049326,0.00058348366,0.005334898,0.0020045864,0.0036909946,0.0031223383,0.00010205312,0.00026763536,0.011630759,0.006790101,0.0065964563,0.006165286,0.0088305455,0.0007024667,0.0071063535,0.0009127339,0.00024464622,0.003528501,0.00026232022,0.018037846,0.008225201,0.0034112437,0.0005692071,0.00040162177,0.0007645832,0.008851506,0.00022277929,0.0037776658,0.0059171794,0.0016878442,0.014199488,0.00047390332,0.00012379172,0.0031568473,0.012243402,0.0037653074,0.0082861185,0.00094618875,0.00172498,0.0054774717,0.0019532002,0.00032609937,0.00012682703,0.00042217766,0.0050815754,0.018828355,0.0050444724,0.0002474281,0.00033484964,0.005461475
Site Name,0.00014753813,5.8376074e-05,5.460873e-05,7.932137e-05,0.0046807365,9.821574e-05,0.44679946,4.711493e-05,0.69056463,6.569333e-05,0.0088026365,0.99883413,0.0004266976,0.0005183382,0.0032647469,0.035573363,0.0007398438,0.033539023,0.00034112524,0.000292805,8.497573e-05,7.325262e-05,6.623316e-05,8.377309e-05,6.790502e-05,0.00014189779,8.575525e-05,6.623316e-05,8.4092746e-05,6.7803725e-05,6.5426444e-05,6.360474e-05,0.004727776,0.00013528815,0.001972635,4.8605067e-05,3.416571e-05,8.920075e-05,0.00010994846,4.831034e-05,4.933093e-05,4.9199425e-05,4.9199425e-05,7.916802e-05,7.504955e-05,0.00010058225,6.476264e-05,6.7803725e-05,0.00052896247,0.000113074384,0.00027463792,0.0005586758,0.000249905,0.0010290837,0.0009267108,0.00046311034,0.0011255487,0.00065093325,7.1812196e-05,0.0048840633,0.0002027045,0.004127867,0.0012949638,0.01141961,0.00062882964,0.00011159716,6.1881175e-05,0.0003460713,5.8100566e-05,0.0032580362,0.000118208285,0.00060369115,0.00014794638,7.819971e-05,0.00034379627,0.00012961292,0.0027843122,0.0058643664,8.4077954e-05,0.00029865795,0.00011508677,0.00012313903,0.0007171728,0.0018954987,6.7592155e-05,0.00020471544,0.0001991167,0.0056554847,0.00014744533,7.878844e-05,0.0002886604,6.535627e-05,0.00029368358,0.0009592613,6.792754e-05
Longitude,0.0019458394,0.005829118,0.00036430458,0.0056944345,0.0011363334,0.017242562,0.0002833639,0.006227167,0.000113809474,0.0007034901,0.0054004802,0.00029437858,0.99985653,0.99953866,0.004276134,0.004319389,0.0006297395,0.032684535,0.00017877939,0.0047238604,0.00021962626,7.5338045e-05,0.0001059138,0.0003716031,0.0002335622,0.000293846,0.0004015431,8.2773106e-05,0.00011534811,0.00014517529,7.734965e-05,9.041633e-05,0.0008356831,0.002935313,0.00042276946,0.029460834,0.004502876,0.048505627,0.10400041,0.038934868,0.045966268,0.03751839,0.0442366,0.037125126,0.039019957,0.024371829,0.024531474,0.00011426724,0.00033973844,0.0022685777,0.00024067865,0.0022440802,0.0030199336,0.00038672826,0.0036972542,0.0006272944,0.00089326664,0.00041234636,0.005253992,0.0009504253,0.012116925,0.002803274,0.002936736,0.00080057775,0.0013032596,0.00010776234,0.000118155884,0.00919752,0.061154354,0.0006151944,7.322659e-05,0.0019370433,0.0001817233,0.00016473164,0.003803972,9.85441e-05,0.0020154943,0.0003967419,0.00051493646,0.0006600005,9.057971e-05,0.000104921935,0.004312374,0.00086924765,0.00014459853,0.004231323,0.012344866,0.0015263893,0.05893027,0.000104161285,0.00065037474,0.00011227236,0.0009311638,0.0005510144,0.00010667877
Latitude,0.0015667045,0.0014353245,0.00021135822,0.0056879353,0.004682292,0.007597666,0.0018650776,0.0032075464,0.00029168272,0.00039766764,0.0031020127,0.00034268646,0.9988867,0.99981207,0.0049440903,0.0011386129,0.0014666676,0.015142265,0.0002286717,0.008714128,0.0001292578,0.00010139711,0.00014635953,0.00012883592,0.00018341333,0.00016039722,0.000100252895,0.00010134108,0.00013998698,0.00028115092,0.00011350645,0.00012071196,0.0010044895,0.0012430175,0.00086673006,0.028265461,0.0039682626,0.044605333,0.035646744,0.023661152,0.020627748,0.022793807,0.02021525,0.0330873,0.02074449,0.030024668,0.028250081,0.00017696184,0.00013247153,0.00082302734,0.00023820509,0.0052475515,0.004764397,0.00044960502,0.00072525785,0.000544323,0.00077032624,0.00095652865,0.00702524,0.00090192514,0.011010174,0.0023544068,0.0008700334,0.0012964773,0.0015054184,6.374798e-05,0.00019088789,0.0030604408,0.024045354,0.0004066831,0.00010430825,0.0020180019,0.00010280753,0.00017952529,0.009903052,8.293376e-05,0.0019085218,0.0011394462,0.00013849855,0.00033028628,0.00015588665,0.00022228023,0.0032985348,0.002444076,7.216158e-05,0.012947313,0.007863406,0.0027310005,0.034274258,6.358556e-05,0.00023212585,0.00024361056,0.0010905316,0.0014630366,0.00017939793
Site Type,0.34354755,0.10549953,0.01028561,0.0012244218,0.013784842,0.009249221,0.00021403615,0.0021884367,0.00011255628,0.013317174,0.25642416,0.020577729,0.00028887673,0.00017654443,0.1285761,0.96257883,0.13598345,0.046246234,0.019628512,0.014735193,0.005324832,0.0026172413,0.00066114176,0.0023962108,0.002090377,0.0037381013,0.0035711543,0.00066114176,0.0030137766,0.0006813213,0.0019342124,0.0033365155,0.0022775452,0.033858918,0.006837218,0.00035124758,0.00033304686,0.00019714855,0.00024486135,0.00014388356,0.00014432764,0.00015352119,9.8640114e-05,0.00015352119,0.00012228322,8.112862e-05,8.112862e-05,0.0006674596,0.0066950526,0.0071631754,0.101101466,0.0026611297,0.0075378437,0.0014590161,0.0010520475,0.0011414521,0.0009971234,0.0025933825,0.00032064645,0.0014151657,0.00072342064,0.001989491,0.003749155,0.0076693324,0.0006769319,0.0036063364,0.00092465046,0.0021340922,0.00018164472,0.003128371,0.004881443,0.00054142484,0.0032224914,0.00092939823,0.0058075013,0.0016331335,0.00051153125,0.00083849364,0.00092978484,0.008659152,0.0009504561,0.005306604,0.0040616575,0.0010224906,0.0014973044,0.00181213,0.0003224682,0.00068531977,0.00018474163,0.0014214931,0.011993349,0.00063131173,0.0013997818,0.0037211853,0.0013841068
Site Classification,0.34096006,0.011387572,0.013051672,0.00096253306,0.008993656,0.007399666,0.00028308816,0.0015680188,0.00014373209,0.013699195,0.10321035,0.00085427053,0.0002623751,0.0003010276,0.057348147,0.02544612,0.9644722,0.018664373,0.020241356,0.0013598809,0.02350653,0.0030112544,0.0008928042,0.03067859,0.0019342124,0.0035709098,0.003069346,0.000622748,0.012109482,0.016283752,0.0022948857,0.0028716647,0.061221413,0.030916179,0.003409073,0.0005154632,0.0007559813,9.8018e-05,0.00012286776,9.226908e-05,9.3457624e-05,9.745157e-05,9.8640114e-05,9.745157e-05,9.745157e-05,8.112862e-05,8.177778e-05,0.002876504,0.031563185,0.042685144,0.1145158,0.0031018578,0.007883889,0.002098333,0.0018641776,0.0014268683,0.0010411184,0.0022929339,0.00051542174,0.0024760019,0.000689471,0.0029990845,0.016873889,0.0062748045,0.000780173,0.0036908449,0.0028851747,0.0051674694,0.0004088433,0.010564012,0.0058755027,0.0009938019,0.0041269115,0.008447705,0.006458393,0.0055709044,0.003913809,0.0034528358,0.0040371167,0.008325614,0.0037592922,0.005801578,0.012322302,0.0046670646,0.024196247,0.011691693,0.000499449,0.0045189024,0.00028756008,0.0051565175,0.012079469,0.0038375116,0.0023945926,0.009282953,0.0057414025
Site Management Agency,0.0023310261,0.00884707,0.02304393,0.0020927086,0.016564898,0.001083522,0.00043814312,0.0010133461,0.0001643788,0.0012452655,0.016120505,0.00010174494,0.00025109985,0.00037614309,0.37811333,0.0063801697,0.2504065,0.005756282,0.9981932,0.28367707,0.54142857,0.1106588,0.123255685,0.31293887,0.44309786,0.6319514,0.038956046,0.07030766,0.17649607,0.20795687,0.53416103,0.56754744,0.0006220925,0.001238231,0.00080081803,0.00053600624,0.0010306521,0.00056935905,0.00046033054,0.00041336205,0.00041111602,0.00021994709,0.00022184929,0.001252457,0.0020429855,0.004755948,0.0048347996,0.89309675,0.03559902,0.22935392,0.00674882,0.00054316,0.0009341739,0.068712965,0.08434001,0.029976893,0.0073795253,0.36798614,0.0029640486,0.0322145,0.0048767966,0.0009290948,0.004104487,0.0011406477,0.019936217,0.47901282,0.96317506,0.0026933327,0.0026466663,0.0053320285,0.8403153,0.031059992,0.73829985,0.96828395,0.0039788974,0.55356055,0.0009575196,0.00058420846,0.63362026,0.08365286,0.42577478,0.60533774,0.0017040275,0.0094310595,0.39987192,0.03265577,0.0033121519,0.000950767,0.002850994,0.509365,0.6704666,0.9570894,0.0007744976,0.0009284993,0.97776437
SMA Type,0.001676663,0.009223186,0.0033340277,0.0008328692,0.020598719,0.00065056724,0.0023929887,0.00030759597,0.000573487,0.00060744677,0.003089746,0.0013620441,0.00045207934,0.00041605328,0.019271279,0.13474424,0.0013353004,0.0010869245,0.016152158,0.99977756,0.016447766,0.020401366,0.017211793,0.11572493,0.015865749,0.011712072,0.0020764996,0.0015288228,0.0015141075,0.0016926886,0.0031834438,0.121391416,0.00072164036,0.0013990167,0.01386506,0.0001006622,0.00013925602,0.00016488528,0.00018590309,0.00022611252,0.0002479365,0.00024214223,0.00014716518,0.00023473501,0.00014943029,4.0970433e-05,4.1733612e-05,0.0018215652,0.00062700943,0.62529737,0.009383086,0.0005243419,0.0006090965,0.65009516,0.14225994,0.0050810506,0.13914536,0.77538574,0.000992231,0.014054858,0.00097062613,0.0034838659,0.00035828166,0.012741057,0.002826014,0.045074284,0.066437505,0.0031739094,0.00017691363,0.0015275558,0.0021369122,0.07251164,0.0012508009,0.008857979,0.0068221353,0.0062528597,0.0012772873,0.0020429867,0.0022848302,0.037314538,0.0021413306,0.08213531,0.0001683159,0.0014636917,0.005000008,0.000550811,0.0014404114,0.003477355,0.00010428469,0.004439667,0.009458824,0.008593792,0.0017121852,0.0015485293,0.013383662
Registration Activity,0.0032561454,0.005983978,0.012521368,0.002436093,0.0019836451,0.0007858045,0.0003517597,0.00090541434,0.00012769304,0.0010617936,0.0038770186,6.117609e-05,0.00015147387,0.0001533205,0.046799462,0.004430931,0.11773063,0.00018240808,0.9883976,0.023905745,0.9998032,0.8841394,0.87544256,0.406043,0.95914423,0.9467773,0.88981247,0.8056763,0.9849382,0.9721833,0.9745396,0.49063423,0.0024684928,0.00034004916,0.00052045716,0.00019816573,0.0013939295,7.064133e-05,8.867021e-05,0.00012811983,0.0005020919,0.000168143,0.00082184945,0.00042463798,0.0002941679,0.0002983289,0.0004478075,0.97864646,0.0054617203,0.20574492,0.0041075954,0.00054170674,0.001410408,0.019598177,0.009444523,0.0029327848,0.0029867687,0.025234468,0.0005493703,0.005853527,0.000716294,0.00070943485,0.0022521054,0.0009521311,0.0052014706,0.9611069,0.64810723,0.002562512,0.0012982687,0.0059828446,0.9556132,0.02194545,0.9851858,0.7828722,0.0435347,0.986369,0.010483885,0.00052475085,0.9698174,0.027287684,0.98569375,0.98863184,0.0034304648,0.009342574,0.982032,0.025605215,0.0007165399,0.0022035136,0.0003129876,0.98745334,0.98643285,0.96267897,0.00085511047,0.0012357037,0.7541814
WASH Support,0.0026087586,0.007004686,0.011882989,0.002122415,0.0023989163,0.00047612708,0.00049303414,0.0007594982,0.00030146228,0.001205677,0.0053546866,6.637905e-05,8.449695e-05,0.00014021114,0.060939223,0.0040974477,0.021692887,0.00044802128,0.87671304,0.015205401,0.6407268,0.9998083,0.99286616,0.268375,0.9924245,0.9875262,0.98680836,0.99267435,0.9933638,0.9929509,0.9928458,0.9889444,0.00078888674,0.0027266117,0.00030058547,0.0002849532,0.0002737126,0.0001068763,0.00010538146,0.00026741845,0.0002704623,0.00022914849,0.00022326768,0.00022013996,0.00023942416,8.4509404e-05,7.9749254e-05,0.9676144,0.003259002,0.11582061,0.0021656146,0.0006171538,0.0017495005,0.005710881,0.0016769342,0.0015813137,0.0016060699,0.012757915,0.00033398287,0.0012802485,0.0006518913,0.00021073953,0.00031878497,0.0010710943,0.0010552946,0.92905617,0.50517684,0.0003156221,9.803574e-05,0.0055777417,0.975528,0.026361603,0.9805873,0.77131623,0.035176065,0.38821927,0.00044682896,0.00014363314,0.97219497,0.02188632,0.70120615,0.90851754,0.00014387905,0.0013065976,0.7972423,0.0008115659,0.00024184833,0.00031825533,0.00075158064,0.3177217,0.89564884,0.80615723,0.0004543381,0.0002436738,0.4760534
CCCM Support,0.008122124,0.095498465,0.5886064,0.035507742,0.0017799226,0.003455894,0.00027512317,0.0015135063,8.567852e-05,0.0011739697,0.008792989,4.414295e-05,6.149108e-05,4.9530943e-05,0.016987588,0.0001530345,0.0011374168,0.00011417353,0.35092643,0.027914066,0.13009268,0.64377236,0.9968259,0.5882127,0.94847167,0.7835916,0.6074446,0.642379,0.78172225,0.87099504,0.9528493,0.977018,0.00056131184,0.00058918237,0.00032047118,8.0866506e-05,8.429766e-05,0.00019080368,0.00016595564,0.00011007193,8.552931e-05,5.7738267e-05,5.715143e-05,5.7948124e-05,5.6529934e-05,0.00016063792,0.00017935222,0.52968013,0.0002797138,0.05618796,0.0004573281,0.000108924374,0.0001406616,0.022394657,0.0025719146,0.00082255545,0.0016432294,0.0596406,0.0003949875,0.0006358382,0.00031150779,0.00024679088,0.00012729982,0.0007228685,0.0007582425,0.1670421,0.8363235,0.00012507355,0.00012854656,0.00092979986,0.26724768,0.0032185165,0.17017859,0.794578,0.0024902,0.040745445,0.00017717699,0.0002685795,0.48938516,0.0030378608,0.1566505,0.2948327,9.18559e-05,0.00041536847,0.1812814,0.0006174853,0.00026717977,0.00035138306,0.00024290425,0.02999018,0.30119577,0.5661312,0.00029517888,0.00015737393,0.9150633
CCCM_Organization,0.05715592,0.084540054,0.010939851,0.0015320546,0.0031296476,0.0017088946,0.00027918728,0.0011777617,0.00013347175,0.01334211,0.0063577457,0.00016364992,0.0003250313,0.00023936699,0.005979523,0.0018940467,0.13863085,0.0009476702,0.0049499795,0.0013610866,0.012438612,0.0030137766,0.17893341,0.85641086,0.004417525,0.0046598464,0.0048510814,0.0030137766,0.011723516,0.022583138,0.0029216192,0.0028739818,0.050701488,0.048146233,0.0026010228,0.0010476263,0.001106938,7.452411e-05,9.934865e-05,9.226908e-05,9.3457624e-05,9.745157e-05,9.8640114e-05,9.8640114e-05,9.8640114e-05,8.013595e-05,8.112862e-05,0.0009471872,0.030936284,0.043927845,0.101101466,0.0028649361,0.007524009,0.0014881718,0.003051678,0.0010452324,0.0020051724,0.003941437,0.00040498056,0.004516786,0.00037881752,0.0017074145,0.0042893295,0.0082988795,0.0012723835,0.005114762,0.003542821,0.003133269,0.00032164447,0.010715857,0.0055671018,0.0009390848,0.003532694,0.008039507,0.0040656216,0.005705488,0.004124185,0.0026089186,0.004678018,0.0049137427,0.0050978316,0.0055605755,0.0077957576,0.004322747,0.012104751,0.00685314,0.0004921481,0.0044678827,0.0002825998,0.005589395,0.0037616177,0.0037342648,0.0025914721,0.009893457,0.0056751138
HEALTH Support,0.0023905542,0.004201439,0.025907533,0.0039444305,0.0019296285,0.00035445928,0.0004173842,0.000800695,0.00015159456,0.0009042951,0.0051971446,5.9363025e-05,0.0001355175,0.00018640351,0.059726708,0.0036235205,0.014239521,0.0004812223,0.8729966,0.012142444,0.9291572,0.9926515,0.99319416,0.3008821,0.99980086,0.9955909,0.99308544,0.99594504,0.9921166,0.9923329,0.9958154,0.98756135,0.0011199233,0.002323197,0.0002588076,0.00030446507,0.0005847494,7.402776e-05,7.2363124e-05,0.00011677119,0.00023001424,0.00026207702,0.00022667719,0.0003049899,0.0003315168,0.00010078998,9.646452e-05,0.9425735,0.0034827385,0.2581939,0.0027096376,0.0006238981,0.0015298183,0.00628842,0.0064021274,0.0016441597,0.0017902243,0.015750347,0.00030978347,0.0052622883,0.00051642756,0.00022028852,0.0004894997,0.0012209339,0.0011021964,0.94772667,0.3045042,0.00038215448,7.28206e-05,0.00596891,0.95532566,0.013592468,0.97826576,0.44110066,0.0577773,0.8866203,0.00045181744,0.00019451868,0.9837359,0.10781076,0.9724506,0.98590446,0.0011171188,0.03510828,0.9548495,0.00079016254,0.00051739556,0.0005487297,0.00083147833,0.6993599,0.93323886,0.9489664,0.00044287593,0.00023883473,0.46006685
SHELTER Support,0.0024777977,0.007824627,0.047812827,0.002234895,0.00741515,0.00083933945,0.0004973126,0.00082107063,0.00012997277,0.0008887866,0.016849773,9.243794e-05,0.00014633009,0.00022711308,0.06443888,0.0055292295,0.02545499,0.0006216746,0.9765911,0.063107274,0.6127394,0.9852467,0.99268866,0.33453703,0.995637,0.9997898,0.9036755,0.9844043,0.99201757,0.9927812,0.99560446,0.99289566,0.0010963203,0.0027313742,0.0082499,0.00082186225,0.00088462164,7.740916e-05,0.00011983493,0.00025092647,0.0002704623,0.00019299278,0.00017382881,0.0001909412,0.00028727588,0.0007051203,0.0006745973,0.96914065,0.004320613,0.14868481,0.003384049,0.00042172163,0.0014213056,0.11651153,0.0059013925,0.0028845277,0.0022920133,0.10880034,0.00031271373,0.0053051068,0.00046615727,0.00054395886,0.0009102434,0.0030136115,0.0016998431,0.73894304,0.74613345,0.0005189532,0.0001066206,0.0056409994,0.9728294,0.009612949,0.96497923,0.742416,0.05080848,0.5361949,0.0025969893,0.00063820835,0.9569575,0.023160689,0.770809,0.7125124,0.00040536685,0.002032276,0.63812524,0.0012604506,0.0005105838,0.0003188246,0.0007623431,0.14831632,0.9100927,0.9745527,0.0010211817,0.00024539558,0.9660688
NFI Support ,0.002379381,0.0035968053,0.0438194,0.0029958242,0.0017968555,0.00072707597,0.0003999431,0.0011326541,0.00011897014,0.00090323435,0.005263133,7.137134e-05,0.00019570658,0.00013000894,0.041008115,0.005536511,0.021866094,0.00048819443,0.79478127,0.0022730127,0.68925107,0.9926194,0.9922387,0.20037614,0.99308544,0.9925154,0.99980783,0.9926194,0.99222934,0.9893603,0.99254125,0.98450714,0.00080793095,0.002090076,0.00019195794,0.0003047481,0.0002716701,7.861112e-05,0.00010804567,0.00011677119,0.00023001424,0.00026207702,0.00022667719,0.00022649643,0.00025513166,7.740286e-05,7.386579e-05,0.88054615,0.0023274343,0.0036861622,0.0016249052,0.00029867052,0.00073989306,0.0022623818,0.0032562166,0.00088494585,0.0010082211,0.002627148,0.00028926914,0.00085939746,0.00036933852,0.032825455,0.0004894997,0.00086207676,0.00076953473,0.9078503,0.088086516,0.0002588105,0.00018203632,0.0046245446,0.95148873,0.00052539766,0.941407,0.3745812,0.0054142955,0.58823395,0.0016632471,0.00019451868,0.9552841,0.0011250938,0.6999066,0.70876336,0.00010548413,0.0012251602,0.6231916,0.00079016254,0.00032063754,0.0005117535,0.00045496225,0.5470222,0.9027659,0.7781982,0.00045830666,0.00026641635,0.25700405
FOOD Support,0.0023905542,0.021708868,0.043569077,0.0054181847,0.0018034925,0.0005926635,0.0004224372,0.00097187783,0.00010450488,0.0012957795,0.0020554618,5.9723312e-05,7.496833e-05,0.00010122252,0.038674943,0.0006591007,0.001934993,0.00011055297,0.7396667,0.0026175554,0.7350341,0.992641,0.99286616,0.11242789,0.9958294,0.9922536,0.9926194,0.99980086,0.9928517,0.99270964,0.99560344,0.9850268,0.00080793095,0.002913643,0.00056124927,0.00020603865,0.00028826765,8.255786e-05,6.1187195e-05,0.00012451265,0.0001304847,0.00023744552,0.00026786418,0.00026060094,0.00017594277,7.003389e-05,9.878309e-05,0.6914618,0.0043167947,0.004351615,0.002499104,0.00039332698,0.00075073575,0.0035031377,0.0014566858,0.0019035535,0.0020842913,0.0028645166,0.00030283513,0.0008607458,0.00037234885,0.00076523656,0.00020461738,0.0011594837,0.001145086,0.9439172,0.048783656,0.00025818037,0.00016223306,0.000998359,0.9764182,0.00062397076,0.91607475,0.326199,0.24472702,0.72649604,0.013110979,0.0014802882,0.99026227,0.014221246,0.8913456,0.77121866,0.00023514188,0.0011529677,0.6307816,0.00076497556,0.0003074815,0.00077629375,0.0001332082,0.7681504,0.98161054,0.7403395,0.0011081775,0.00027468082,0.11073912
PROTECTION Support,0.0024904665,0.023655398,0.026893757,0.0033785275,0.0019419295,0.00080330565,0.00040851405,0.00095001154,0.00013024622,0.0012722638,0.0043453327,7.631408e-05,0.00010566795,0.000112981,0.05709701,0.005296276,0.093429185,0.0005329277,0.9012538,0.0036718694,0.98188627,0.9934426,0.99255687,0.37698054,0.99193525,0.9957178,0.99228317,0.9929208,0.99980783,0.9930677,0.99267316,0.98571575,0.0023316406,0.0013460414,0.0006674945,0.00020603865,0.00052201416,7.810717e-05,5.9887e-05,0.000121763376,0.00013142114,0.00026725823,0.000230173,0.0003620806,0.00052909047,0.00031295567,0.0004608481,0.98250186,0.005229952,0.03481961,0.003426257,0.00072114664,0.0018541166,0.022053123,0.008560553,0.002183247,0.0010295671,0.012833669,0.0003093343,0.0056818887,0.0004962224,0.00046781191,0.0007896507,0.0010193641,0.0011063556,0.91916543,0.6638311,0.002450835,0.001161287,0.00824229,0.9570849,0.0036965031,0.9840394,0.8453943,0.033010103,0.88689137,0.0030501147,0.0005417358,0.9689157,0.016526503,0.97883,0.943937,0.0007458539,0.008792456,0.9611626,0.008240905,0.00049515674,0.0020265232,0.00046731898,0.6950963,0.97342503,0.9583881,0.0010472416,0.000978329,0.8445552
EDUCATION Support,0.0023515678,0.02276076,0.027772566,0.004180408,0.0018219324,0.00054186536,0.00034757124,0.0007429951,0.00013688438,0.00091292604,0.0020428451,6.0813043e-05,0.00013020469,0.00026433344,0.03502243,0.00065432343,0.08760687,0.00010473743,0.6869546,0.002851677,0.9746322,0.9927777,0.9890486,0.2796304,0.9861344,0.99262446,0.98926985,0.9926802,0.9930677,0.9998083,0.9848641,0.9767071,0.0048934375,0.0016381317,0.00051364256,0.00017697891,0.0009772059,0.00010246805,8.308074e-05,9.0137124e-05,0.00012780618,0.00014334742,0.00018206409,0.00021527699,0.00021746424,0.00029791245,0.00039224554,0.906431,0.0056582536,0.0444767,0.0026238225,0.00072114664,0.0010215474,0.012507438,0.009182553,0.0022048743,0.0015923323,0.011776754,0.00024308663,0.0042771646,0.00035664867,0.00023432904,0.0019381783,0.0014162033,0.00078552926,0.9640401,0.5157355,0.002400876,0.0003561349,0.006111779,0.9564712,0.005604247,0.9821042,0.7718101,0.05490622,0.9467652,0.0032915985,0.0005518588,0.9662177,0.014544727,0.97614396,0.9641598,0.0015517249,0.008439641,0.99516934,0.09008437,0.00059517304,0.0018787845,0.00013149182,0.9811779,0.97340316,0.9414058,0.001089152,0.0011093586,0.5696881
LIVELIHOOD Support,0.0022171482,0.00793262,0.012184018,0.0020229386,0.0025167689,0.0005453279,0.0005162636,0.0011471163,0.00013083941,0.0012016253,0.014872301,5.952522e-05,8.479084e-05,0.00014531276,0.038271584,0.003639198,0.016827865,0.0002876198,0.88718706,0.016738096,0.905457,0.99254125,0.9936688,0.31863207,0.9957903,0.99228376,0.9848994,0.99565655,0.99257165,0.99207777,0.99980086,0.993617,0.0010768943,0.0029669346,0.0006484263,0.00073714263,0.0010162697,7.5948956e-05,7.296266e-05,0.00026725823,0.0002703021,0.00022665395,0.00022326768,0.00022397845,0.00031984624,0.00070918695,0.0006735896,0.9784963,0.00311262,0.30139196,0.0036409975,0.0006184614,0.0025153218,0.106465146,0.0095481705,0.005957799,0.007908729,0.08622574,0.00044326144,0.00576597,0.0006821269,0.00030779807,0.000610095,0.0011210248,0.00077552337,0.8032465,0.39954698,0.0013238497,0.00018436906,0.0057934504,0.9792049,0.05551964,0.95577705,0.8816256,0.06588812,0.5225456,0.004669449,0.0006661396,0.98071885,0.016241506,0.9049677,0.904316,0.00043196807,0.0077601606,0.74880326,0.008001962,0.00056974427,0.00073419785,0.0006995739,0.33620307,0.96624815,0.98282117,0.0010917967,0.00025164863,0.8901397
PSS SUPPORT,0.0024415748,0.0039590634,0.02005814,0.0017888965,0.002199649,0.0010068067,0.00045330758,0.0010948208,0.00012543186,0.0018243198,0.005589959,5.6611578e-05,0.00015059739,0.00014266193,0.07596787,0.0033443829,0.030671291,0.00054047076,0.16018604,0.2766277,0.04526178,0.7978043,0.87929344,0.26496932,0.97588676,0.8293597,0.71081924,0.80661213,0.8018265,0.9674282,0.9797735,0.99978846,0.0046222126,0.0066167037,0.0002457194,6.0006572e-05,0.00017217746,0.00028395047,0.00027141377,0.00017615916,0.0001683015,0.00015198097,9.981533e-05,9.275776e-05,6.0880375e-05,8.814623e-05,0.00013652231,0.9304045,0.005966435,0.01854192,0.00023248418,0.0004398463,0.00079075503,0.036993075,0.0071918475,0.0038158295,0.00809546,0.09331453,0.0013089381,0.003167924,0.001990044,0.00023207298,0.00024403901,0.00035020596,0.00064985367,0.39982453,0.8018416,0.00022370882,0.00012331609,0.0006860449,0.2168487,0.0055599734,0.1019107,0.79915625,0.03932896,0.0738928,0.00050086685,0.0001835376,0.57245237,0.029542092,0.09850085,0.43716258,0.00014202269,0.0015051932,0.38480186,0.0008499886,0.0010345897,0.00036721138,0.00016590371,0.03334546,0.5062702,0.7481475,0.00083601126,0.00023489122,0.81602067
PSS_ORGANIZATION,0.0059554293,0.0003549509,0.00025214106,0.00011573819,0.005165003,0.0007300293,0.0019402822,0.00016405343,0.0013791107,0.00018003368,0.0006424932,0.002587955,0.018993821,0.00442665,0.015932234,0.004775061,0.054220244,0.06861739,0.0018337874,0.00072559866,0.004832349,0.001424034,0.0019461992,0.046982665,0.0020748223,0.0021292432,0.0014330505,0.0014330505,0.0044889995,0.009951495,0.0019137261,0.014160713,0.9996919,0.05129359,0.017982638,0.0028176443,0.009041127,0.00040554907,0.0007227832,0.0007236298,0.000779408,0.00090430724,0.00082475814,0.0004943045,0.00045853027,0.000287085,0.00028596705,0.0017182552,0.010860526,0.011488273,0.071692765,0.046617735,0.04104079,0.0006004594,0.0009517327,0.0005590124,0.00073866884,0.0016299892,0.00029130583,0.0013862893,0.00023221178,0.017681424,0.004195383,0.040694296,0.0026476409,0.0016667013,0.0014644584,0.017700357,0.0041381,0.01289893,0.0019280997,0.0078188395,0.0020346805,0.0037246319,0.0015975139,0.0025381953,0.02580777,0.044560265,0.0017365507,0.0059501017,0.0013700726,0.002677685,0.037294913,0.040613685,0.005807583,0.023107285,0.0002960953,0.067283474,0.0023674269,0.0027082558,0.0013546606,0.0023074,0.017834747,0.06710739,0.0013306462
Land Ownership,0.011152045,0.007558919,0.0008424076,0.00017964328,0.0016040703,0.00035715563,0.0004904161,0.0003236435,0.0003268993,0.0007388157,0.001833149,0.00065797043,0.004912677,0.0004003662,0.0014256897,0.03613761,0.05955363,0.0013913299,0.00069094956,0.0015685905,0.0007647201,0.00985358,0.0017459786,0.006650966,0.0030308245,0.00924488,0.0049612755,0.011223063,0.004898444,0.0019148765,0.005434455,0.004476467,0.026956106,0.9997833,0.060003847,0.0012820092,0.0016414578,0.00011829294,8.930348e-05,8.507798e-05,9.074864e-05,8.542559e-05,8.542559e-05,8.542559e-05,8.542559e-05,0.000399023,0.0004081202,0.00687346,0.09137607,0.048264522,0.30040187,0.013581782,0.13200691,0.0049684653,0.0011778321,0.0005968058,0.0014979996,0.0011007583,8.4677435e-05,0.00039105478,0.00025917296,0.009886693,0.013120671,0.027944041,0.004985083,0.0059771757,0.0050653615,0.03148128,0.00027726125,0.02330928,0.0100402245,0.032113254,0.008933062,0.0061048535,0.0039212564,0.005263346,0.0029549897,0.0010599036,0.0062732147,0.006668796,0.0050967275,0.005973561,0.022845156,0.008886169,0.005650037,0.005723956,0.00020747412,0.005890833,0.0001558859,0.0014466008,0.009454578,0.02746593,0.0039115245,0.04899245,0.0008196252
Most Common Type of Shelter,0.0010622318,0.0005047175,0.00038591825,5.1606836e-05,0.0038121494,6.61841e-05,0.0008852525,6.404252e-05,0.0009661248,0.0001024541,0.0002324811,0.002300548,0.00087208394,0.0009613193,0.0013349032,0.054733112,0.008395582,0.010859049,0.001022363,0.028777111,0.0010254253,0.00025337606,0.0004856793,0.0024055664,0.00036859425,0.008681747,0.00019176498,0.00065932237,0.0011857661,0.0008175825,0.0009178012,0.00018513417,0.0058226045,0.03680828,0.99930274,0.00048082857,0.0009715712,6.588211e-05,0.00012993583,0.00028341223,0.00013228391,0.00029771955,0.00014172561,0.00017189069,0.00042913356,0.00036340457,0.0003103891,0.00072055444,0.018559812,0.00041284485,0.027497623,0.22930413,0.12026945,0.012678664,0.000729302,0.0044152797,0.0008165522,0.0012403666,0.00042199742,0.0033033816,0.0002767291,0.05763825,0.008267598,0.061051656,0.0008558117,0.001505652,0.0011099959,0.27957892,0.0009320339,0.012066598,0.001146078,0.006259088,0.0012511357,0.0029836143,0.00087543,0.0014865343,0.025392214,0.2639909,0.00075477763,0.0091840755,0.0011344507,0.0014172283,0.056926563,0.012891958,0.0015188431,0.024579996,0.0005893113,0.06291257,0.0028705576,0.001430318,0.001340567,0.0007288527,0.17045331,0.083076395,0.00074992486
Number of Households,0.0004714234,0.00020083606,0.00036479457,0.0026055689,0.00039847466,0.004383835,0.000361374,0.0015099344,8.272773e-05,0.0007221345,0.00037890967,6.63004e-05,0.07593129,0.07610298,0.00012069303,7.304617e-05,9.2721966e-05,0.0036818415,0.0006400969,0.00034498775,7.068405e-05,0.00023217047,0.0004494781,0.0003118538,0.00045420835,0.0006368348,0.00018190166,0.00042520862,0.00042293136,0.0005000596,0.0009954263,0.00024793815,0.00018731403,0.00040793075,0.0013004739,0.9993633,0.54874796,0.46622923,0.61969006,0.8555282,0.36983177,0.22516945,0.12106786,0.6753989,0.5052202,0.3425856,0.6053421,0.0010747776,0.00020948236,0.00019546121,0.0008614989,0.0012596372,0.00037366743,0.00040942623,0.0016866095,0.0014687764,0.0017297667,0.00029498216,0.004419456,0.0012845944,0.005058738,0.00024890137,0.00028722145,0.0005970439,0.001325485,0.00042615717,0.00033267937,0.003371587,0.92349577,0.00032770194,0.0009117092,0.0022025732,0.00039138604,0.0006899468,0.0028717853,0.00025074405,0.0049403124,0.0017331791,0.0006427932,0.00046026753,0.0002438729,0.0014143237,0.0009643731,0.02260384,0.0014713192,0.0009948679,0.015653426,0.0015975828,0.9707747,0.00031751895,0.0003553249,0.00043624506,0.0015101292,0.0006324178,0.0006886768
Number of Individuals,0.0018287131,0.00011621591,0.00017047672,0.0061818133,0.0001750401,0.0014360205,0.00035951223,0.0011279602,8.901398e-05,0.00056046015,0.0002315788,7.401743e-05,0.010896927,0.009184097,9.843666e-05,5.8899503e-05,0.00016534398,0.0051097493,0.0009917133,0.00029698928,0.0011668543,0.00042603668,0.00043623717,0.0011332921,0.0007946023,0.0014879288,0.0006274298,0.00043094318,0.00078446395,0.0011533143,0.0013958643,0.0002734643,0.0021591801,0.0015400231,0.0012715895,0.98871315,0.9996616,0.07923663,0.065323755,0.07488172,0.14240675,0.550812,0.6098361,0.54705286,0.739995,0.07146264,0.1472188,0.001476094,0.0005467594,0.00054401986,0.001812054,0.0004549387,0.00015327593,0.00033083794,0.0010879792,0.000484641,0.001044451,0.0005434903,0.0032191775,0.00093723374,0.0029704287,0.00064277323,0.00020305622,0.00051611476,0.0008856144,0.0020853635,0.0005844837,0.003228991,0.34814644,0.00063682545,0.0011848988,0.002086274,0.0011330133,0.0014788193,0.006705781,0.00077388727,0.0028463674,0.0009977713,0.0012931357,0.0002591222,0.0011465187,0.003804014,0.0034266878,0.02559703,0.002158139,0.0005256549,0.005770213,0.012382331,0.3272559,0.003443246,0.0011297086,0.0009992474,0.004631419,0.001247968,0.00097421755
Boys (<1),0.00020758562,0.00035464825,0.00036139344,0.003056849,0.00010579484,0.0014715635,5.371856e-05,0.0018865117,7.545484e-05,0.0009831986,0.000465174,0.00014346324,0.03611642,0.03272175,7.639602e-05,0.00045190117,9.755627e-05,0.001078586,0.00011758382,0.0017993399,4.413859e-05,0.00012139004,0.00012362383,6.10884e-05,0.00012145855,5.4444783e-05,5.5638e-05,9.223817e-05,8.838574e-05,0.00015763103,0.00012427525,0.0002066608,0.00013378884,0.00015994906,0.000106326144,0.09294082,0.04121249,0.9988184,0.75171214,0.89985496,0.38607877,0.4598462,0.1451878,0.23777969,0.09481405,0.31030628,0.14468831,0.00012145855,3.7494425e-05,6.0567756e-05,8.238503e-05,0.00025807257,0.00018031179,9.101473e-05,0.00031959257,0.00023002957,0.00050985214,0.00023144842,0.0023088935,0.00024051024,0.003587643,0.00023360628,0.000106062886,0.00011730091,0.00060929323,7.335826e-05,8.878901e-05,0.0009797848,0.0751456,0.00011554975,0.0001214547,0.0002900296,5.3455282e-05,7.868469e-05,0.00189476,4.7446112e-05,0.00034245697,0.0001151993,8.703636e-05,0.00022916342,4.752299e-05,0.00031263038,0.00023200113,0.000109597364,5.36106e-05,0.00030731614,0.0034501266,0.00017059376,0.063572735,5.006883e-05,4.531863e-05,0.000115862495,0.00010610719,0.00010198107,7.953232e-05
Girls (<1),0.0001809023,0.00013698342,8.048308e-05,0.00054798764,8.800852e-05,0.0014673185,0.0003003473,0.002452019,6.554155e-05,0.00033707067,0.00030777202,0.00015112286,0.1183782,0.03779803,5.3869608e-05,0.00024931267,8.9342204e-05,0.005554974,0.00011132398,0.0024092658,7.377674e-05,0.000121920806,0.00013501685,4.8574362e-05,0.00011986805,4.6866324e-05,5.245164e-05,8.2018e-05,8.417156e-05,0.00018450043,0.00011467355,0.00023147925,0.0001589085,7.972334e-05,0.00017956881,0.061180882,0.032657757,0.85475177,0.9988688,0.54875076,0.60747725,0.2804452,0.49235997,0.20141247,0.22000942,0.83229065,0.24002095,0.00011139115,5.500165e-05,8.108856e-05,0.0003133659,0.00038782076,8.466804e-05,8.654469e-05,0.00030423436,0.00021801003,0.0006450883,0.00023578246,0.002398068,0.00021885155,0.003543666,7.942196e-05,0.000110134235,0.0002359271,0.00029984835,5.7719535e-05,7.109452e-05,0.0009906194,0.14889517,9.394522e-05,0.00014030159,0.00018219529,4.8912272e-05,5.732475e-05,0.0010457262,3.906474e-05,0.0017517078,0.00022144182,8.38191e-05,0.000108322216,5.1942072e-05,0.00019104523,0.00016425256,0.00066602585,5.7301568e-05,0.00015182223,0.0035743518,0.0002650917,0.07962647,5.3221724e-05,3.763061e-05,0.00013000585,0.00018856859,0.00027787135,7.872192e-05
Boys (1 - 5 y),0.00017957382,0.00014423956,0.0001916324,0.0008520003,0.000102854014,0.0013177581,0.00034945898,0.001439579,8.374617e-05,0.0005223897,0.0003775452,6.5805456e-05,0.042424873,0.028237024,6.501781e-05,0.00012844321,6.223355e-05,0.002280265,0.0001321258,0.00042921506,6.0884246e-05,7.341805e-05,0.00012788898,4.3712906e-05,0.0001273984,5.8987982e-05,5.554276e-05,7.0719616e-05,7.307431e-05,0.00013245453,0.00013171762,0.00016352898,0.00017575335,6.711736e-05,0.00042657397,0.04863958,0.021804435,0.9981017,0.98518276,0.9988825,0.94749767,0.98293215,0.6568198,0.5213609,0.5211157,0.965819,0.9573771,0.00014227188,4.710331e-05,5.012912e-05,0.00029998441,0.0008316154,0.00021615028,6.8931564e-05,0.00025106597,0.00019611225,0.00031376944,0.00020539729,0.0021928872,0.0002817933,0.0022611707,0.00019668844,0.00010169184,0.00021210767,0.0002992654,0.00012941513,0.00011761003,0.0009162374,0.67336255,8.557885e-05,0.0001326443,0.00017235264,6.678331e-05,0.0001240511,0.00402257,6.549083e-05,0.000503301,0.00021220282,7.122828e-05,0.00023281664,9.0231806e-05,0.00065167877,0.00039727392,0.0006416717,0.0002878561,0.00019451613,0.0021897114,0.00020039534,0.14508697,0.00026709147,6.0884246e-05,0.00012325862,0.0005381003,0.00020492927,9.3640425e-05
Girls (1 - 5 y),0.00017957382,0.00014423956,0.000121768426,0.0006704551,0.0001019243,0.0013177581,0.0003514299,0.0014643782,8.3566796e-05,0.0005304833,0.00037460646,6.678467e-05,0.053988706,0.03638417,5.7192203e-05,0.00012869945,6.283307e-05,0.0022814854,0.00013171762,0.00029159477,0.00022340956,7.001433e-05,0.00012788898,4.5415723e-05,0.0001302888,5.779289e-05,5.8062506e-05,6.816509e-05,6.911965e-05,0.00013171762,0.00013171762,0.0001623552,0.00018601275,7.3131916e-05,0.00017664964,0.048549592,0.02981825,0.9863874,0.99113154,0.9511672,0.9988701,0.7040694,0.9827887,0.5532649,0.63710046,0.92436856,0.9742211,0.0001406703,7.2426716e-05,0.00010107709,0.00029609664,0.0008316154,0.00021615028,9.9188524e-05,0.00025661924,0.0001930957,0.00040812118,0.0002814324,0.0022481468,0.0002821922,0.0021920823,0.00019319307,0.000101876576,0.0002661057,0.00029814884,0.00034010978,0.00012024507,0.00094291155,0.84447926,8.548431e-05,0.00026091636,0.00017235264,0.00012149984,0.00013324467,0.0029478536,7.1100105e-05,0.00049340806,0.00021220282,7.122097e-05,0.0001093588,0.00022896577,0.0009750753,0.00018433025,0.00064640504,0.0003656014,0.0001956501,0.002185982,0.00020039534,0.21407762,0.0002681915,0.0001525252,0.00012325862,0.00022499266,0.00020731078,0.000100998244
Boys (6 - 17 y),0.00022281393,0.00014127696,0.00019504517,0.00058833207,0.000111371264,0.0011697065,0.0003581643,0.0014893734,8.495027e-05,0.00051622704,0.00037045474,7.853272e-05,0.057409666,0.034987107,5.6802903e-05,0.00012869945,6.181614e-05,0.0022155335,0.00018268342,0.0003213248,5.8622005e-05,0.0001849825,0.000158454,8.1160535e-05,0.00017242646,6.8635214e-05,6.595389e-05,7.112144e-05,0.00010296874,0.00018229899,0.00017787042,0.00035978248,0.00017501265,6.8824746e-05,0.00043109772,0.11198649,0.042852487,0.9732049,0.945413,0.9991424,0.9408556,0.99949837,0.9566823,0.86743575,0.6055775,0.41902196,0.5803278,0.0001919029,4.7065332e-05,4.925327e-05,0.00019857369,0.0010233435,0.00021615028,5.9655893e-05,0.00029677502,0.00023623204,0.00036335722,0.00012420578,0.0014371846,0.0002452742,0.0015700259,0.00020759403,8.30034e-05,0.00013133144,0.0002804209,0.00045935065,0.00015755747,0.00051262975,0.6530038,8.591484e-05,0.00016826153,0.00017941992,6.878274e-05,0.0002445484,0.0033445295,6.4430824e-05,0.00049369945,0.000213721,6.90192e-05,0.00017533904,9.01745e-05,0.0008806872,0.00015977035,0.00062295055,0.00024286853,0.0001950422,0.0016111234,0.00020029597,0.68566257,0.00022004895,5.8622005e-05,0.00018844464,0.00054022175,0.00020687707,0.00013737545
Girls (6 - 17 y),0.00017988507,0.00011801976,0.000112228096,0.0005877897,0.0001187304,0.0011659134,0.00036147726,0.0015182038,8.2978404e-05,0.0003417983,0.00029863926,6.63004e-05,0.060723595,0.031251013,6.89822e-05,7.3851916e-05,6.229701e-05,0.0034030608,0.00022058483,0.00012561223,0.0002399458,0.00017244872,0.00018502363,7.295524e-05,0.00021889956,0.00016043827,0.00010704996,0.00015742877,0.00017118503,0.0002200306,0.00021889956,0.00035983569,0.00015575468,8.6437416e-05,0.00017622797,0.14983325,0.055169832,0.7848277,0.980414,0.99118996,0.9991416,0.9836451,0.9995833,0.8686637,0.8610616,0.34980714,0.42593315,0.00023555405,7.2533476e-05,8.766401e-05,0.00019784864,0.00067422277,0.00021889871,8.265684e-05,0.00032905987,0.00025518914,0.0005198925,0.00016827088,0.0010738897,0.00025518239,0.0016548692,8.333962e-05,8.369902e-05,0.00016823494,0.00027005892,0.00034776068,0.00012695637,0.00063243235,0.38021436,8.6009386e-05,0.0004457104,0.00017513472,0.0002872186,0.0001887575,0.0010347416,6.839608e-05,0.000609972,0.00021363293,0.00019969916,9.812929e-05,0.00023603998,0.0012619286,0.00018613704,0.0005991186,0.0004602482,0.00019355344,0.001696204,0.00017692108,0.6759371,0.00022105496,0.00015895163,0.00025027164,0.00022351282,0.0002643054,0.00013622218
Men (18 - 59 y),0.00022777093,0.00015777744,0.00011958683,0.0007923127,0.00011808228,0.0012112487,0.0003568451,0.0012945246,8.417693e-05,0.00022100675,0.00029863926,9.865723e-05,0.053744264,0.056651767,0.00010294893,0.0001296408,5.975423e-05,0.0034030608,0.00079230964,0.0015626369,9.348333e-05,0.0001666577,0.00019299508,7.31161e-05,0.00027197145,0.00013061079,0.00012325862,0.00016539573,0.00026392387,0.0002795601,0.0001928284,0.00024844613,9.500738e-05,8.6827524e-05,0.00034872437,0.48026186,0.03318801,0.86995023,0.9563751,0.9313954,0.92685384,0.9172551,0.7723042,0.9996415,0.96277887,0.9857593,0.8754469,0.00030857057,0.00015018767,7.0478e-05,0.00041906265,0.00068069,0.00022035901,5.4455486e-05,0.00048812738,0.00026520833,0.00026414767,0.00016542464,0.0028098854,0.00025166283,0.0012883527,0.0002215591,9.272467e-05,0.00037997667,0.00026747174,8.531642e-05,0.00011902626,0.0006747669,0.52167577,0.00015618255,0.000195648,0.00017513472,0.000354333,0.00066546554,0.0028056705,6.4164364e-05,0.0022958487,0.00021445494,0.0003510014,9.6211406e-05,0.00012713278,0.0012277252,0.0002078917,0.00094825856,0.00021785787,0.00015657175,0.0033084063,0.00026646763,0.60774547,0.00021785787,9.442996e-05,0.00025152776,0.00018104048,0.00027912384,0.00024138764
Women (18 - 59 y),0.00022544508,0.00011470764,0.00011026244,0.0005985106,0.00011808228,0.0011659134,0.0003580175,0.0015030439,8.5871914e-05,0.00021952864,0.00029204282,9.782488e-05,0.054775115,0.032054257,0.00010433883,9.265882e-05,5.975423e-05,0.0035534487,0.0010886526,0.00044211512,0.00010023869,0.00018806827,0.00020009904,7.4504525e-05,0.00031836884,0.00026168564,0.00018657702,0.00018462069,0.00068750995,0.00031806924,0.00032495803,0.00024991858,9.681084e-05,8.6955726e-05,0.0006520086,0.67842644,0.04047625,0.7388448,0.87497544,0.9708182,0.96281874,0.8852332,0.924042,0.9862776,0.9995518,0.576564,0.988044,0.00038062118,0.00014829358,7.029511e-05,0.00043621007,0.0009081856,0.00030368814,9.3748815e-05,0.00037970004,0.00022426166,0.00022219693,0.00016727443,0.0017034299,0.00025099266,0.0010799101,8.387147e-05,9.277277e-05,0.00038501644,0.0002671793,7.006588e-05,0.00030311284,0.00066327746,0.25263643,0.00015197389,0.00019855818,0.000221775,0.00036872743,0.00068183965,0.0009654827,0.00017975627,0.00064281496,0.00024251855,0.00035948065,9.536721e-05,0.000120979064,0.001120447,0.00020440991,0.0009955567,0.00028716165,0.00015159215,0.0026832994,0.00090780994,0.7966062,0.00036898628,9.466856e-05,0.00025379955,0.00018114188,0.00031586038,0.00020518544
(Elderly men 60+ y),0.00027010654,0.0001940443,0.00038087257,0.004975801,0.000112758586,0.002987324,6.2516374e-05,0.001555063,9.192209e-05,0.0006297579,0.00038020336,0.00011910276,0.0759617,0.05824369,7.185722e-05,8.524195e-05,7.4458025e-05,0.000602997,0.0003204097,0.00049245707,0.0002235841,7.034314e-05,6.997617e-05,8.666927e-05,0.00015399125,0.00026894425,5.335842e-05,8.6907254e-05,0.00026052637,0.0002543867,0.0005725934,0.00012249502,8.9254805e-05,0.0005094217,0.00021874177,0.18008173,0.04047964,0.054846134,0.17103216,0.27690345,0.18349181,0.14270681,0.102610216,0.77944076,0.22313626,0.99931437,0.98279035,0.000536515,0.00018830641,0.00014345565,0.00021592069,0.0004498205,0.0007316925,0.00034209355,0.0013881185,0.0005251372,0.00033277515,0.0009498928,0.003405872,0.00036357288,0.0039102635,0.00039121715,0.00030563265,0.00028103468,0.00066829583,0.00022074893,9.234429e-05,0.0011887022,0.04310587,0.00019795905,0.0002219958,0.00031511026,0.00036033534,0.0007446448,0.0011839906,0.00014975194,0.0021069744,0.00012751059,0.0004238118,0.000740472,0.0003196892,0.0010872445,0.00041251435,0.00029596925,9.378407e-05,0.00033018988,0.032431733,0.00024811373,0.07107792,9.3505914e-05,0.00021345205,0.000120400524,0.00031230587,0.00014442214,0.00041486303
(Elderly women 60+ y),0.00027010654,0.00019458811,0.00037329257,0.0032124233,0.000112758586,0.001878045,6.2516374e-05,0.0014390283,9.3148265e-05,0.0006458402,0.0005663479,6.896313e-05,0.06760961,0.04121985,7.415859e-05,8.524195e-05,7.523901e-05,0.00053246383,0.000537302,0.0004912297,0.00022533363,7.034314e-05,6.997617e-05,8.7004075e-05,0.00016464705,0.0002685173,5.335842e-05,0.000116130854,0.000259678,0.00025334192,0.0006047437,0.00011892884,9.055765e-05,0.0005060971,0.00040543595,0.18558605,0.087352745,0.036490314,0.05066177,0.22623982,0.25922194,0.10005116,0.14195392,0.22906548,0.75864136,0.9928489,0.9988911,0.0005373445,0.00017610243,6.3472246e-05,0.00023412134,0.0004861455,0.000890631,0.00034328896,0.0005220104,0.000523342,0.0013713773,0.0009459559,0.003405872,0.00035939473,0.0025351841,0.00038557823,0.00030627468,0.00032189407,0.0009302403,0.00023397514,0.00052829104,0.0011901141,0.02779333,0.00019896748,0.00025239983,0.0015215013,0.00037791146,0.0006254459,0.0017315596,0.00015677267,0.0020980276,0.00019631168,0.0004232984,0.00072368124,0.00021720715,0.0011116917,0.0004103128,0.0009581556,0.00023310089,0.00046813834,0.044927213,0.00024977452,0.30935106,0.00010847331,0.00019505744,0.00012450217,0.0003235749,0.00020925814,0.0004249823
Have IDPs been displaced previously,0.0020465038,0.007920025,0.013617915,0.0019532386,0.0022642696,0.00093778875,0.00046491652,0.001014032,0.00010877519,0.0017993163,0.0054358477,5.8773032e-05,0.00012358745,0.00023472591,0.021793984,0.00064408965,0.020286523,0.00013054372,0.97702384,0.009819156,0.899003,0.9293091,0.8370079,0.13216202,0.9429927,0.8975303,0.54005855,0.49169013,0.9603937,0.95013046,0.97494143,0.97854006,0.0005933803,0.0012819747,0.00042234876,0.00064855465,0.0012068847,7.497141e-05,0.000121161574,0.0001810296,0.0002795564,0.00023552889,0.00017152898,0.00020435407,0.00029135591,0.00051378936,0.000598617,0.99980783,0.033829473,0.12724279,0.0035742426,0.00059180363,0.0015628362,0.10572764,0.00694655,0.005704502,0.0060884655,0.06315911,0.00057600613,0.009893145,0.00070888246,0.0007547686,0.0007105943,0.0009813419,0.0039892043,0.75114423,0.9349106,0.0024923906,0.00024581453,0.008575899,0.9723097,0.04077041,0.90325004,0.9689186,0.0048545054,0.6484003,0.004759908,0.00044731735,0.92128146,0.02050623,0.7771791,0.7210988,0.00041557034,0.005899126,0.6635798,0.008148313,0.0005778384,0.0019383575,0.00058231386,0.7452875,0.6683733,0.99012595,0.0009097162,0.00070797215,0.98469114
Reason for displacement of Majority,0.0026644042,0.0029107137,0.0001841412,7.7488156e-05,0.0007341469,9.913444e-05,0.0017951262,0.0002977139,0.00049391686,0.00066658115,0.0012107267,0.00010370592,0.00089779746,0.0004183238,0.0009372552,0.002352357,0.08774531,0.0013149695,0.013099203,0.00027378352,0.005016849,0.002195374,0.00035671212,0.0015825751,0.002169775,0.0032354807,0.0021944211,0.0030189457,0.0039131315,0.0037679544,0.003421503,0.0021454114,0.011052392,0.047766436,0.018527849,0.0011418898,0.001168712,6.738548e-05,4.9246086e-05,4.200128e-05,0.000107405154,4.466196e-05,0.00010896741,0.00020749183,0.0001956031,0.0004696461,0.000458052,0.03285188,0.9998869,0.016255256,0.15064906,0.023900822,0.14250621,0.005451169,0.0006859019,0.00090492016,0.0009308442,0.00074577285,0.00019250001,0.00092821225,0.00019355777,0.018862823,0.0042108605,0.017459298,0.010226924,0.0049919,0.004522265,0.060349323,0.00027359583,0.20011044,0.0057173003,0.064091735,0.0045815064,0.0049924213,0.015900133,0.006018127,0.20125012,0.07592931,0.014045249,0.009451101,0.0050357264,0.006233228,0.010919075,0.04407228,0.006093752,0.07436278,0.00024151595,0.28274146,0.00034934012,0.008862017,0.0046082777,0.0073046675,0.009661725,0.13188654,0.007203661
Natural Hazard Risks,0.007049864,0.0032680444,0.008323154,0.0015001994,0.007890227,0.0034516365,0.00051267893,0.00033274392,0.0001739357,0.001590553,0.0037060275,9.395569e-05,0.00039998806,0.0003881473,0.050375313,0.0013152971,0.049460687,0.0010721375,0.287606,0.47257015,0.070814125,0.03133216,0.0059196763,0.7032733,0.3431448,0.06541713,0.0028666498,0.0067548878,0.008983044,0.22583875,0.3407231,0.02005533,0.00873871,0.015914664,0.0003677333,0.00047204978,0.00079146156,4.8527392e-05,6.797399e-05,5.3986027e-05,0.00017006969,8.3799176e-05,0.0001883452,8.606305e-05,8.7151006e-05,9.5011346e-05,4.526428e-05,0.22824027,0.013912642,0.99980783,0.021308249,0.0008760351,0.0020539055,0.7895752,0.2574931,0.00512679,0.07119672,0.88108426,0.0021766266,0.022705162,0.0053240308,0.003884568,0.0008962868,0.0030398641,0.0076432987,0.09336589,0.18419135,0.0014014912,0.00011923431,0.010396514,0.37780783,0.22491358,0.06314602,0.02435049,0.04003482,0.0723453,0.014468747,0.00034378088,0.098043285,0.079873025,0.06880999,0.055348486,0.0015534825,0.028701939,0.040463682,0.013272423,0.0037542137,0.0043510795,0.00019684594,0.051017236,0.05085959,0.31996465,0.0016305286,0.0009314336,0.17411336
Intended Area of Return,0.015714139,0.0035604828,0.0023765857,0.0001773474,0.00083199935,0.0008522762,0.0011149658,0.00023812172,0.0004835671,0.0015348496,0.0021534462,0.0002520897,0.00025419024,0.00020077276,0.0057085105,0.050642494,0.035022356,0.01655336,0.0035708635,0.0018719869,0.004209044,0.001585888,0.0002848193,0.0026143945,0.0023436237,0.0029852872,0.0013904315,0.0014794992,0.0030074785,0.0023277255,0.0027058555,0.00023652505,0.02515533,0.10884746,0.011129401,0.00071025727,0.0013474724,7.532206e-05,0.0003074636,0.0002848383,0.00028619514,0.00015641995,0.00015735104,0.00027033067,0.00042842282,0.00020803303,0.00023033515,0.003466643,0.23845474,0.021748362,0.9997802,0.06227839,0.23641728,0.0027708113,0.0028045685,0.00278825,0.0029593555,0.0025780331,0.0016087195,0.028210875,0.0015535565,0.015183109,0.022677232,0.0069922484,0.0005642502,0.005470192,0.0053363815,0.02702312,0.0009434237,0.06761647,0.0039812573,0.014644335,0.0023361694,0.0032757306,0.01202453,0.004687585,0.080342166,0.0056566563,0.0030744367,0.004545741,0.0038071494,0.0054749204,0.018418757,0.04485913,0.0038860787,0.0015375152,0.008301359,0.012024325,0.0008981238,0.00457422,0.0030975651,0.0026929951,0.015028289,0.049691744,0.0019718756
Reasons to Return Home,0.001524073,0.0003387635,0.0002345723,6.0296938e-05,0.0011527768,6.6045875e-05,0.0008664857,5.3137304e-05,0.0008111411,0.00010009776,0.0001234426,0.00038634083,0.0016868311,0.004185933,0.0006465443,0.0055700648,0.00067836425,0.009050743,0.00038185003,0.0002663162,0.00041550465,0.0004890177,0.00011721336,0.012081265,0.00047213153,0.00037361233,0.0002811382,0.00031100446,0.0005630086,0.0005630086,0.0004713972,0.00028183305,0.027320622,0.0046777483,0.17715073,0.0020159148,0.00025368834,0.0001251087,0.00017820387,0.000550814,0.0005511869,0.00047262324,0.00035553618,0.00035665577,0.0006938013,0.00039016875,0.0004692507,0.00045214454,0.0046710554,0.0006487398,0.019164424,0.9998387,0.8425546,0.0012110285,0.0006750708,0.0005808117,0.00057175144,0.0010538595,0.0005527864,0.0006328257,0.00026695165,0.015971193,0.0045164493,0.062328275,0.00059483666,0.00045619992,0.00045509986,0.039865073,0.00059938943,0.0019844621,0.00038415173,0.0032938188,0.00046287148,0.00034500338,0.002815089,0.0013934594,0.0025442932,0.17513177,0.0004245075,0.0023280354,0.0013687977,0.001608727,0.0042679003,0.00323684,0.0013910265,0.0015070536,0.000404265,0.03904061,0.00082965003,0.00075140846,0.00041315545,0.0005629821,0.14660999,0.11316445,0.0004111552
Reasons NOT to Return Home,0.0031748498,0.00021214933,0.00031710646,7.7229524e-05,0.00026406712,7.463889e-05,0.00059334794,0.00015703111,0.00059603155,0.00014263463,0.00020756121,0.00096714654,0.0013167711,0.004440598,0.0004898164,0.015581666,0.0020989599,0.0046505746,0.0007331368,0.00017590787,0.0005624939,0.00046382492,0.00022047697,0.005071392,0.00064358267,0.00040513137,0.00032954008,0.0003245746,0.00088929624,0.00088883034,0.0009041918,0.00046382492,0.037181396,0.02712506,0.057506528,0.00034519477,0.000102779384,5.8259575e-05,5.5742414e-05,8.840082e-05,9.175647e-05,9.175647e-05,9.242495e-05,0.00012294465,0.00015474817,0.00013510953,0.00015989537,0.0009138447,0.033520818,0.0012338617,0.07201987,0.792544,0.99986225,0.000532459,0.00036834265,0.00038429615,0.00038919298,0.00033924656,0.00012753993,0.00038281872,0.00011518105,0.0083524855,0.0024232136,0.042782906,0.00032215277,0.0005315339,0.0004694763,0.024419818,0.00017413821,0.003468351,0.00074955774,0.0046541477,0.0006062555,0.0005356497,0.0007274657,0.0007068216,0.0382634,0.020096352,0.000592898,0.0046202186,0.00082765234,0.0011365538,0.0034601893,0.0026841676,0.00089574343,0.001320205,0.000118315016,0.016060006,0.0002169229,0.0007941485,0.0005550356,0.0008981147,0.04298152,0.10566956,0.0006134825
% HH living outside (no shelter),0.0047799665,0.034800477,0.018641273,0.0045339894,0.0026646988,0.004316803,0.0001958099,0.0010645533,0.00014979937,0.0025324763,0.03549461,0.00014269163,0.00016663925,0.0001461061,0.005463936,0.00036359543,0.0062497496,0.00045433926,0.009112571,0.13292533,0.016899005,0.00596196,0.0032224809,0.31529957,0.0073612286,0.017755182,0.002937798,0.0061115045,0.014241942,0.008307984,0.09201517,0.03397649,0.00024581238,0.0011298492,0.0037602615,0.0011494588,0.00069581345,0.00026212138,0.000118656135,0.00013893776,0.00013771052,0.00013894399,0.00013930684,0.0001299325,0.0001378919,0.00063978997,0.0007855197,0.02243365,0.00250588,0.91774356,0.0058632847,0.00036104044,0.000490276,0.9996609,0.7626347,0.84416574,0.78687435,0.9951825,0.0031479213,0.119353905,0.003178411,0.0003849136,0.0015188819,0.0010864672,0.015612269,0.020093776,0.12931733,0.00068916596,0.0007755814,0.0005536699,0.021552363,0.046061285,0.01969063,0.082873344,0.0034951237,0.017089644,0.0012184803,0.0007491787,0.019425616,0.016608024,0.01787033,0.017942434,0.0017999591,0.0016566841,0.010725945,0.009959216,0.0014355818,0.00036689817,0.00051887473,0.019311836,0.018368734,0.13493678,0.0003000434,0.0006411901,0.13508806
% HH living in EmS,0.0016696973,0.001809516,0.0009829004,0.00064616045,0.0019321791,0.00065909955,0.00016321763,0.0002776519,0.00012749003,0.0006354613,0.009006711,0.00065591355,0.0012934504,0.00060588605,0.0048239017,0.0006240957,0.0030368518,0.00077516853,0.0119293975,0.36053795,0.018799178,0.001927554,0.0018569364,0.31726792,0.015239341,0.00930015,0.006081147,0.0015190428,0.010548837,0.068206996,0.11847914,0.020640474,0.0006721994,0.0035954409,0.0010885661,0.0017563303,0.0010240031,0.0001280276,0.00010380776,0.00021798961,0.00019767396,0.00024666448,0.0002545185,0.0003519252,0.00043323883,0.00046458712,0.0002179594,0.07320123,0.0134793,0.89068687,0.0025066189,0.001302762,0.0013716331,0.9983912,0.99971235,0.88319427,0.98253965,0.996669,0.023606302,0.5164292,0.024025004,0.0013798088,0.008512681,0.0013672045,0.010237469,0.01422583,0.10386991,0.00419831,0.00034015893,0.0028724137,0.020952057,0.1761816,0.015305994,0.061224993,0.0011181604,0.0075053936,0.0014914019,0.00067707594,0.0112208715,0.014567344,0.016569357,0.014532999,0.006213876,0.002775412,0.019580165,0.006751523,0.010814032,0.00108203,0.0011529817,0.020810667,0.0150796985,0.07409518,0.00027583647,0.00092204375,0.048248645
% HH living in makeshift/self-made shelter,0.0021925624,0.0017697808,0.00058787555,0.00043620227,0.00597774,0.0006804761,0.00021154752,0.00026026345,0.0001384396,0.00032803492,0.006610526,0.00034192114,0.00027816984,0.00053093163,0.0025321986,0.0008090537,0.0005769989,0.00061819406,0.011630727,0.33394593,0.0030671882,0.0027458274,0.0018729285,0.15204018,0.004263604,0.006247582,0.0019298508,0.0028017494,0.0029099062,0.022044335,0.10926614,0.028974822,0.00032050823,0.0004312821,0.0038851518,0.0021348288,0.0006163434,0.00011965127,0.00012818715,0.0003355938,0.00034211835,0.00026927082,0.00026759243,0.0002728205,0.00033666592,0.00014941502,0.0001495398,0.10107796,0.0033354703,0.6911911,0.0021855293,0.00050590886,0.0007601976,0.9992023,0.9800789,0.99801373,0.9833668,0.99574935,0.011300799,0.45577577,0.0034232961,0.00044722273,0.0076589,0.0012234075,0.053951383,0.013414988,0.09954775,0.003815989,0.00036756782,0.002595827,0.016793253,0.23848252,0.014176059,0.058912165,0.0019725403,0.0101618245,0.00048420802,0.0017870227,0.01944266,0.013634751,0.021575429,0.053049777,0.004284315,0.004712382,0.04859691,0.0064253374,0.002930044,0.00092195673,0.00040569124,0.055840895,0.023121482,0.10263457,0.00027013544,0.0017869854,0.08974961
% HH living indoors (solid walls),0.00029257676,0.00037285674,0.00027906554,0.004624987,0.0010325459,0.0062507093,0.000105174186,0.0015920395,6.463026e-05,0.00092276983,0.00043307804,5.2298157e-05,0.007614904,0.007353674,0.0006986665,0.00041454003,0.00021622877,0.00015246724,0.00021483848,0.00045096673,0.002432712,0.00021495394,0.00026807244,0.00039830458,0.00027601185,0.00026123843,0.00021462663,0.0002151671,0.00021507656,0.00021503204,0.0006617248,0.00022198127,0.00010189108,0.00015462373,0.0002730693,0.011312958,0.014432809,0.0030811313,0.0055475095,0.0028530627,0.0062336535,0.0023468565,0.004538256,0.0016285186,0.0014819476,0.0032738592,0.02120536,0.00054197543,0.00063898,0.0010384283,0.0030902363,0.00019753096,0.00022116101,0.033970788,0.23178492,0.5268846,0.9906101,0.019190146,0.9706514,0.545507,0.9818931,0.00018018325,0.00068727677,0.0004273778,0.0022067714,0.0054220418,0.0039497656,0.00046278938,0.006699305,0.00038653333,0.002448647,0.0014020071,0.00046990713,0.0027671738,0.00072661997,0.0036267042,0.00027733916,0.00038783456,0.0005673261,0.0025542737,0.0024607822,0.0038067237,0.0002776758,0.0006770928,0.0033365136,0.0013697584,0.98138857,0.0002091407,0.014224199,0.003870288,0.0034348203,0.0005507987,0.00018259052,0.00044931984,0.0024840892
% HH have access to electricity,0.002031487,0.0018028327,0.0010998122,0.0006227315,0.0047969935,0.001607993,0.00059191335,0.00041951274,0.00036163567,0.000555181,0.0065550506,0.0007790413,0.0008033217,0.00080217386,0.0028315282,0.0011869902,0.0031792005,0.0006080086,0.0057907235,0.28892305,0.054108836,0.0036250094,0.0037978354,0.049480144,0.0035969445,0.0036765058,0.0011967088,0.0011921092,0.0042292736,0.0036148997,0.0050970917,0.0039142673,0.0007245423,0.00071473117,0.0011852215,0.00030000432,0.00071655976,0.00026502603,0.00020578837,0.00023308655,0.0002093731,0.00014706796,0.00015014362,0.00020544505,0.00019040138,0.00087987824,0.00084604457,0.012916569,0.010849954,0.2289327,0.016846905,0.0007465261,0.0005167284,0.75069654,0.9964129,0.995199,0.9967007,0.99978125,0.15908954,0.99781674,0.07735905,0.00087008823,0.009953457,0.0012499434,0.05903864,0.045501146,0.032732107,0.0014158234,0.0006701873,0.0013456013,0.0059359455,0.04914557,0.0058797705,0.016993633,0.0065726065,0.15202782,0.00095637894,0.001092815,0.004509435,0.026018173,0.13740042,0.10180939,0.0035105739,0.0036695937,0.13186327,0.01435478,0.08457668,0.0007814143,0.0022120636,0.12884174,0.051991597,0.019374363,0.00035632582,0.0008420861,0.039023925
% HH have access to safe cooking facilities,0.00028746316,0.00038503125,0.00037171677,0.0019931195,0.0009654046,0.007909012,0.00016215873,0.0024528157,0.00012031363,0.00041550552,0.00045772683,0.000157102,0.00989813,0.0070348405,0.000640864,0.00028505764,0.001226318,0.00011445131,0.00037144078,0.0003948711,0.0023229741,0.0002924412,0.0002995084,0.0004053805,0.00028900636,0.0002645054,0.0002708451,0.00028858107,0.00029313867,0.00022548751,0.00029586954,0.00020512725,9.8053526e-05,8.040283e-05,0.0005678728,0.003824647,0.004803242,0.0018612058,0.0016005798,0.0014862539,0.0018891697,0.0012260767,0.0012825431,0.0019687149,0.0019665973,0.0027087673,0.0026150264,0.00061287096,0.0006473508,0.0008482118,0.001866137,0.0004389352,0.00023432214,0.0075071314,0.045747075,0.13101366,0.07425108,0.057990484,0.99983644,0.3833852,0.9856502,0.00048228845,0.0007569998,0.00069700024,0.0018011393,0.003476443,0.0053867674,0.00034141124,0.006518574,0.00043945937,0.000736356,0.0044825743,0.00058701757,0.0027047007,0.001270263,0.012141634,0.00046157715,0.0005816247,0.00071769854,0.0028521777,0.010830379,0.012500092,0.001493025,0.0046145944,0.0126972385,0.007066862,0.995481,0.00044220765,0.004631987,0.01450709,0.002477038,0.0025230043,0.00011243492,0.0002853194,0.0024325664
% HH have private living area,0.0043068384,0.00160396,0.0010583675,0.00040116478,0.0048209527,0.0018956872,0.0006293842,0.00040467118,0.0003047683,0.0006078634,0.006548373,0.0016349121,0.0008151625,0.0007846476,0.0030796998,0.0008799608,0.0031736102,0.0028118633,0.0058832364,0.009051276,0.052357115,0.0011922151,0.00088659447,0.004810124,0.003986544,0.0058358135,0.0014138038,0.00088798464,0.005714648,0.003233511,0.005774361,0.00093884463,0.00054581574,0.0002441529,0.0010478583,0.00055228383,0.0010210883,0.00019512669,0.00014606296,0.00025073855,0.00020164567,0.00020113216,0.0002010701,0.00020639661,0.00018976214,0.000292,0.000287147,0.009937202,0.003808977,0.02327753,0.03607101,0.00065064913,0.00067761773,0.4416231,0.9979022,0.9967885,0.9978392,0.9371344,0.1787889,0.999858,0.20603062,0.00044908826,0.009975067,0.0017886019,0.070678145,0.09870566,0.02110295,0.0013692821,0.00051788933,0.0021009222,0.0129839415,0.005229494,0.0072494154,0.005471721,0.0009308463,0.052140992,0.0010636367,0.00060677936,0.0045083473,0.03093884,0.05571697,0.036865275,0.003487278,0.0037606664,0.030890064,0.012941932,0.20285043,0.00074819784,0.0006905415,0.09289494,0.053344768,0.0131850615,0.00025741258,0.0008730754,0.022595864
% HH have mosquito nets,0.0003871541,0.00036934437,0.00045822933,0.0046745245,0.001014546,0.023180287,0.000109777415,0.0015412128,6.7028e-05,0.00044082763,0.0004009412,0.0001461409,0.01576695,0.0067381524,0.0028738903,0.00085733004,0.0016880188,0.00013797391,0.00073623954,0.00041630768,0.003467368,0.00047306318,0.00038823215,0.00041697844,0.00051465863,0.0004732098,0.00035496027,0.00035702038,0.00046090523,0.00037478417,0.00068201916,0.00037154905,0.00013144579,0.0001874815,0.0007001233,0.004453945,0.006486928,0.002613522,0.0023412288,0.0018847021,0.0018978943,0.0019566584,0.00168722,0.0014239865,0.0010633243,0.0032506636,0.0017982575,0.0007915955,0.00068178284,0.002068148,0.0031527937,0.00043305705,0.00019653174,0.008741965,0.06651685,0.16985667,0.058619834,0.02913851,0.9955783,0.37327582,0.9998282,0.0006273245,0.00087117485,0.00041888293,0.0018357473,0.0025384957,0.003184754,0.00041671508,0.0065380004,0.0006174576,0.0006568949,0.0020770496,0.00064766104,0.0027773122,0.00073606713,0.0037916442,0.00027185347,0.0005722769,0.0005019843,0.004303104,0.0025528434,0.0036094808,0.00027106848,0.00066302024,0.0029960272,0.0013296588,0.9955314,0.00043424917,0.0048893215,0.0042294543,0.0033542234,0.0018874818,0.0002442067,0.00020381458,0.0030796449
Most needed NFI,0.00053649285,0.00021032983,0.00033806573,0.000108154454,0.0019244086,0.00018378212,0.0072137346,0.00010480622,0.0036509878,0.00027467436,0.00022482646,0.0032040274,0.007909822,0.0071156626,0.0032030188,0.010778299,0.008722301,0.01716086,0.0010574315,0.0007380377,0.00075974554,0.00032829522,0.00072227285,0.003701004,0.00033872228,0.0005584732,0.031419747,0.00077163783,0.0004789131,0.00036766232,0.00046783302,0.00031392413,0.02668979,0.0043918504,0.09978159,0.00086693716,0.00060190033,8.805267e-05,7.682669e-05,0.00018167356,0.00017810166,0.00018167356,7.535518e-05,0.00018723695,7.607405e-05,0.00014302834,0.00013179609,0.0012618767,0.020418052,0.0037958915,0.009986059,0.053234916,0.005874335,0.0014007834,0.00077580486,0.0006279911,0.00045495026,0.0013597241,0.000456548,0.00045733037,0.00038370152,0.9998239,0.0012985645,0.05483453,0.0041203233,0.0003346087,0.00042016123,0.0018821127,0.0002038312,0.0058503086,0.0003316622,0.02121411,0.00048696314,0.0005120435,0.0018205866,0.0010245922,0.0069481893,0.06333387,0.0007464875,0.008638427,0.00071839045,0.0006504374,0.0011283807,0.016213436,0.0008975209,0.0021168997,0.00033545625,0.22054125,0.00022404858,0.00044673338,0.0005733924,0.0007385799,0.023359643,0.016045928,0.00054510747
Location of site main water source,0.013517153,0.0007565558,0.00024835375,7.366366e-05,0.00027002397,0.00013874372,0.00015794567,0.00010531517,0.00014199503,0.00011600453,0.0022409216,0.00045807243,0.0006212092,0.00043643333,0.0026419372,0.022207214,0.0058203414,0.0045285667,0.0018428633,0.0007151548,0.0022167317,0.00021098879,0.00018300177,0.00042763317,0.00045216657,0.0008866726,0.00046445083,0.00018451367,0.00073086866,0.00077908795,0.00045084767,0.00018240634,0.0007730785,0.0022653798,0.007908412,0.00033913334,0.00026416048,0.00012569898,0.00011102661,0.00010499116,0.00010499116,0.00010499116,0.00010459597,0.00010459597,0.00010851448,0.0002868894,0.0003955925,0.00069205643,0.015624099,0.0006630743,0.018925287,0.0048511163,0.0066046435,0.010064921,0.021765301,0.03783909,0.023489388,0.009079976,0.0033686513,0.045244724,0.0031441187,0.0013974267,0.99986684,0.090498924,0.014583844,0.0059401277,0.003807806,0.055586293,0.00086564675,0.008583001,0.00084200146,0.027421588,0.0021929736,0.0026117032,0.0013455066,0.0042501753,0.0029325795,0.0115124285,0.00079443684,0.00074342324,0.0007701516,0.0011233009,0.075740695,0.010076293,0.0060154186,0.0035265815,0.004195318,0.0059491573,0.001751188,0.0013371898,0.00085499487,0.00088422163,0.005812701,0.0044265427,0.0021949527
Main drinking water source,0.0023928639,0.00031189373,0.00037667275,0.00014298342,0.0024631934,0.00042519203,0.004077472,0.00012218923,0.0019614883,0.00026222732,0.00020115414,0.004652578,0.0016911066,0.0047564884,0.008174159,0.0021532555,0.0043530003,0.018921465,0.0009468374,0.0012332186,0.0009959419,0.000754535,0.00072854536,0.052801155,0.00080261903,0.0014576302,0.0006113614,0.00072403316,0.0009006159,0.0011799005,0.0011283342,0.0002311912,0.17189015,0.018253487,0.030399103,0.006837867,0.0012430829,0.00011720036,0.00018249487,0.00011334896,0.000146062,0.000112760004,0.00014599423,0.0003115445,0.00041428415,0.00028326435,0.00037736844,0.0010207675,0.008649372,0.010919207,0.021048456,0.011492402,0.050030727,0.0016148883,0.00089562306,0.0008434636,0.00084155204,0.00091644883,0.0001819005,0.0015001958,0.00018983315,0.035471622,0.08878887,0.99772376,0.004606239,0.08311592,0.0152131505,0.0078578675,0.0008067076,0.045019496,0.0013648039,0.0040757786,0.0013601597,0.0011374551,0.0020260445,0.0015258251,0.04859915,0.19102885,0.00316773,0.012532083,0.0014337073,0.0013344879,0.0074981907,0.037848935,0.0014824411,0.010505704,0.00032873152,0.053341087,0.0036087506,0.0012318493,0.0009621094,0.001215986,0.052338354,0.06938932,0.0011761722
Avg amount of water available /day/person,0.0010660558,0.0049216477,0.00092412514,0.00028706464,0.0025105232,0.0002609085,0.00034100586,0.00068766566,0.00027319323,0.00022181896,0.017738426,0.00019215434,0.00074722874,0.00093968067,0.0039957613,0.0011022023,0.005879117,0.0031891658,0.0051487717,0.00100432,0.0022050473,0.001061586,0.0010499101,0.0020058546,0.0011086414,0.0010607666,0.00054192025,0.00081198214,0.00055925065,0.0007814029,0.0007737414,0.00078175584,0.00040295155,0.003131241,0.0012091697,0.0008644713,0.0007761651,0.00070098793,0.00033358647,0.0002846029,0.00028317465,0.00027251104,0.00027167273,0.00028037923,0.00023436117,0.0007751712,0.00052278495,0.0036200874,0.010493232,0.009026032,0.0032625375,0.0005329656,0.0005532637,0.074912935,0.010154641,0.08564315,0.067414865,0.06328472,0.0029751747,0.078134865,0.0031214412,0.0016005923,0.01401091,0.003114233,0.99981254,0.035241824,0.085960336,0.030948404,0.0011160035,0.01059229,0.005568498,0.029987741,0.0036396072,0.0063215736,0.0035770813,0.012906613,0.0034282322,0.0032957883,0.0038174405,0.062299643,0.0043788925,0.012119035,0.019181285,0.004296955,0.008765482,0.0917224,0.002486845,0.001226604,0.0017575619,0.009054254,0.00041018135,0.0053258613,0.0028294306,0.001889439,0.0061903177
Is drinking water potable,0.0025245778,0.006188977,0.026974924,0.002866283,0.0016568475,0.0007703228,0.00034728216,0.0007429951,0.0001485636,0.0013227549,0.0041482574,7.8639474e-05,0.000121711644,0.000114633,0.023921628,0.0025863298,0.034209915,0.0004607701,0.89153945,0.01611254,0.96953684,0.97138786,0.6828735,0.045791846,0.8851168,0.98205817,0.9376021,0.96234846,0.96241266,0.9151135,0.8130157,0.48173732,0.0007440357,0.0064955587,0.00088331,0.00044661385,0.00087519607,7.994002e-05,7.5224496e-05,9.401444e-05,0.00038963347,0.00015660512,0.0005846296,0.00014327063,0.00012908317,0.0003267946,0.0003867915,0.84011954,0.010140556,0.07409436,0.0030783275,0.00058518525,0.0008780031,0.02029551,0.034071617,0.051585432,0.053341586,0.012199647,0.0035404952,0.098740324,0.0024629585,0.000358453,0.0057144044,0.14809737,0.013875674,0.9998011,0.84773886,0.002648529,0.0005235825,0.008044067,0.9842805,0.004946771,0.98802626,0.7332839,0.061197218,0.9821724,0.006121442,0.0010344208,0.9870654,0.022531936,0.9887139,0.987577,0.00055744057,0.012550411,0.9816732,0.008622716,0.0038001651,0.0006012646,0.00028274136,0.96470916,0.96794194,0.58387727,0.0010677357,0.0016781214,0.53865623
Complaints about drinking water quality,0.0016465175,0.004748738,0.043113224,0.0013950089,0.0012699056,0.00036053092,0.0004617568,0.000648507,0.00014254301,0.00087629724,0.003160526,5.936234e-05,0.0001625137,0.00014952208,0.0050365143,0.00044603407,0.021276342,0.00012262158,0.8242446,0.07528567,0.47801697,0.13819674,0.1620852,0.3566061,0.51648134,0.18334097,0.053984992,0.11062272,0.49506235,0.7617734,0.45291448,0.5832743,0.00046897482,0.0038697368,0.00088185945,0.00012786788,0.00041239607,0.00014688818,0.0001624528,0.00011058664,0.00010541002,9.736298e-05,6.3154504e-05,9.699615e-05,0.00016472298,9.16316e-05,0.0006120085,0.8964373,0.01239364,0.1673197,0.009549331,0.00032773844,0.00082470756,0.122410715,0.059308026,0.037542515,0.05217512,0.09543935,0.0051575317,0.018206047,0.0040199114,0.00038000854,0.0096284915,0.0149069335,0.07522853,0.8644155,0.99980086,0.0027319156,0.0007644803,0.0070794667,0.90567386,0.054904502,0.72911096,0.98548716,0.00638022,0.49847835,0.0040936195,0.0010845945,0.7625341,0.06479478,0.56795764,0.5290794,0.00058989675,0.010905059,0.6111793,0.014071666,0.004827966,0.0009998037,0.000606316,0.5555023,0.47993487,0.9352617,0.0010823422,0.0033678384,0.98966116
Condition of most of the toilets,0.0006865108,0.001052725,0.00036082664,6.0231272e-05,0.0024343918,5.619674e-05,0.0005588749,0.00019610893,0.00027898047,0.00016179448,0.00071997324,0.00013004332,0.0031053792,0.00073461735,0.015042749,0.00085621147,0.03261603,0.013206498,0.0029651348,0.0011055579,0.0032284092,0.0004149128,0.00033294698,0.0025448387,0.00033294698,0.00043799286,0.00033687789,0.00033639092,0.0031420584,0.0031420584,0.0016757037,0.00033294698,0.0017110183,0.011628268,0.15714285,0.0021111083,0.004110388,0.0009786879,0.0007528431,0.0007114746,0.00075915136,0.0006111928,0.00073343085,0.0007569814,0.00071172364,0.0009055857,0.0009361737,0.0031837483,0.03605437,0.0020798028,0.031380765,0.021082086,0.06000817,0.0063341195,0.0012841696,0.001680081,0.001655451,0.005764906,0.0003874926,0.0016983801,0.00044322797,0.0011199438,0.06951664,0.030359097,0.036756866,0.003725294,0.0031785716,0.9997824,0.30281147,0.01112954,0.0034502135,0.031022971,0.010243054,0.018505013,0.0115059065,0.012425146,0.012844078,0.023503188,0.0034579309,0.04713219,0.0038825762,0.0045438106,0.2859573,0.018827306,0.0115196165,0.18065943,0.000462712,0.016030569,0.009224055,0.0037650582,0.0037480225,0.0032802424,0.27013764,0.03138161,0.0116402395
# of functioning toilets,0.00025926923,0.0002123997,0.00021175934,0.0004333779,0.00046524213,0.0017107248,0.00036314558,0.0021706852,8.910298e-05,0.0004661818,0.00038914062,8.007464e-05,0.053935982,0.026134463,0.00010681659,9.9995494e-05,0.0002756573,0.0053348956,0.00077225355,0.00016616756,0.0009888067,0.00011077138,0.00013462607,0.00023583975,0.00015505619,8.448058e-05,0.00010923163,0.00013899627,0.0010577202,0.00070211035,0.00037706326,0.00012538726,0.0005640486,0.00016790861,0.0013933553,0.3145349,0.11055008,0.553363,0.5213799,0.054143917,0.08164139,0.052006237,0.05004666,0.06948087,0.04926146,0.7766068,0.6494679,0.00042923354,0.00015628054,0.00010106885,0.0009956053,0.0012004076,0.00033059838,0.00015399867,0.00081691553,0.00071223517,0.0007554649,0.0003645605,0.0071458207,0.00078380137,0.007096401,0.0002243742,0.00080933806,0.0012104572,0.0015333045,0.00020510695,0.00043084688,0.32050577,0.9997541,0.00055852236,0.00053360383,0.0038944017,0.00027820596,0.002635753,0.005983002,0.00012707472,0.0101349065,0.0018310737,0.0012217382,0.00037989416,0.0003091406,0.00085673016,0.0022173782,0.0075636874,0.0008129816,0.0048805946,0.021449156,0.004135142,0.50463456,0.0006762827,0.00028621263,0.00076070806,0.0016455011,0.0015329568,0.00048106952
Main garbage disposal,0.005974218,0.00084960554,0.00019641632,7.540236e-05,0.0018343072,0.00014269099,0.0022417854,0.00021937594,0.0023657978,0.0010994815,0.00094666454,0.00032650772,0.00039525106,0.00027622606,0.030009095,0.001319311,0.089712024,0.041338675,0.00738808,0.0003598021,0.005741916,0.005633178,0.005631244,0.015256633,0.0042449944,0.0057071224,0.003765653,0.0010336201,0.0069271047,0.005478411,0.0057180226,0.00044414573,0.059903342,0.10152723,0.0051699253,0.0002799568,0.00068917754,0.00011643975,0.00010235769,9.713861e-05,9.577087e-05,9.6343836e-05,8.112796e-05,0.00014355958,0.00016471063,0.00020955954,0.00024727423,0.008669867,0.38352996,0.007834499,0.120659925,0.006645198,0.022601182,0.0030073635,0.0020382719,0.0021204362,0.0019869502,0.003736339,0.00045303043,0.0022846877,0.00052607,0.010002342,0.007709491,0.025382213,0.013401316,0.0074537275,0.0069057317,0.011245169,0.00056038925,0.9993845,0.12981434,0.06299705,0.0069881273,0.0055500553,0.00075892,0.006003543,0.10547515,0.025916213,0.0055261063,0.08198591,0.0077640773,0.003929265,0.01486581,0.034536764,0.003129446,0.030580504,0.00037152736,0.012103548,0.00058873824,0.0042436975,0.004531918,0.0028433155,0.011717429,0.17493598,0.006073167
Garbage and solid waste problem,0.0015682786,0.0039294367,0.0045063356,0.0030224314,0.001940053,0.00056309067,0.0005394224,0.00083132955,0.00015483207,0.001205677,0.0054632127,7.715486e-05,8.0918006e-05,0.0001420618,0.0027667265,0.0044727162,0.04452115,0.0003713927,0.9808573,0.016618663,0.88244754,0.9756602,0.80828047,0.34447423,0.9433931,0.9709294,0.93522894,0.972161,0.9578049,0.9501432,0.9796493,0.7495061,0.00070152147,0.002775385,0.00075408525,0.0005095425,0.00075918983,7.6333316e-05,7.3798656e-05,0.00020093551,0.00053463836,0.0002296785,0.00043280935,0.0002261659,0.00028618847,0.0004102022,0.00045410296,0.9853446,0.004592263,0.36298501,0.0039899084,0.0004652668,0.001642603,0.03010936,0.00856389,0.0065805637,0.024187243,0.1046667,0.00082736125,0.012927658,0.00067152997,0.00015746205,0.00085676654,0.0014176113,0.0056058234,0.9824795,0.9346083,0.0025946703,0.0003924529,0.13215962,0.99980086,0.06089661,0.9893872,0.9688842,0.04631551,0.9243753,0.004421711,0.0007628393,0.96158916,0.0982595,0.92574114,0.9351499,0.00041298493,0.00937245,0.88860464,0.0108149545,0.00055137684,0.00082472275,0.0007430119,0.9209016,0.91061616,0.9697459,0.0010022286,0.00051656103,0.95618474
Availability of hand-washing station,0.0005361724,0.0004936581,0.00020865194,6.847728e-05,0.00093590457,7.5149306e-05,0.004169716,8.862659e-05,0.0016218257,7.46176e-05,0.00034299967,0.00026250567,0.000600458,0.00064201467,0.01310687,0.0041290456,0.0100936955,0.0026512244,0.04742333,0.15935487,0.0079072,0.023465851,0.0056515746,0.14799355,0.04251471,0.0059445403,0.00048270245,0.002050338,0.006344653,0.043463387,0.045578018,0.0054843077,0.003288153,0.043286536,0.009783725,0.0018261123,0.0024777746,0.00026899745,0.000180478,0.00016254504,0.00016254504,0.00016254504,0.00016491307,0.00016243417,0.0002450617,0.00028029596,0.0012174222,0.040782522,0.031516496,0.28380647,0.02318066,0.0036744303,0.0027166393,0.3076484,0.06492194,0.0074054054,0.08744481,0.3663353,0.0051693413,0.0062493365,0.0009987663,0.019179286,0.020929007,0.0038900964,0.034464527,0.0045005972,0.12448854,0.030041996,0.0038063547,0.045047022,0.059285592,0.999813,0.06168423,0.06278569,0.0019580435,0.005352682,0.102684386,0.044393055,0.057604425,0.044527285,0.0062430426,0.004397645,0.034324728,0.16523466,0.004422359,0.14823203,0.0044363625,0.101105794,0.002090516,0.0032627115,0.010487944,0.047808003,0.013276683,0.009815118,0.0959634
Hygiene promotion campaign,0.0016658308,0.0039060297,0.007206015,0.0013107215,0.0015164763,0.00039260872,0.00055201544,0.0006305464,0.00015488193,0.00072058645,0.005253484,8.5277505e-05,8.303819e-05,0.00015459073,0.03222714,0.0038357934,0.030646583,0.00035080296,0.9908102,0.016739395,0.9214865,0.98092157,0.79705536,0.30629882,0.9788004,0.96841735,0.86730826,0.71267664,0.96751213,0.9818038,0.97910756,0.79893136,0.0011259147,0.0013566964,0.0006654554,0.00044683422,0.0006903744,7.391088e-05,7.297444e-05,0.000267969,0.00037869395,0.00022736473,0.00020306958,0.00043754242,0.0004672219,0.0006949029,0.00070399896,0.968215,0.004996392,0.24358492,0.003201447,0.00051733025,0.0019455061,0.10870002,0.008623188,0.0066187093,0.0057110908,0.092302464,0.0006844042,0.004458079,0.0007023608,0.00047725826,0.0021641932,0.0012102071,0.005078072,0.9386056,0.96462405,0.0073071127,0.0005339149,0.0070302077,0.98912495,0.06846008,0.99979633,0.9924868,0.040656593,0.8957968,0.004691835,0.00069871004,0.978229,0.036097463,0.95692307,0.8779198,0.0010206522,0.009145932,0.66693866,0.028625723,0.0005541097,0.0022020978,0.000760241,0.6680635,0.8394454,0.96914804,0.0010411004,0.0009526983,0.9330531
Evidence of open defecation,0.0016446806,0.0045771822,0.04235369,0.0013385846,0.00144592,0.00041823243,0.0004613883,0.0006394732,0.000108961205,0.0008767519,0.0054571386,5.8690573e-05,9.641483e-05,0.00013258168,0.0027763979,0.0006553266,0.06786913,0.00013007795,0.93567795,0.03725099,0.6763841,0.24474125,0.48316205,0.29816538,0.7236458,0.32041782,0.17434026,0.1776298,0.86298245,0.93432885,0.9268942,0.7994031,0.00084428885,0.001438585,0.0018165526,0.0003430198,0.0013242085,0.00011319426,0.00010340522,0.00024144318,0.00019666913,0.00017735941,0.00021569652,0.0004606079,0.00030309573,0.00084763404,0.0007017524,0.96896607,0.005772894,0.021187898,0.0036253869,0.00045220577,0.0011825323,0.12171311,0.0058212294,0.00452339,0.008078426,0.081463635,0.0006328581,0.0044009234,0.00062299886,0.00038197514,0.0026526023,0.0012356449,0.0062030833,0.6537471,0.984224,0.011342108,0.0039637913,0.0057148864,0.96983945,0.060247757,0.97182244,0.99980783,0.0401948,0.42762035,0.01100169,0.0007183383,0.97227037,0.01873341,0.7720121,0.56436515,0.0034154668,0.019213617,0.57985187,0.037130784,0.0017238117,0.0040714983,0.0017056734,0.45354778,0.67208153,0.97797304,0.0031692937,0.0009991928,0.9905638
Access to food,0.0006691042,0.0035596034,0.0027153296,0.00035936874,0.00732984,0.0003924776,0.0043351296,0.00075387734,0.000267478,0.00066937535,0.0028081448,0.0001267715,0.0029603408,0.0059173764,0.04879229,0.0020040756,0.068071246,0.051717177,0.07639564,0.20866394,0.3669905,0.397901,0.39113227,0.056534614,0.5090175,0.5800174,0.10582425,0.726366,0.44547918,0.48321673,0.4957097,0.4721589,0.0004586288,0.0034503955,0.0018651277,0.0019534493,0.0056645544,0.0016827412,0.0010441515,0.00423058,0.0030602831,0.0034323856,0.0009542169,0.0029359274,0.0008930647,0.0011947842,0.0017938729,0.09744783,0.004473851,0.06419317,0.0074414914,0.00901906,0.0017081526,0.001737807,0.00057048706,0.0007705499,0.0014038674,0.05270021,0.008774835,0.0008074911,0.0006109865,0.0025389688,0.0024325724,0.0045685573,0.016884387,0.48729274,0.1917024,0.006709575,0.0061605326,0.0012238246,0.43128175,0.0042866715,0.52951217,0.6107621,0.99953914,0.4641188,0.013985033,0.019606296,0.5835264,0.14614694,0.5691413,0.57252985,0.0028299778,0.0056994203,0.37227055,0.28106508,0.0010414224,0.010327802,0.0049006385,0.37524188,0.5528713,0.60159856,0.024451457,0.0024905137,0.61237675
Access to market near from the site,0.0021226443,0.008414151,0.042912442,0.002866283,0.0011654297,0.0007519223,0.00036129905,0.0008767601,0.0001697787,0.0012996377,0.008874167,7.835038e-05,0.0001971461,0.000121835146,0.028522719,0.0005331903,0.060154494,0.0015980564,0.95199144,0.0035349631,0.9889699,0.566296,0.5611175,0.031463303,0.7513083,0.9401021,0.7400952,0.7821473,0.9299712,0.80184597,0.22440507,0.088407256,0.00095675903,0.004320568,0.0008897793,0.0006533494,0.0015330194,7.935942e-05,0.0002025646,0.00019960458,0.00030267023,0.00011227525,0.00011081133,0.00010904106,0.0011788934,0.00024275288,0.0002677137,0.8528759,0.014519649,0.035938196,0.002764607,0.0008599434,0.0010815536,0.023882352,0.022574896,0.033690706,0.03215517,0.15903465,0.012163183,0.05458035,0.0037405412,0.00083112903,0.004792888,0.0015096281,0.012487539,0.98240834,0.5261386,0.008228037,0.0008990339,0.0064937477,0.92348605,0.003169571,0.9807311,0.59935135,0.16136463,0.99980086,0.005721227,0.00093912974,0.9640293,0.06875202,0.9909549,0.9932077,0.00065359054,0.01243051,0.9898808,0.006406602,0.0024305137,0.0010993464,0.0016865976,0.9932401,0.9900224,0.81903136,0.001106151,0.0015692392,0.5473951
Frequency of food distribution,0.00046050272,0.0019133522,0.00044460603,0.00010490922,0.0023137343,8.7711276e-05,0.010700299,0.00036161212,0.00076851354,0.0002470608,0.0008899621,0.00019091967,0.004485525,0.0017026034,0.002757555,0.0011813221,0.05873403,0.0009773896,0.00075361907,0.001222792,0.010709792,0.00042095644,0.00043645754,0.02190394,0.0004393932,0.0027436176,0.0017641783,0.012595513,0.0031606785,0.0032602877,0.004861269,0.00044216102,0.0061456338,0.0004097658,0.0063786902,0.0014029103,0.0019296333,5.7116282e-05,0.0002999514,0.00028753866,0.0002899202,0.00029545356,0.000287268,0.00043288065,0.0003664184,0.00030859688,0.0002728342,0.0049659153,0.0706972,0.011620874,0.043782108,0.0036616868,0.011631958,0.0017411371,0.0017920525,0.0017220433,0.0020355613,0.0008064444,0.0006440785,0.002354282,0.00063964416,0.003619866,0.0018792467,0.005187772,0.005502289,0.0057742205,0.0051332903,0.023083037,0.005872548,0.09974698,0.004644525,0.34162223,0.004900831,0.011179185,0.039342854,0.0064633763,0.99953634,0.052786324,0.010503254,0.001384814,0.0046960455,0.0060430546,0.002127007,0.24137244,0.0041103614,0.048532482,0.00105328,0.096827075,0.0034267064,0.005589771,0.004949311,0.0053375214,0.009075362,0.04005721,0.004807468
Most common source for obtaining food,0.00015222438,0.00015624402,0.00010101931,7.406515e-05,0.0014432449,4.6616427e-05,0.02463104,4.2824096e-05,0.0035499276,6.8128575e-05,8.060917e-05,0.010369384,0.0009615388,0.001536733,0.00037016807,0.0027049065,0.0019792265,0.0035596471,0.0003617352,0.00068582146,0.0006596676,0.00013535129,0.0003170126,0.0057248343,0.00013500357,0.00059870025,0.00017556112,0.0013459693,0.00053899555,0.00054093037,0.0006634668,0.00013553855,0.06530021,0.0022317073,0.21704942,0.0028964612,0.0009939526,0.000103687395,0.00021097958,0.00020552942,0.00020552942,0.00020606031,0.00020634504,0.00020634504,0.00021163045,0.00010991189,0.00010991189,0.00046950925,0.04442257,0.00031439413,0.0056679943,0.037692305,0.021508634,0.0015974386,0.00056487136,0.0015099766,0.0013878475,0.0015262001,0.00064945075,0.0023722071,0.00025837932,0.09117089,0.011358853,0.4744617,0.003183217,0.0010325802,0.0010737042,0.023796918,0.0017327194,0.18038484,0.00077801,0.0118326815,0.0009885753,0.0009182245,0.012148111,0.00094824046,0.08587104,0.9998121,0.004130338,0.010357728,0.0009331309,0.00072421535,0.010121209,0.025756158,0.0007159697,0.010629631,0.00056643796,0.10462309,0.008810488,0.0011053416,0.000993381,0.000873859,0.056206614,0.3602382,0.0007149433
Screening for malnutrition,0.0015358644,0.017035991,0.038527712,0.0013107215,0.0015842601,0.0004493913,0.0005248007,0.00063249964,0.000108811306,0.0008141931,0.0028636954,5.849416e-05,8.303819e-05,0.00015588381,0.022125589,0.0006390181,0.02997756,0.00028680149,0.9692443,0.016436616,0.85075325,0.9187023,0.9436348,0.40822667,0.9836761,0.9617225,0.86778253,0.9734553,0.93432885,0.96617967,0.98123366,0.94316536,0.00092069124,0.0012798837,0.00042390107,0.00049639994,0.00092549087,7.497141e-05,0.00011780418,0.00024643246,0.00027101286,0.00019406228,0.00017544706,0.00025907697,0.00030847255,0.0006980229,0.0006936849,0.9641092,0.020049205,0.17710385,0.0036152273,0.00048747333,0.0019757538,0.117330976,0.0066330163,0.0066443197,0.007072074,0.076663315,0.00084795937,0.004661941,0.00047383615,0.00071029185,0.0007958432,0.0031764712,0.005394731,0.89067626,0.97678053,0.006737675,0.0017501737,0.0055648205,0.9582767,0.06262297,0.978229,0.9931974,0.06487307,0.6421535,0.009934345,0.0030565322,0.99979633,0.030865852,0.9569306,0.7642004,0.0005180086,0.00965603,0.6487894,0.009301354,0.00080194394,0.0016045779,0.0005690246,0.6615836,0.83458275,0.97308075,0.0010958152,0.00086260267,0.97101617
Most health problem,0.0020616895,0.0120239705,0.0014114798,0.00050838164,0.12678783,0.0005222476,0.0025207007,0.0013697915,0.0005131016,0.0004939468,0.0068054036,0.00016700964,0.0006667438,0.00029375884,0.23155522,0.004492713,0.031492196,0.0032258944,0.0130290855,0.023893934,0.009092976,0.013273891,0.005240876,0.013288635,0.0931396,0.009939783,0.0016830785,0.008690012,0.009872054,0.0066389255,0.013568686,0.007340972,0.009814292,0.0029816322,0.028622601,0.00031863456,0.0003670858,0.00015214583,0.00029118347,0.00074843765,0.0002590866,0.0003955416,0.00019106806,0.00019275364,0.00019808709,0.00042095123,0.0005175191,0.013308496,0.007462118,0.10258797,0.011214977,0.002572145,0.008353839,0.0074689253,0.017915782,0.016074581,0.019298455,0.013792399,0.002921761,0.015933665,0.0041911933,0.014783786,0.0003592648,0.0026426092,0.048261642,0.05078843,0.042337686,0.019352173,0.00124147,0.09223037,0.06293903,0.03761745,0.016936602,0.012015596,0.017254487,0.028270992,0.002673361,0.021403104,0.013619821,0.9998635,0.007115381,0.17773347,0.0030871416,0.27938944,0.01989342,0.06810542,0.0020995853,0.004141793,0.0015622705,0.016226241,0.008608677,0.010249483,0.05109617,0.01985377,0.06491693
Regular access to medicine,0.0015682786,0.0031823232,0.027020207,0.0023310368,0.001928174,0.00037887957,0.00042564195,0.0007467784,0.00013580437,0.0011637511,0.0038857074,7.715486e-05,7.203707e-05,0.00015538068,0.0034342546,0.0006390181,0.027487392,0.000107734355,0.96811193,0.0035973145,0.9842483,0.88490915,0.87583077,0.34420696,0.985377,0.97168815,0.8769926,0.91857386,0.9790165,0.975943,0.96896446,0.7465461,0.00080147776,0.0020605002,0.0005836997,0.00030508594,0.0012886546,7.55763e-05,6.0653958e-05,0.00012451265,0.00032961302,0.00023744552,0.00047233648,0.00039631058,0.0002478817,0.00053586374,0.0005911038,0.9644999,0.0052771177,0.2628058,0.0045041055,0.0020880676,0.0017508923,0.022609128,0.008652704,0.008664624,0.0028760803,0.07704342,0.0023178917,0.0060793543,0.00057288306,0.00071131974,0.0008413198,0.0013044843,0.005300984,0.9747875,0.74499613,0.0030409268,0.00041538596,0.0080625005,0.9693602,0.017793728,0.98913026,0.93697715,0.23245846,0.9799062,0.004404759,0.0007142218,0.9905553,0.0132267345,0.9998103,0.99373114,0.00065858994,0.0207261,0.9853339,0.007914105,0.00069740386,0.0008292398,0.0004155318,0.97731966,0.9672372,0.9711759,0.001100093,0.0011679545,0.8658895
Access to health facility,0.0017109029,0.008036563,0.024632756,0.0028169737,0.0016869827,0.0007478283,0.0003361018,0.0005536379,0.00016097359,0.001437906,0.005344187,8.498966e-05,0.00018744252,8.1130886e-05,0.020561062,0.0030054096,0.05634767,0.0005574381,0.95537573,0.012407121,0.9939562,0.94977504,0.92884624,0.05188879,0.9657591,0.9873055,0.83894676,0.83569336,0.96726656,0.8722714,0.73957825,0.62132865,0.001096235,0.004531764,0.00082977774,0.0010803404,0.0024969955,7.935942e-05,0.0002025646,0.00063810975,0.0014126096,0.00031486558,0.00042339775,0.0004118345,0.0017031166,0.0002993669,0.00036346487,0.9004062,0.014486218,0.064073056,0.0029844786,0.0026844535,0.0014809653,0.023985287,0.053454477,0.04524032,0.045034193,0.143259,0.013223251,0.052893437,0.003701907,0.0005059484,0.0011501783,0.0014315575,0.009765519,0.9890948,0.62163365,0.0031854894,0.0014003803,0.006508181,0.95683414,0.0037340606,0.9835198,0.71374065,0.36686337,0.9932777,0.0058329506,0.0009284379,0.9832143,0.3645643,0.9963917,0.99979055,0.066292316,0.1103363,0.9931973,0.030146614,0.00364152,0.0010452019,0.0016698734,0.99342287,0.97199,0.7824322,0.0010451049,0.0015391873,0.53503174
Location of health facilities,0.00997288,0.00055821467,0.0002520662,8.204327e-05,0.00025497287,0.00041265803,0.00017794676,9.330505e-05,0.0002791157,0.0003798582,0.0017370825,0.000451468,0.0004600997,0.00051822636,0.0015013417,0.003917874,0.010932473,0.00309481,0.0008352717,0.0010035803,0.0037648252,0.0002952673,0.00020447333,0.00043733665,0.0021757598,0.0006288869,0.00020193215,0.00068591785,0.0033807338,0.0023613737,0.00067077647,0.0005647054,0.0025272367,0.003237322,0.007211775,0.0010226105,0.0009895364,9.348604e-05,8.761321e-05,8.407737e-05,9.942565e-05,8.314168e-05,0.00010084517,9.774279e-05,0.0001038905,0.00013116474,0.0001694754,0.0008753467,0.007845792,0.003133172,0.026159946,0.0035530424,0.006163687,0.011633216,0.009421792,0.0094041005,0.009546556,0.008399157,0.00310917,0.009300394,0.0006564708,0.0027366444,0.310161,0.0034028818,0.0031039577,0.0012820403,0.0014628089,0.05639849,0.0007709193,0.004338472,0.0008528404,0.009901605,0.002175303,0.0033445936,0.0013923182,0.0015020322,0.00592659,0.004164693,0.0011671078,0.0027538391,0.0015031024,0.07692585,0.99974245,0.057404324,0.006536777,0.009937134,0.0008811678,0.015386843,0.000774874,0.0053903,0.0017671827,0.0024448407,0.001238787,0.005438035,0.0009887666
Main provider of health facilities,0.00032977172,0.00035614197,0.00025028424,0.00010925096,0.001533533,9.60324e-05,0.006124163,0.00014464541,0.0019962697,0.0006122582,0.00039047675,0.0004589375,0.00083860004,0.00011551679,0.0028210036,0.0039855563,0.05492551,0.00097543903,0.007866609,0.0009445568,0.006691309,0.00094341714,0.001565627,0.0082961,0.020799065,0.0015551914,0.0010166534,0.0009811539,0.006370881,0.0051024733,0.0048251073,0.0010543682,0.015470396,0.0086870985,0.004409393,0.0030600906,0.012219173,4.0509705e-05,0.00021064363,0.00019885022,0.00019885022,0.00019885022,0.00020095569,0.0002686313,0.00027626567,9.607313e-05,0.00027399178,0.00591071,0.06133516,0.010731629,0.05553394,0.0030667945,0.008902477,0.0018489317,0.0009855572,0.0011446375,0.0010898656,0.0011931146,0.0027687603,0.0011536326,0.000497455,0.050237536,0.006748162,0.010635068,0.001963592,0.008233746,0.007230335,0.012573663,0.0021152438,0.08207819,0.009314265,0.40110797,0.0066782506,0.013914715,0.002414521,0.007905177,0.3107412,0.028618798,0.0070245774,0.2238136,0.014705461,0.0803732,0.038256228,0.9973258,0.0077591375,0.054994747,0.0006762671,0.048614778,0.0076219165,0.01725371,0.0040898994,0.0086723035,0.007331144,0.03424038,0.006776489
Access to education services,0.0017767724,0.0076540303,0.03180425,0.002866283,0.007173425,0.000738956,0.00036398158,0.0005536379,0.00014804622,0.0010032617,0.0055391765,5.161499e-05,7.171979e-05,9.907642e-05,0.111641586,0.00063305406,0.15827689,0.0008715297,0.9330116,0.0022790288,0.9848076,0.8822265,0.8521906,0.067601755,0.88631797,0.97274625,0.73751265,0.5806198,0.9675397,0.9837852,0.746562,0.64588785,0.0016123055,0.003848757,0.0008733522,0.001080914,0.0019021417,0.0002971148,0.00022548558,0.00020654562,0.00020880435,0.00034696417,0.0004988718,0.00034696417,0.0003820195,0.0003360398,0.0016570413,0.867857,0.01621036,0.038811833,0.0036254872,0.0019341067,0.0013945386,0.009920855,0.053545684,0.04661329,0.029492665,0.16433075,0.011139828,0.02497666,0.0024759194,0.000687472,0.005942532,0.0015297475,0.009042546,0.98413754,0.53383666,0.0074706613,0.0011519163,0.0039449288,0.9259362,0.003968354,0.9678506,0.7381335,0.27028245,0.9899497,0.004482329,0.00070838217,0.9423097,0.04785774,0.9926015,0.99324465,0.006569945,0.0121537205,0.9997998,0.20188482,0.0035033617,0.002766995,0.0014595088,0.9931486,0.9711876,0.7935394,0.000737344,0.0012052569,0.537928
Location of education facilities,0.00047197402,0.005685193,0.0026683004,0.00029007415,0.015766172,0.00030849746,0.0021923673,0.00044859858,0.00037363655,0.00033825779,0.0023915954,9.9038e-05,0.0015765483,0.001454253,0.010876235,0.0014244092,0.031242492,0.00082620425,0.006692659,0.00489128,0.019206079,0.00072838826,0.00073559565,0.0028817449,0.0007630881,0.0010185819,0.000540499,0.0007460261,0.00777066,0.09133948,0.0054315915,0.00077999406,0.0027475574,0.0062934887,0.006836367,0.00059079967,0.00062130694,0.00028325216,0.00015000027,0.0001914073,0.00018951301,0.00019113909,0.00019704086,0.0001416193,0.00013737899,0.000306935,0.00034148074,0.007173606,0.011231849,0.010668126,0.0017110945,0.0025352468,0.0012062232,0.011144043,0.013021074,0.012798296,0.013326843,0.01657594,0.010656443,0.013091826,0.0013050226,0.0011801935,0.0033809205,0.0045492626,0.21552406,0.0054403935,0.018518727,0.21980399,0.004882996,0.029630836,0.0101283705,0.14823203,0.023491034,0.040973797,0.1083327,0.0063583436,0.028975273,0.010378319,0.008076835,0.07748223,0.0056064297,0.10892111,0.049961776,0.29447755,0.16938294,0.9998015,0.0015447359,0.042347394,0.0011570606,0.048826344,0.008236429,0.024802163,0.021690616,0.015361061,0.009999466
% of children attending school,0.0003934153,0.00059394795,0.00031260122,0.0019962182,0.00082367804,0.010244264,0.00010408063,0.0015172596,7.647744e-05,0.00026438068,0.00048015424,5.1802406e-05,0.006674587,0.0069239293,0.001506355,0.00040906106,0.00037539666,0.000112717506,0.00052169716,0.00035123836,0.0036029995,0.00022316728,0.0002541767,0.00038507782,0.00037726611,0.0003993151,0.00022376138,0.00022306082,0.0005119202,0.00075274176,0.00056982593,0.00023551547,0.000103036386,0.00011694282,0.00027026184,0.014235627,0.009925989,0.0027225248,0.002450298,0.0015302179,0.0015242945,0.0018210403,0.0018331859,0.0027435846,0.0025563985,0.029070398,0.034231152,0.0005935933,0.0045831637,0.0011607631,0.0065088063,0.00019002895,0.00019271708,0.0036963308,0.027498994,0.05231304,0.026455225,0.0044589224,0.9901968,0.116733186,0.9950428,0.00019871109,0.0010593674,0.0004091772,0.005091643,0.0040270425,0.0049246326,0.0004506355,0.020973489,0.00046808372,0.00061371113,0.0036062018,0.00054947607,0.0098121,0.0008395234,0.0024371275,0.00061939075,0.00027992716,0.00080194394,0.0027053286,0.003563257,0.003511102,0.00036425889,0.00096072396,0.003501367,0.0015751808,0.9998357,0.00028450205,0.007699486,0.0037808719,0.0022359677,0.0005231992,0.00025765607,0.0002640622,0.0027257344
Occupation of majority of IDPs,0.0005655247,0.00041790452,0.00033042414,5.2664895e-05,0.0042743683,9.521101e-05,0.029857293,0.00017008251,0.0033581844,0.00016345343,0.00021563901,0.00084528245,0.0019213748,0.0010991045,0.0029198457,0.0016573166,0.017086754,0.007947989,0.0017731393,0.0008682731,0.004873283,0.00034879887,0.001068455,0.0016871064,0.000794006,0.00039662785,0.00079768844,0.0010966727,0.002140926,0.0034392802,0.00161402,0.00034907463,0.008393206,0.0051753,0.05233242,0.0010071368,0.0011910513,0.00017535592,0.000108667045,5.860189e-05,5.837777e-05,5.706905e-05,0.00014751939,0.00018962221,0.00022173866,0.00031792925,7.0081376e-05,0.0048289755,0.2761417,0.0025582968,0.009478499,0.015585233,0.0025301373,0.0015009638,0.0005282475,0.0005084521,0.0005155988,0.00023912013,0.00060566736,0.0035809474,0.00025085048,0.062119614,0.011795997,0.0679099,0.0061522285,0.0013087087,0.0020803013,0.057722025,0.0035866746,0.086270995,0.0017528258,0.07728845,0.00450054,0.008067418,0.010063455,0.0023287388,0.32696378,0.02478781,0.0031495325,0.006429216,0.0018908561,0.0022038731,0.019444484,0.059559252,0.005380627,0.15796988,0.0005592808,0.9970919,0.0042848256,0.0022059893,0.0021362407,0.007705834,0.060563162,0.021053247,0.0042355326
# of HH with source of income,0.00020288992,0.00031382483,0.0006378321,0.003693664,0.00017996604,0.0039918222,6.300043e-05,0.001427757,8.845977e-05,0.0007787954,0.00058934407,0.00012537812,0.06111348,0.040539045,0.00010092846,0.00010581429,0.00039325017,0.000765769,0.0011276117,0.00034706746,0.0004772891,0.0013025516,0.00013741461,0.000113822396,0.0013895178,0.00043842933,0.00030705973,0.00023541274,0.0006615316,0.0001960689,0.000681114,0.0001396185,0.00020030916,0.00018668993,0.0010565104,0.51441324,0.074619256,0.8518223,0.48700517,0.059095167,0.047785282,0.037462704,0.026182504,0.05762327,0.0727462,0.775607,0.9689121,0.000823307,0.00024458673,0.0001939572,0.0003857288,0.00066563406,0.0003468868,0.00046564726,0.005702648,0.0014549185,0.004113356,0.0041477233,0.043409873,0.00273265,0.049206376,0.000114040515,0.0022826595,0.0023822312,0.0035815616,0.00038144755,0.001218208,0.01653177,0.8996442,0.001019224,0.00129236,0.004109622,0.0007683519,0.0034270012,0.005884043,0.0006467398,0.0007831233,0.0050656935,0.00088238047,0.0012194111,0.0006830257,0.0029714569,0.0033511566,0.003636139,0.001979888,0.0030280503,0.05123724,0.002789977,0.9995313,0.013995622,0.00065748056,0.0010997023,0.004160722,0.00079046976,0.0013307942
Access to income generating activities,0.0016291623,0.004045693,0.004922227,0.0028853985,0.006985951,0.0004932749,0.0003582788,0.0005571031,0.00014776702,0.000677329,0.0051522036,4.7784535e-05,0.00013640989,5.9965307e-05,0.06352846,0.00061300874,0.062600724,0.00023503198,0.9462429,0.0022882323,0.9895006,0.5893295,0.5656764,0.06896996,0.5446632,0.831909,0.73587346,0.7806756,0.75733835,0.92188096,0.30810627,0.09195834,0.0009795306,0.0007741277,0.0008270197,0.00046250984,0.0030602238,0.00030144863,0.00021711877,0.00025261266,0.00040650784,0.0003576645,0.0003610332,0.00036005612,0.0006793546,0.00022903478,0.0005211531,0.9211402,0.01750315,0.03082193,0.0046653966,0.0010180685,0.0012287984,0.01324098,0.05522651,0.054406304,0.03227674,0.16008398,0.014525962,0.05610516,0.0040076836,0.00043033788,0.0013261578,0.0012893508,0.008932258,0.9685223,0.5501933,0.0025718247,0.00094978116,0.0070602763,0.9482526,0.0029692145,0.9663985,0.63980985,0.09487822,0.9932401,0.006176132,0.0010953174,0.9630499,0.038604517,0.9897426,0.99333525,0.00224856,0.026662154,0.9932777,0.013182521,0.0044023963,0.0010209671,0.009460684,0.99980086,0.9770008,0.81519586,0.0011449232,0.004383588,0.4323431
Livestock on site,0.0032697353,0.03329148,0.04819143,0.0042217723,0.0037681316,0.0007663162,0.0003479678,0.0007449977,0.00014776702,0.0008477088,0.023777394,0.00012688579,0.0004374234,0.00025156318,0.08544754,0.0059517585,0.12776102,0.0012938847,0.951331,0.012421367,0.9866108,0.9040456,0.90228593,0.03673067,0.8461274,0.9817647,0.9522529,0.97637093,0.9648795,0.8985497,0.88089156,0.5361949,0.00081664603,0.008652566,0.0009065215,0.0010894178,0.0026380678,8.2346276e-05,0.00021834628,0.00019929266,0.0008987466,0.00011196518,0.00029996043,0.000170684,0.0006281944,0.0003788261,0.0003958958,0.7962468,0.014146895,0.035899296,0.0029329755,0.00068174116,0.00090528256,0.025774825,0.038924947,0.0500572,0.03332221,0.05557426,0.0036485633,0.055766277,0.003495635,0.0005584547,0.0042200503,0.0011901585,0.0017975767,0.9673243,0.4042519,0.003331279,0.0013809314,0.004990585,0.90352887,0.0024942497,0.96413183,0.6067757,0.10113525,0.9895187,0.005705116,0.0009983141,0.96065557,0.06956297,0.9682429,0.9701663,0.00068956276,0.008423239,0.9731929,0.0066403933,0.0026140825,0.0010896357,0.0015368843,0.982189,0.9998023,0.68372875,0.00090860424,0.0011433917,0.34227812
IDPs have access to land for cultivation,0.0015682786,0.005433851,0.007825752,0.0025307348,0.0017440334,0.000502937,0.00035328133,0.00090294576,0.00013694633,0.0013259421,0.0037081945,6.113101e-05,0.00019580545,0.00016089636,0.0024837719,0.0006474186,0.02982537,0.00012957609,0.94576335,0.0026705833,0.9836315,0.80055255,0.67106164,0.014886128,0.867555,0.9693097,0.89184904,0.9165972,0.98120177,0.9406625,0.76383895,0.22481026,0.0011278436,0.007868844,0.00044708938,0.00016066703,0.0005502687,7.1866714e-05,6.038555e-05,9.171826e-05,0.00010132872,0.00011067686,0.00017382036,0.00014386226,0.0001360901,8.070044e-05,7.739242e-05,0.9768499,0.005685991,0.057361096,0.0020054467,0.000731263,0.00095326186,0.023723517,0.0046455907,0.007361545,0.0074542966,0.07603006,0.00280775,0.013682195,0.0008217936,0.0004808209,0.0009002357,0.001353201,0.0038664597,0.9593963,0.45887154,0.0021073772,0.00035878352,0.0030674438,0.9676443,0.012768255,0.9696745,0.72442716,0.07874286,0.9923844,0.0053227916,0.00089188514,0.9736659,0.0105470475,0.9857372,0.99162126,0.000748466,0.009167916,0.9913189,0.011487396,0.000498445,0.003562942,0.0003681904,0.9922551,0.9844957,0.9986089,0.00085626583,0.0016242746,0.66062784
Most trusted source of Info,0.00013207486,0.00067493715,0.00041230465,7.298088e-05,0.0008608926,6.6785455e-05,0.0012935819,0.00017800505,0.0008997732,0.00012891438,0.00025012842,0.0004963046,0.0012700196,0.0008816606,0.0074104373,0.003979278,0.0045207003,0.065705374,0.001030052,0.0009939802,0.0008582649,0.00034536436,0.0003442227,0.032881297,0.000336788,0.0010056111,0.00035541892,0.0010372686,0.0010129798,0.0010325825,0.0010283147,0.00060625933,0.0063670785,0.0045779045,0.35070866,0.0014285741,0.0036205275,0.00010166991,0.00018398793,0.00041763097,0.00017462012,0.00041763097,0.00017463855,0.0001833889,0.00017448507,0.00024068338,0.00023527497,0.0008895229,0.005159021,0.0015435531,0.014608109,0.19883744,0.053698093,0.00026756173,0.00028033037,0.00026893002,0.00026974708,0.0003511102,0.00016375566,0.00025088273,0.00012477092,0.04627399,0.0059544365,0.25364506,0.0012717255,0.0010222001,0.001042372,0.27149227,0.00131853,0.011052153,0.0009987565,0.0075936276,0.0010243459,0.003137367,0.011998837,0.0010674677,0.0056079132,0.16982812,0.0010785024,0.006719007,0.0010944406,0.0006761557,0.0035417282,0.008893387,0.0010529655,0.009523666,0.00024725177,0.044688746,0.0071081123,0.0011166068,0.00085173524,0.0008174419,0.99987555,0.037180807,0.0012443704
Main topic community is requesting info,0.00067538855,0.0002155446,0.00030366794,8.853619e-05,0.0010065406,7.102695e-05,0.0030013048,9.0545e-05,0.002877011,7.709741e-05,0.00022709246,0.0028348241,0.00075942976,0.0006805845,0.0014161338,0.003254362,0.0014097833,0.0026067006,0.00034710363,0.00051065814,0.00074508175,0.00015305342,0.0001496674,0.017574131,0.00014394677,0.00019574484,0.00019574484,0.000162117,0.00033844216,0.00030691488,0.00015382456,0.00013177465,0.06407629,0.018187601,0.058005553,0.00043791495,0.0003197977,7.1804694e-05,0.00016238556,0.00012394437,0.00012380714,0.00012380714,0.00016139584,0.00016139584,0.0001612476,9.6068594e-05,0.00010464549,0.00040717644,0.01267869,0.00042480367,0.008380749,0.066836506,0.049044788,0.0006353629,0.0007598325,0.001292867,0.0010320503,0.0007182867,0.00022841197,0.00070850144,0.00016465537,0.024893885,0.0018759881,0.10745394,0.0008767565,0.00084380445,0.0017382734,0.01637804,0.0006029921,0.015097437,0.00029838824,0.012176492,0.0006437681,0.0006150609,0.00051901164,0.00079542346,0.016316202,0.39386258,0.00051436416,0.0057949726,0.00081597484,0.00055325736,0.0028281568,0.030074282,0.0007833665,0.0038691165,0.00026568383,0.05732107,0.0005539046,0.00211364,0.0005654722,0.00060053717,0.023910873,0.9998497,0.0025491307
Serious problem due to lack information,0.0005825202,0.008115625,0.012281465,0.0013014593,0.0017535686,0.00041849536,0.00043555596,0.0010521123,0.00016250389,0.00081466435,0.005541827,6.676321e-05,0.00015180491,0.00014170715,0.004454699,0.00083227694,0.048801925,0.00014416286,0.92807126,0.07073796,0.60798997,0.0908459,0.22884104,0.29413638,0.6240562,0.59053874,0.07567141,0.09458666,0.68751335,0.8501012,0.8805351,0.6833711,0.0007781084,0.0008115524,0.00044670893,0.00022216917,0.0005198435,0.00013325049,0.00015385168,0.00011268654,0.00010110746,9.154966e-05,5.96964e-05,0.00012869603,8.709549e-05,0.00043484324,0.0007155177,0.9656219,0.017642973,0.1433999,0.001471525,0.00049247954,0.00092201395,0.1134247,0.00990954,0.023136638,0.029796487,0.10851301,0.0032281743,0.023352448,0.0041293586,0.00052453886,0.002079722,0.0010523219,0.0063785734,0.45703515,0.9897514,0.0075816773,0.0007947753,0.006106189,0.94503486,0.043719497,0.6657275,0.99078053,0.05138239,0.59522957,0.005115108,0.00071617414,0.75773156,0.032335754,0.5887653,0.5259434,0.00066080346,0.011280484,0.5346241,0.010122868,0.0020263828,0.0008929157,0.0007584225,0.43125063,0.54101247,0.9635916,0.0012884347,0.0053961156,0.99980086
