,Snapshot date,Country,Country Code,DTM Round,State,State_Pcode,LGA,LGA Pcode,Ward,CODs_Ward_Pcode,SiteID,Site Name,Longitude,Latitude,Site Status,Site Type,Site Classification,Site Area,Site Management Agency,SMA type,Registration Activity,WASH Support,CCCM Support,CCCM_Organization,HEALTH Support,SHELTER Support,NFI Support ,FOOD Support,PROTECTION Support,EDUCATION Support,LIVELIHOOD Support,PSS SUPPORT,PSS_ORGANIZATION,Land Ownership,Most Common Type of Shelter,Number of Households,Number of Individuals,Boys (<1),Girls (<1),Boys (1 - 5 y),Girls (1 - 5 y),Boys (6 - 17 y),Girls (6 - 17 y),Men (18 - 59 y),Women (18 - 59 y),(Elderly men 60+ y),(Elderly women 60+ y),Have IDPs been displaced previously,Reason for displacement of Majority,Natural Hazard Risks,Intended Area of Return,Reasons to Return Home,Reasons NOT to Return Home,% HH living outside (no shelter),% HH living in EmS,% HH living in makeshift/self-made shelter,% HH living indoors (solid walls),% HH have access to electricity,% HH have access to safe cooking facilities,% HH have private living area,% HH have mosquito nets,Most needed NFI,Most Unmet Needs,Location of site main water source,Main drinking water source,Avg amount of water available /day/person,Is drinking water potable,Complaints about drinking water quality,Condition of most of the toilets,# of functioning toilets,Main garbage disposal,Garbage and solid waste problem,Availability of hand-washing station,Hygiene promotion campaign,Evidence of open defecation,Access to food,Access to market near from the site,Frequency of food distribution,Most common source for obtaining food,Screening for malnutrition,Most health problem,Regular access to medicine,Access to health facility,Location of health facilities
Snapshot Date,0.9998083,0.00422255,0.011891464,0.0015506747,0.0034092262,0.0056982036,0.0001586714,0.002893771,7.648711e-05,0.003955105,0.11119539,0.00016918892,0.0015464557,0.0017454321,0.00843596,0.0012518462,0.004007384,0.0070705996,0.0024963766,0.000908116,0.0032402875,0.0026087586,0.0023812344,0.0007420211,0.0023905542,0.002566335,0.0018220776,0.0023370404,0.0024904665,0.0023490007,0.0022515839,0.0024391767,0.0010320065,0.012071273,0.0008682161,0.0032885266,0.0018758664,0.00016946373,0.00018366102,0.00017957382,0.00017957382,0.00023112514,0.00018632814,0.00023723498,0.001523571,0.00023325579,0.001548677,0.0030271257,0.0034218018,0.007357037,0.015708148,0.002537317,0.0051701004,0.0022728955,0.002031487,0.0022055698,0.0020264452,0.0016692757,0.00028657366,0.0051991125,0.00039095758,0.0005281184,0.0025239,0.017574877,0.005226051,0.000574891,0.0026357202,0.0023350294,0.00048530506,0.00025926923,0.0036868406,0.0022148232,0.00054521504,0.0022148232,0.0022171482,0.0021050477,0.0030757484,0.0012536711,0.00038419187,0.0015682786,0.0018590661,0.0015682786,0.0017109029,0.0035962467
Country,0.004457388,0.99980086,0.82892376,0.0077693565,0.0050545055,0.006103245,0.00028725248,0.050393157,0.00015161262,0.017538289,0.09136019,9.345057e-05,0.0028013673,0.0011818986,0.026323153,0.0010612706,0.0069248695,0.0013294728,0.012272532,0.0035113145,0.00930965,0.0058186306,0.044309516,0.0012671023,0.0046456563,0.006071034,0.0038594254,0.030944608,0.029972287,0.03022621,0.007953392,0.005576409,0.00025469466,0.007619623,0.0007865537,0.0001897764,0.00012436778,0.00021970959,0.00014151148,0.00014488555,0.00011778109,0.00011408066,0.00011408066,0.00015294879,0.00010788906,0.00014763056,0.00014741547,0.008059201,0.005179884,0.0032492285,0.00539812,0.00028615294,0.0006099036,0.0021097702,0.0017311969,0.0016777826,0.0016996696,0.0019450546,0.00058872596,0.0015642795,0.0005934674,0.00020194847,0.0029474448,0.0008030986,0.001674044,0.0018526291,0.008036563,0.0071260775,0.000590492,0.00031600855,0.00072079035,0.0039060297,0.00027763902,0.0029739144,0.004201439,0.0017795181,0.0064727515,0.002706263,0.00032147265,0.018691191,0.0048120366,0.0031279493,0.006223583,0.0002916434
Country Code,0.016527325,0.7635617,0.9962034,0.08215502,0.049772847,0.041836474,0.0036618472,0.017384727,0.0016113787,0.02174136,0.007330303,0.00021225607,0.00034472186,0.0004538111,0.0047552856,0.00058353186,0.049690023,0.00038003852,0.042757362,0.042897396,0.050383095,0.029365571,0.21649314,0.009522232,0.052449524,0.11101547,0.14567812,0.1498921,0.09690607,0.06171848,0.015616278,0.014092876,0.00035732647,0.0016785831,0.0005458847,0.0004025504,0.00049088366,0.00020377222,0.000100226585,0.000157109,7.192482e-05,0.00025136897,0.00011884176,0.000115034854,0.00013111657,0.00019300898,0.0001664443,0.029221568,0.00040715642,0.16179043,0.0030969502,0.00024596136,0.00032757455,0.0030612738,0.0021728964,0.0012538965,0.0021013329,0.0028965054,0.00049941184,0.0022533387,0.00042076595,0.000686283,0.0012250599,0.00030824798,0.00092738244,0.00023570262,0.09001069,0.0666953,0.00023774923,0.00031597595,0.00020419213,0.018902477,0.00024700753,0.032295026,0.12570569,0.007556801,0.14452733,0.0026029844,0.0003115958,0.13302904,0.0038844848,0.104236975,0.09294696,0.00019181277
DTM Round,0.0013532549,0.006638069,0.0416301,0.98871005,0.00010240016,0.06356528,3.95777e-05,0.008629736,8.732624e-05,0.0005209356,0.005265609,0.00015684258,0.031064384,0.024904858,0.00023665305,7.352237e-05,0.00015777879,0.0009224527,0.00063038914,0.00013227564,0.0002607705,0.0003946963,0.0015395752,0.00014919226,0.0010978667,0.00068512507,0.00035203467,0.001046386,0.0004176471,0.0010977242,0.00039153235,0.0005919865,0.00014037394,0.00018222778,7.4847485e-05,0.013415789,0.022221295,0.115697354,0.03513929,0.09525141,0.0353607,0.011950159,0.0070755724,0.009524638,0.005369052,0.052569836,0.012693132,0.00067639956,4.9040027e-05,0.00047107748,0.0003313552,0.00014926256,0.0001453562,0.000121954195,0.0007141841,0.00044064675,0.00074225874,0.000347374,0.0036974594,0.00035412956,0.005872012,8.803092e-05,0.000117751864,0.00015857983,0.00014585095,0.00046669447,0.00028258876,0.0005811791,0.00011797493,0.0259752,5.6018398e-05,0.0006465421,6.1667204e-05,0.000409397,0.00026429453,0.00019642219,0.0003046005,0.0001232776,5.1545143e-05,0.00025667658,0.0001343888,0.0002570381,0.00027708436,0.000105927036
Date,0.9970291,0.0053537996,0.0017247535,0.0021679897,0.014507138,0.0045994823,0.00032532105,0.0034577963,0.000144621,0.0040765563,0.13101082,0.00016739698,0.0016576438,0.001873183,0.0024099422,0.0015161283,0.0021718456,0.005190596,0.00082981243,0.0012013288,0.0010722379,0.00060483586,0.00054664694,0.00073308,0.0005793329,0.0008305739,0.00053160096,0.00060483586,0.00082981243,0.0008389754,0.00057721353,0.0005296221,0.00029612123,0.0021439884,0.00019381377,0.0014947994,0.0011875863,0.00018442319,0.00022253192,0.0002223428,0.00022544737,0.00023334943,0.00023334943,0.00023448352,0.0015203698,0.00023780979,0.0015797055,0.00054664694,0.00074110174,0.0022078275,0.005992212,0.00077312934,0.0011550324,0.0016207357,0.0030178668,0.0019537369,0.0019537369,0.0015861713,0.0002835613,0.0024999715,0.00028580645,0.00013228782,0.0006742098,0.003847758,0.001612301,0.00092665094,0.0008733275,0.00078184606,0.00011188398,0.00018802944,0.0008729523,0.00058228686,0.00017687923,0.00054664694,0.00062165264,0.000877075,0.0007436033,0.0005448252,0.0003065049,0.00054664694,0.00059213996,0.0005793329,0.00057974894,0.0011441354
State,0.0037599644,0.0054264455,0.0022377884,0.00029344327,0.9997902,0.08445927,0.29133046,0.00059021043,0.020400483,0.00020496704,0.008898085,0.0037295786,0.0028015457,0.0032360628,0.35729593,0.014594264,0.01287817,0.0054102507,0.0111545455,0.036192216,0.0030467778,0.0020681757,0.0026958704,0.007252795,0.0027412544,0.008892942,0.0020963443,0.0026159405,0.0038723901,0.0036651732,0.0026509527,0.0019123664,0.0025380827,0.0009460682,0.0014982184,8.15626e-05,0.00016079351,0.00010158012,9.816548e-05,9.2503e-05,9.2952185e-05,0.000106748725,0.00010612933,0.000106748725,6.4258544e-05,0.00013378041,8.0311234e-05,0.0024449904,0.001347844,0.0060048,0.0017484389,0.00035795843,0.00090752443,0.0018939511,0.007390088,0.008610018,0.00801299,0.0048977383,0.002317827,0.017677478,0.0022626815,0.0037874782,0.042107794,0.00036256973,0.0016894261,0.0010944154,0.003875572,0.008153649,0.0018206662,0.00018386965,0.001974914,0.002729312,0.0016771021,0.0014772384,0.0017297626,0.0008505082,0.0023501136,0.0015728188,0.002237671,0.0013157781,0.52940947,0.0009342125,0.0038581456,0.00077536836
State_Pcode,0.0056675295,0.006103245,0.009921317,0.341967,0.09113335,0.99979085,7.641934e-05,0.7609069,3.9352784e-05,0.14269574,0.030569606,9.817534e-05,0.008065174,0.007726329,0.008981539,0.00026703323,0.0020228226,0.00029157248,0.000894653,0.0003292568,0.0007989097,0.0004789341,0.0007920047,0.0001146439,0.00048394015,0.0004963604,0.00072707597,0.0005926635,0.00080694363,0.00055309915,0.000889505,0.0011781345,0.0001411142,0.0004888369,0.00011998715,0.0022047549,0.0013840348,0.0013313553,0.0012347634,0.0011697065,0.0011643918,0.000627522,0.000627522,0.000627522,0.00068518706,0.0018717614,0.0021653494,0.0007905297,0.00010806144,0.003719702,0.0008504125,7.2258576e-05,7.196324e-05,0.00089179864,0.0011190383,0.0008379307,0.00070408056,0.0019530528,0.008706121,0.0021147768,0.035312217,0.00019367882,0.0003437072,0.00020325823,0.00042369834,0.00017494019,0.00081573724,0.00049170025,0.00011032599,0.0017080014,0.0001955357,0.00063313474,0.0001027709,0.00042532216,0.00039748722,0.00030477447,0.0010789586,0.00016160916,0.0001018695,0.00026954446,0.00051060546,0.00051024475,0.0007488664,0.0002679785
LGA,0.00017940578,0.0004475401,0.00027848763,5.4660657e-05,0.49701098,5.522287e-05,0.9996545,0.0018202409,0.94488794,5.725846e-05,0.00024200033,0.15696755,0.0014775789,0.0037849525,0.0008597645,0.0020561079,0.0003144248,0.00074652984,0.00034825798,0.010957709,0.00033480575,0.00032305025,0.00035021978,0.032985806,0.00033636458,0.00032349842,0.00031936725,0.00035021798,0.0003382558,0.00034825798,0.00034825798,0.0003561576,0.0074201394,0.0005604462,0.0033466471,0.00010629786,0.00028558227,0.0005455743,0.0004158594,0.0003759153,0.00017823487,0.0003600279,0.00025441602,0.0001758867,0.00010550521,0.0006517236,0.00027776274,0.00036690198,0.00089605275,0.00091664353,0.0013257905,0.0012757152,0.00038807793,0.00033358266,0.00035397641,0.0007665438,0.0005068386,0.00032462773,0.00026539,0.0012927456,0.0001985431,0.0024612655,0.0040478674,0.0001708426,0.0010512068,0.0005079406,0.00033565736,0.00046837254,0.0012145194,0.00047140504,0.003574484,0.00035822572,0.00446251,0.00035514694,0.0003587003,0.0065445444,0.00035171286,0.007603053,0.0073639937,0.00034110085,0.0020088982,0.00034071686,0.00032398006,0.00010002802
LGA Pcode,0.0038523425,0.050393157,0.005173623,0.060246613,0.00042226477,0.7620209,0.0023896585,0.9997732,5.5460947e-05,0.50390136,0.009442873,5.718613e-05,0.003501593,0.0032075464,0.0038091897,0.00017540796,0.0016525929,0.0004744915,0.0009995265,0.00035814094,0.00090541434,0.0006833542,0.0012139744,0.00014963707,0.0008881539,0.00079095626,0.001051695,0.0010763515,0.0010222425,0.0008828951,0.0011544558,0.0012173146,8.253946e-05,0.00039989635,0.00011186623,0.0010892773,0.0009035672,0.0016181784,0.0025889438,0.0015383549,0.0015713624,0.0014962426,0.0012576873,0.0015011089,0.0010361221,0.0017626558,0.0018861112,0.0010782579,0.00048665528,0.00033142825,0.00032911406,5.8835598e-05,0.00016469928,0.00025682422,0.0003538451,0.00029567414,0.0002919552,0.0003793085,0.0024351412,0.00042331318,0.0015147851,9.691045e-05,0.000105644904,0.0001362612,0.0001996318,0.0003149951,0.0010374987,0.00064534385,0.00012949461,0.0023328718,0.0003944195,0.0011549386,6.764014e-05,0.0007873599,0.000882891,0.00069189526,0.0008677752,0.0004064814,3.576961e-05,0.0005556389,0.0007773264,0.0007467784,0.0005530538,0.000101215875
Ward,6.351718e-05,0.00016075863,0.00014157714,9.232211e-05,0.024340048,4.2490316e-05,0.8846216,0.00012835895,0.9998084,0.010041613,0.00011515822,0.045020062,9.975855e-05,0.0003626174,0.00021236161,0.0011584096,0.00021083304,0.0024119806,0.00023548657,0.0011471676,0.0002270322,0.00080745295,0.0002307267,0.0054111886,0.00022955377,0.00024177053,0.00019301444,0.00020947936,0.00023548657,0.00020723723,0.00020517918,0.00019146927,0.005667645,0.0007552918,0.002660851,5.864979e-05,5.4859534e-05,4.0638486e-05,3.8734965e-05,4.7669953e-05,4.7535348e-05,4.865096e-05,4.7535348e-05,4.6810455e-05,6.188227e-05,4.7169615e-05,6.2057086e-05,0.00020517918,0.0011226942,0.00030097849,0.0006009056,0.00021976879,0.00014196927,9.629126e-05,0.00015884911,0.0004004365,0.00038076245,0.00015627393,0.00016316025,0.00043004876,9.1195e-05,0.0008393179,0.001328301,0.00017309487,0.00023933485,0.00057665014,0.0002538158,0.0002131573,0.00039087492,4.9418453e-05,0.0057836403,0.00025071154,0.0023070297,0.00024172192,0.00020547774,0.0017575282,0.00024630528,0.0020913118,0.003716451,0.00020795682,0.00054445775,0.00027082989,0.00022996226,0.00034071592
CODs_Ward_Pcode,0.0043114307,0.016527336,0.0036427116,0.0056460793,0.0003755021,0.14387728,6.6332555e-05,0.48869535,0.0045360727,0.99977267,0.005809996,3.2983786e-05,0.00059601245,0.0006329252,0.0010153989,0.00013004351,0.00510922,0.0018958265,0.0012529916,0.0003171111,0.0010617936,0.0012480114,0.0013595783,0.0002968723,0.0008802839,0.00091292604,0.00083724444,0.0012188798,0.0013276617,0.0008887866,0.0012016253,0.0018078416,0.00011834023,0.00080618996,8.2973434e-05,0.0011014938,0.0028289868,0.00069869123,0.00033758287,0.00052196166,0.0005385714,0.0005378269,0.00040685205,0.00022841981,0.00036362652,0.00047500076,0.00068519433,0.0019331133,0.0011237279,0.001570154,0.0015591361,0.00017073314,0.00019540814,0.00067573355,0.00063932297,0.00034211163,0.0007649037,0.00062019844,0.000447486,0.0005837943,0.0004295226,0.00026153223,0.00022233705,0.00012051656,0.00030927348,0.00014769754,0.001336667,0.0012197291,0.00011353448,0.00045279803,0.0010361497,0.0012667632,0.00011802182,0.00095703773,0.0011368974,0.00068537163,0.0018126544,0.00087381457,0.00010728955,0.0008355343,0.0005768469,0.0011663667,0.0018700357,0.00014003848
SiteID,0.124806024,0.09140749,0.0092563955,0.005494031,0.008207238,0.031323228,0.00014868022,0.014202918,0.00011515278,0.004863002,0.99899113,0.0068381354,0.0026571872,0.002851911,0.36263546,0.029057592,0.03832651,0.22841753,0.015647033,0.0018907057,0.0061264667,0.0042779357,0.0057905023,0.00030335708,0.0052153603,0.017202614,0.004303674,0.0031156763,0.008591879,0.0028465118,0.014856527,0.0061686514,0.00034067704,0.0020441767,0.00025734314,0.00025453395,0.0003694204,0.0003033029,0.0003333039,0.00038023377,0.00029617484,0.00028996324,0.000289431,0.00028996324,0.00025531117,0.00028173166,0.00036744212,0.005334898,0.0020141667,0.0036765595,0.0032419302,0.00010205312,0.0002718281,0.011630759,0.007074751,0.0065755025,0.0064637116,0.008292784,0.0007028518,0.0070899595,0.00091826066,0.00023739538,0.00084987085,0.003528501,0.0009663582,0.0038010122,0.008225201,0.0034112437,0.0004210569,0.00040162177,0.0007645832,0.008851506,0.00021176347,0.0037776658,0.00541093,0.0028371417,0.011663936,0.0010144442,0.00013783196,0.0032061837,0.0027080395,0.0037653074,0.006664997,0.000960364
Site Name,0.00024359053,0.00015579167,0.00024844066,0.00012035874,0.19643757,0.00012657384,0.9635196,0.00014929188,0.59773856,0.00011215247,0.007962217,0.9916994,0.0012445793,0.0013114826,0.043504074,0.092077814,0.006932189,0.079547405,0.0029404128,0.001491446,0.00034206014,0.0002886732,0.00024630057,0.032083694,0.00024921424,0.00086292677,0.0002836473,0.00024566625,0.0003124582,0.0002490857,0.00024188035,0.00023220574,0.021677276,0.0039633145,0.0015457929,0.0001904451,0.00014885166,0.00016506165,0.00014182537,5.9891838e-05,6.0214985e-05,5.9469097e-05,5.9241658e-05,9.953361e-05,0.0002764946,0.00018919517,0.00039332334,0.00024937285,0.0034020569,0.0005764592,0.0032834068,0.0039752023,0.0007484309,0.00012408088,0.00033624817,0.00025756576,0.00015512611,0.00011890374,7.620089e-05,0.0010749527,0.00014795372,0.04393972,0.012959131,0.00035399102,0.007933819,0.00048329687,0.0006688533,0.00024268003,0.001332097,7.299328e-05,0.010213628,0.00083075423,0.0032963187,0.0009815526,0.00031247223,0.006032334,0.00076724146,0.009053644,0.0036134825,0.00030867258,0.0026536633,0.0008025936,0.0007475889,0.00015465543
Longitude,0.0019494314,0.005770133,0.00036430458,0.005714483,0.0011185348,0.017276768,0.0011272602,0.006227167,0.00011633034,0.0007034901,0.005347919,0.000693629,0.9998553,0.9992468,0.0037129018,0.011155475,0.001592396,0.040274527,0.00016974623,0.0046813274,0.00018814993,7.4259726e-05,9.8990065e-05,0.0008051742,0.00022958564,0.00021339094,0.00029787736,7.162087e-05,0.00010916101,0.00013524023,7.205824e-05,8.599297e-05,0.00087884243,0.0033362932,0.0005228323,0.030650154,0.0040659974,0.034073256,0.08887238,0.039011087,0.04763411,0.03989591,0.046026446,0.040445272,0.01977963,0.021396616,0.008591222,0.000103600156,0.0003225969,0.0021919603,0.00025383083,0.0026975968,0.0030199336,0.0017239013,0.003694912,0.00062686304,0.0009413002,0.00034769587,0.0052975356,0.0009841506,0.0120739,0.0026501766,0.0004089224,0.00231795,0.004835857,0.002424846,0.00014301616,0.000116566975,0.0043618944,0.041479196,0.0006336671,6.766908e-05,0.0007411818,0.00011246678,0.0001074501,0.005092987,0.00012383879,0.0052799056,0.001690133,0.00010595754,0.00014065423,9.333076e-05,0.00017823641,0.0037124741
Latitude,0.0015425629,0.0013900185,0.00021047001,0.0057453616,0.005235928,0.007034237,0.0024995753,0.0032075464,0.00026681248,0.00037693986,0.0030857713,0.00082948274,0.9988655,0.99979824,0.004958371,0.0031179027,0.0013620895,0.014964849,0.00023989099,0.0011905915,0.00017492828,0.00010139711,0.00014645532,0.0010047421,0.00018849115,0.00016356776,0.000103851766,0.00010405444,0.00014352349,0.00031295378,0.00011805564,0.00011858108,0.0031672232,0.0011150719,0.0010926216,0.028168548,0.003987415,0.030137809,0.028396199,0.023704305,0.020725664,0.023477053,0.020176282,0.032645743,0.012133337,0.021814916,0.009062073,0.00017048827,0.00024327598,0.00046764675,0.00023287836,0.0061398023,0.0053243875,0.00046452152,0.0007142238,0.0005441222,0.00076247205,0.0005490802,0.0066117835,0.00086948945,0.011510359,0.0023010024,0.00035332766,0.00087694824,0.0046315896,0.0027310692,0.00010489936,0.00018218493,0.0064007514,0.01909709,0.0004023309,0.00010128851,0.00079899223,0.0001036902,0.00016480978,0.010061466,0.00011474424,0.002256906,0.002254996,0.00014290737,0.00028001957,0.00020312918,0.00010571173,0.004812566
Site Type,0.34370485,0.10549953,0.01028561,0.0012244218,0.014143893,0.009249221,0.00030824664,0.0021884367,0.00011255628,0.013317174,0.25642416,0.0162319,0.00029046368,0.00019243882,0.1285761,0.9409848,0.10751927,0.047307003,0.019628512,0.015047942,0.0052158497,0.0026172413,0.00066114176,0.00086757477,0.002090377,0.003661678,0.003491197,0.00066114176,0.0030137766,0.0006674596,0.0019342124,0.0033365155,0.00080926914,0.033858918,0.0020119208,0.00035124758,0.00033304686,0.00022703395,0.0002459742,0.00014446783,0.00014491192,0.00014491192,9.8640114e-05,0.00014491192,0.0005141585,9.934865e-05,0.00035506295,0.0006674596,0.006458435,0.0071817543,0.1005804,0.0026611297,0.007383069,0.0014590161,0.0010571918,0.0011493178,0.0010137041,0.0025952028,0.0003224682,0.0013905355,0.0007247643,0.001983555,0.0048668757,0.003749155,0.035715815,0.00039658922,0.0036063364,0.00092465046,0.0005911849,0.00018164472,0.003128371,0.004881443,0.00075856945,0.0032224914,0.0009503923,0.0063479673,0.0016331335,0.0012219922,0.0013530903,0.00092978484,0.0038275698,0.0009504561,0.005306604,0.002353943
Site Classification,0.34111467,0.011387572,0.013051672,0.00096253306,0.009256148,0.007399666,0.00040877785,0.0015680188,0.00014373209,0.013699195,0.10321035,0.00072944973,0.0002623751,0.00033741194,0.057348147,0.012630016,0.94386244,0.018664373,0.020241356,0.0013402002,0.02295499,0.0030112544,0.0008928042,0.022903096,0.0019342124,0.0034935754,0.0030089372,0.000622748,0.012109482,0.015434168,0.0022948857,0.0028716647,0.010918234,0.030916179,0.0010284374,0.0005154632,0.0007559813,0.000111558256,0.00012286776,9.226908e-05,9.3457624e-05,9.226908e-05,9.8640114e-05,9.226908e-05,0.00034759697,9.934865e-05,0.00035506295,0.002876504,0.030420514,0.042685144,0.1145158,0.0031018578,0.0077298116,0.002098333,0.0018716201,0.0014357843,0.001057699,0.0022938866,0.00051542174,0.002444253,0.0006908147,0.0029919774,0.0030445664,0.016873889,0.028023565,0.00047358498,0.0036908449,0.0028851747,0.0013986591,0.0004088433,0.010564012,0.0058755027,0.0018372639,0.0041269115,0.008931989,0.006665945,0.0055709044,0.011077585,0.005718517,0.0040371167,0.0037512854,0.0037592922,0.005801578,0.006702709
Site Management Agency,0.010089193,0.01146386,0.091897674,0.0070315218,0.0055054855,0.004253395,0.00018904469,0.00076696865,8.946682e-05,0.0011021319,0.029869713,0.00011767002,6.223955e-05,5.415677e-05,0.03244464,0.00077820366,0.030699683,0.0016365536,0.9991319,0.015981397,0.70368767,0.22471952,0.24359891,0.00080563023,0.59313387,0.623651,0.17037278,0.15858185,0.32703325,0.3814063,0.6363003,0.64746386,0.00049661554,0.0004844825,0.00047167848,9.404341e-05,0.00015990568,0.000110134824,0.0001201129,0.00012151869,0.00011247468,8.57369e-05,5.8063615e-05,0.00017350358,0.00017891744,0.00018559804,0.00021488819,0.7022196,0.0032381099,0.31791836,0.0024931247,0.00032685683,0.00045136875,0.058372263,0.0036783093,0.0024587102,0.0009171912,0.09749741,0.00041502717,0.0028238238,0.0006759229,0.00037887937,0.0009077626,0.0007904228,0.00071411923,0.00059407024,0.22395208,0.93393105,0.00040855052,0.0003110807,0.0011515114,0.7607006,0.006678439,0.5253324,0.67564005,0.000403285,0.49065155,0.00039833528,0.00027918196,0.64099926,0.0024054893,0.56888914,0.5120468,0.00017498169
SMA type,0.01598524,0.12366505,0.040611293,0.02762843,0.016986275,0.02917939,0.0005242353,0.004147383,8.6093154e-05,0.0037308333,0.094989285,0.00013785473,0.00031151727,0.0002953852,0.03927539,0.005590214,0.0039680023,0.0016982566,0.25656068,0.9966643,0.21981867,0.058268376,0.051894896,0.00030417772,0.23379377,0.03624623,0.009676397,0.0068616364,0.034851886,0.04772626,0.08135328,0.26380742,0.00024295012,0.0015157366,0.00056690257,9.746358e-05,0.00017562244,0.0004630406,0.0003512413,0.00019205341,0.0002485188,0.00023882219,0.00013278308,0.00023956731,0.000110094064,0.00020123394,0.00018912056,0.0038999654,0.000810017,0.8974411,0.0065039718,0.00020740516,0.00028072216,0.60831875,0.004793511,0.0028400472,0.0047478643,0.74792033,0.00049922836,0.0031483166,0.0005521054,0.0007450417,0.0012265748,0.00015116968,0.0012336773,0.0002488915,0.025885938,0.11185666,0.00015972655,0.00031423365,0.0004214189,0.08333762,0.004852714,0.0056752856,0.046994448,0.0024371627,0.005988476,0.0020100304,0.00017822554,0.05688389,0.008854441,0.009936132,0.041330718,0.00023172288
Registration Activity,0.0032561454,0.005983978,0.01252951,0.002547842,0.0019608052,0.0007858045,0.0002518647,0.00090541434,0.00014601235,0.0010617936,0.0038770186,6.701022e-05,0.00014753871,0.00016406852,0.052208755,0.0016291683,0.41358387,0.00020236608,0.97476393,0.021538557,0.99980783,0.8803989,0.87544256,0.007996699,0.9371577,0.9467773,0.8853502,0.79253197,0.9850213,0.9406935,0.9474103,0.31477082,0.0038818761,0.00034004916,0.00048199782,0.00019918419,0.0018317383,5.6250465e-05,9.347768e-05,7.438321e-05,0.00044853636,0.00013914637,0.00069832965,0.00022274023,0.00024412891,0.0001651177,0.00011338481,0.9774995,0.004437252,0.086522475,0.0034948743,0.00054170674,0.0008406325,0.02364298,0.010096311,0.0030387507,0.0027048537,0.02962362,0.0005340428,0.005859624,0.00072158483,0.00071296137,0.0016150471,0.0022167317,0.0015898895,0.0012224851,0.96797395,0.60573655,0.0009349703,0.00086627464,0.0061256685,0.9565352,0.11219979,0.9855571,0.9692443,0.13405915,0.98715764,0.030342342,0.00080764643,0.97093505,0.025591401,0.98436946,0.99264896,0.00242523
WASH Support,0.0026087586,0.007004686,0.011896232,0.0013660414,0.0023317619,0.0004757372,0.0003355987,0.0007594982,0.0002876987,0.001205677,0.005349816,7.2001916e-05,8.698008e-05,9.0870344e-05,0.060404956,0.0014379958,0.030911561,0.00041911812,0.87671304,0.17696169,0.6366192,0.99978346,0.99238324,0.0023494184,0.9925991,0.9852777,0.9864405,0.9922793,0.9931472,0.9929509,0.9927763,0.98856854,0.00073848467,0.0027666902,0.00021019852,0.00032681116,0.00026254787,9.602144e-05,0.00010348445,0.00022622831,0.00026741845,0.00022794021,0.00022399345,0.00022176409,0.0002102513,7.817991e-05,5.6147135e-05,0.96477085,0.00279014,0.17334013,0.0015769098,0.0006171538,0.0014818523,0.09596048,0.0016053572,0.001626544,0.0015973734,0.15714681,0.00031061756,0.0014267062,0.0006941505,0.00032520934,0.0027637815,0.00039010448,0.0019373307,0.0002812931,0.69123894,0.7059383,0.0002847788,0.000100527475,0.0055777417,0.9765388,0.107439466,0.84411776,0.9152826,0.07793937,0.169624,0.0005141694,0.00019716495,0.94714004,0.021096738,0.5422143,0.73271406,0.00023816133
CCCM Support,0.008122124,0.095498465,0.5886064,0.035507742,0.0017799226,0.003455894,0.00018685874,0.0015135063,8.567852e-05,0.0011739697,0.008786775,4.6884743e-05,6.149108e-05,4.997013e-05,0.016987588,0.000116724885,0.0011267418,0.00011417353,0.66380584,0.01749283,0.26341912,0.757668,0.9968259,0.0594792,0.9614008,0.78893685,0.77657527,0.7940836,0.7967483,0.9192671,0.9666914,0.97706103,0.00059132365,0.00058918237,0.0003517355,8.147473e-05,7.890446e-05,0.00011657897,0.0001272186,0.00012097318,0.00011203759,8.5349355e-05,5.7738267e-05,5.7948124e-05,4.7365702e-05,6.1219056e-05,6.5587905e-05,0.33319193,0.000280438,0.055812288,0.00045704318,0.00010901183,0.00013709224,0.05097934,0.0015176438,0.0008717401,0.0013591493,0.092241324,0.0003961349,0.0006784423,0.00031207444,0.00024715014,0.0005269672,0.00012729982,0.00073838216,0.00023173961,0.06900252,0.8363235,0.000114188755,9.466782e-05,0.00092979986,0.26759553,0.0025412878,0.07187593,0.24985106,0.0017830685,0.10364046,0.00023006939,0.00026624874,0.552593,0.0013602813,0.31919724,0.4258776,8.061833e-05
CCCM_Organization,0.0784167,0.081207275,0.010595552,0.0014605068,0.0031148081,0.00061780657,0.00039664732,0.001460931,9.2354894e-05,0.0015989605,0.006246468,6.0836082e-05,0.0009867505,0.000623708,0.008060715,0.0009973915,0.07105581,0.00029846572,0.004740019,0.0013626035,0.011098907,0.002876504,0.17045103,0.9684516,0.0042422074,0.0042574853,0.0044467645,0.002876504,0.0107198935,0.01994105,0.0028463765,0.002800821,0.0151164625,0.04091597,0.002608638,0.0003141289,0.00028072763,8.484639e-05,9.102453e-05,8.484639e-05,8.5842454e-05,8.484639e-05,8.865752e-05,8.5842454e-05,0.00012220482,9.0028465e-05,0.00012594245,0.0009227892,0.0078757005,0.010194398,0.043675743,0.007292827,0.018661521,0.000945718,0.0017614202,0.00070597406,0.0012620265,0.0024407278,0.00032586703,0.0027445182,0.00030142796,0.0012324989,0.0053389007,0.00927788,0.018053055,0.0009774292,0.0046555707,0.0033931877,0.003983617,0.00026257994,0.013872493,0.005194279,0.0015088541,0.0032953655,0.008039507,0.0037394436,0.0051987832,0.009358236,0.0037867003,0.0044569275,0.0067624394,0.0046392074,0.0050801495,0.0014912996
HEALTH Support,0.0023905542,0.0031487937,0.025425615,0.0040278807,0.0019276339,0.00035638455,0.0002404215,0.00074454915,0.00014477628,0.0009042951,0.0037821925,6.2836356e-05,0.00013047949,0.00021601227,0.059302777,0.0012321149,0.058326744,0.00048280368,0.7929187,0.106580146,0.97014874,0.9925991,0.99305475,0.0037285788,0.99979633,0.995508,0.99287355,0.9958034,0.99193525,0.9861026,0.99234295,0.97176635,0.0011104135,0.002341764,0.00022237447,0.00020408977,0.0007808222,5.4009735e-05,6.497768e-05,0.000101763595,0.00010684746,0.00013185866,0.00026741845,0.00018534031,0.000196705,7.3872834e-05,8.487479e-05,0.935544,0.00289628,0.08065266,0.0023425163,0.00062324136,0.0014877743,0.035308644,0.008735131,0.0028104826,0.002988451,0.112094164,0.00031841733,0.0053037377,0.0005221832,0.00022028852,0.0026105954,0.00050705986,0.0021997334,0.00028399625,0.9717396,0.15760362,0.0002620659,6.0875107e-05,0.0059306934,0.95477027,0.08798453,0.9792859,0.7950084,0.2788506,0.94890785,0.00052319054,0.00026482594,0.98402154,0.12619928,0.9859751,0.99291325,0.0014457394
SHELTER Support,0.0025245778,0.007803855,0.030038774,0.003721717,0.0056568207,0.0004963604,0.00033306432,0.0008255972,0.00015070807,0.0008887866,0.016849773,0.00010956554,0.00014043628,0.00013687344,0.060902737,0.0019103151,0.03559083,0.00059807784,0.97536224,0.109879225,0.94552714,0.9926534,0.9927552,0.0027478442,0.995637,0.99980086,0.9925154,0.99209446,0.99563134,0.992855,0.99575853,0.9855863,0.0011141596,0.0030451508,0.0070614293,0.0008364573,0.0007140162,7.0719616e-05,7.1952374e-05,0.00018935653,0.00020491006,0.00022436341,0.00023632009,0.00023127849,0.00031428356,0.00041247337,0.00023922953,0.96835643,0.0037110506,0.03473017,0.0030094094,0.0004206383,0.00095762825,0.043125708,0.004562237,0.002912261,0.0027248356,0.02030258,0.0002857593,0.0049838065,0.0005134552,0.00082773477,0.0025563356,0.0009047346,0.006566143,0.00041362894,0.9652723,0.17505817,0.00041678912,0.00011568505,0.0056775226,0.97685504,0.02272261,0.9847692,0.8113077,0.27613974,0.90340537,0.0065455264,0.0009914428,0.9818196,0.014496096,0.94905025,0.9739152,0.0004231672
NFI Support ,0.002379381,0.0035968053,0.04328099,0.0029958242,0.0017968555,0.00072707597,0.00032346483,0.001096645,0.00011763949,0.00090323435,0.005263133,7.693736e-05,0.00018866493,8.479005e-05,0.040820524,0.0019140615,0.033374123,0.0004558715,0.69080687,0.0052852584,0.8872646,0.9926194,0.9922387,0.002769854,0.9923116,0.9925154,0.99980086,0.9926194,0.992409,0.98901695,0.9914826,0.98173887,0.00079238525,0.0021309636,0.00017414671,0.00029958462,0.0002845198,7.259439e-05,0.00011236073,0.00015605587,0.000118921824,0.00026005038,0.00022667719,0.00026725823,0.00022069032,7.179166e-05,6.0419705e-05,0.87685597,0.0019540987,0.003722934,0.0014162615,0.00029867052,0.000715153,0.0032888812,0.0051917867,0.0013796665,0.0019392065,0.003719279,0.00029013987,0.0008584058,0.00037144078,0.033522863,0.0008944365,0.0015170425,0.0014011265,0.00019208636,0.9078503,0.07530399,0.00021860565,0.00018847456,0.004715087,0.95148873,0.013932963,0.9431433,0.8123752,0.0130353905,0.58369607,0.0043745693,0.000263513,0.9579245,0.003192157,0.83374846,0.6870944,0.00019365952
FOOD Support,0.0023905542,0.02155704,0.042458218,0.005593578,0.0018052561,0.0005926635,0.00024952166,0.00097187783,0.00012330104,0.0012957795,0.002027572,6.36399e-05,7.453406e-05,0.00013394267,0.043873187,0.000265975,0.0083544,0.00011056359,0.46481588,0.026482165,0.8017324,0.992641,0.99271405,0.0019390977,0.9925742,0.99209446,0.9926194,0.99980086,0.9926802,0.9869126,0.99242276,0.96908176,0.00079644885,0.002881148,0.00047998107,0.00020603865,0.00037324356,5.883588e-05,6.5253415e-05,6.8635214e-05,0.000108879816,0.0001379246,0.00025989016,0.0001374448,0.00014839467,5.7826503e-05,8.7734625e-05,0.70338595,0.0035638793,0.006475429,0.0021452308,0.0003944068,0.00046399992,0.004806072,0.001496485,0.0019659125,0.0018906504,0.0057983496,0.00029355742,0.0008620257,0.00038809684,0.00076523656,0.0025232916,0.00020362847,0.002133756,0.00029078417,0.9716227,0.10259678,0.0001806995,0.00013195051,0.0010235334,0.976228,0.020483416,0.91714567,0.81288254,0.444417,0.8489333,0.030526996,0.0023797867,0.99013615,0.016829232,0.9096412,0.8800908,0.00023557716
PROTECTION Support,0.0024904665,0.022468777,0.026242843,0.003638715,0.0018939127,0.0010544955,0.00022938519,0.0008937422,0.00015606408,0.0012722638,0.003947102,8.296546e-05,0.00013000205,0.00012212248,0.062716216,0.001825624,0.3502768,0.00055752,0.67325807,0.0052996944,0.985399,0.9933638,0.9923095,0.007738673,0.9839581,0.9957178,0.992409,0.99283195,0.9998073,0.9858532,0.9804924,0.816919,0.0036198993,0.0013684966,0.00059227156,0.00017640949,0.0007761017,5.9083493e-05,6.383392e-05,5.7509285e-05,5.8516616e-05,0.00010020435,0.00014153412,0.00015741948,0.00026747715,0.00017129659,0.00011520195,0.96388334,0.00460155,0.014320288,0.0029748725,0.0007330864,0.0012809804,0.019686002,0.006363903,0.002286777,0.0013907754,0.0149705475,0.0002883171,0.0056703403,0.00045604882,0.0004655089,0.0023402476,0.00079068827,0.0017796705,0.00020074415,0.96509314,0.37292358,0.00088609697,0.00092367316,0.008545385,0.95502675,0.008265041,0.98380446,0.96230274,0.1311685,0.9478956,0.009837216,0.0008435039,0.9692443,0.022315672,0.9793205,0.97309047,0.0005540124
EDUCATION Support,0.0023515678,0.02284566,0.027830517,0.0042052404,0.0018283235,0.00073802954,0.00024160971,0.0007429951,0.00013661695,0.00091292604,0.0020339482,6.320247e-05,0.00013181573,0.00029650738,0.042548094,0.00025679407,0.30827633,0.0001157361,0.47981262,0.0031228259,0.9721833,0.9929314,0.9888228,0.014470784,0.9756474,0.9927812,0.98924243,0.9925913,0.99304104,0.9997843,0.975084,0.8337982,0.0066573187,0.0016741434,0.0005735867,0.00017581975,0.00086622953,7.9704565e-05,8.766953e-05,5.850531e-05,5.9535996e-05,9.909144e-05,0.00015189937,0.00015983629,0.00015882759,0.00017071023,0.00011520195,0.90573907,0.004569049,0.04546559,0.00233521,0.0008058526,0.0010870001,0.01225749,0.009056002,0.0019836598,0.0013885463,0.013228728,0.00078777876,0.015995981,0.0012587921,0.00023432904,0.0036130317,0.0019053253,0.0026962166,0.00019759583,0.9629044,0.36392483,0.00088609697,0.00023051548,0.0061893547,0.95181936,0.04237114,0.98196656,0.96730244,0.21464129,0.94522256,0.009793815,0.00085482973,0.9669844,0.009151554,0.9765928,0.9628444,0.0014385438
LIVELIHOOD Support,0.0022171482,0.00793262,0.007661916,0.0023310368,0.00196897,0.000541059,0.00034999952,0.0011530803,0.00012930538,0.0012016253,0.014872301,6.297373e-05,7.512133e-05,8.626699e-05,0.03530985,0.0012378356,0.023308508,0.00028122525,0.8814061,0.09390655,0.9771762,0.9928258,0.9936314,0.0024580709,0.9956451,0.9957118,0.9927563,0.9958252,0.9926926,0.9922578,0.99980783,0.9882278,0.0010697875,0.0033388801,0.0004624127,0.00071681803,0.0010482247,7.445354e-05,7.20999e-05,0.00018738644,0.00020478074,0.00022896472,0.00022545512,0.00027391638,0.00031998215,0.00027912264,0.00022745108,0.9789635,0.0027125422,0.26361945,0.0027190645,0.00062032085,0.0015162317,0.18905498,0.012001695,0.006037087,0.011017287,0.13552688,0.00041394186,0.0058312593,0.0006859439,0.00046968355,0.0021297093,0.0006178872,0.0021441726,0.00019008387,0.89391094,0.2035627,0.00060773396,0.00020044102,0.0058346367,0.97926044,0.101977825,0.97981274,0.9441796,0.313066,0.7248333,0.012947924,0.0010275025,0.98139644,0.015361919,0.95794487,0.958045,0.00042655692
PSS SUPPORT,0.0024391767,0.0039319666,0.02005814,0.0016869814,0.0017599269,0.0010120587,0.0002962669,0.0010934921,0.00012102095,0.0018325512,0.0055707814,6.0669765e-05,0.00015995243,0.00013348198,0.07714727,0.0012176817,0.11012742,0.00054047076,0.5496006,0.23323154,0.09461901,0.7975917,0.8885597,0.0018226122,0.9855122,0.8267107,0.81323653,0.89031506,0.8784124,0.98466706,0.9880791,0.9998026,0.0057276944,0.0014526362,0.00022207163,8.402649e-05,0.00017523419,0.0001567529,0.00018295115,0.00022055715,0.00018888428,0.0001461119,0.00014315224,9.317189e-05,5.8530884e-05,6.066513e-05,6.2479536e-05,0.7323592,0.0025873426,0.016841251,0.00023526263,0.00041746878,0.00070049526,0.07384468,0.00386711,0.0038524207,0.0055527226,0.19490017,0.0012924905,0.0029340154,0.00197143,0.00020308797,0.0018119977,0.00023327293,0.00046527648,0.00016107265,0.344851,0.7974876,0.00018760064,0.00010141555,0.00068570697,0.34101087,0.0048742513,0.043389957,0.30754563,0.043395698,0.06862378,0.0005903468,0.0002464468,0.69112283,0.00620015,0.18725559,0.4788856,0.00018612301
PSS_ORGANIZATION,0.013507832,0.0006198898,0.0006201632,0.00012355861,0.0041370643,0.00082302623,0.0029895103,0.00035527183,0.0024674744,0.0003800906,0.0014689334,0.0020573563,0.0059259064,0.0075214906,0.027929861,0.0093062315,0.044209138,0.041706473,0.0078040687,0.003805145,0.024719361,0.0070031225,0.008490522,0.16225284,0.009866733,0.009891783,0.007074066,0.00725994,0.023577051,0.041994814,0.0096903425,0.038598996,0.9998002,0.25087902,0.016041895,0.0014787744,0.007163678,0.0003367676,0.00035713668,0.00032358154,0.00034626215,0.0003276077,0.0003490962,0.0002060202,0.00066128996,0.0002300592,0.0013170221,0.0076264064,0.068069264,0.03888461,0.15695769,0.015482553,0.05719993,0.00091268076,0.0013102992,0.0003239453,0.0010723772,0.0043180445,0.00055325247,0.0031175779,0.00031573296,0.01067849,0.018613951,0.010229058,0.069844045,0.0073945085,0.0075065433,0.0062837875,0.032729056,0.0017350591,0.02886054,0.008389185,0.014768195,0.008712137,0.021234738,0.04092449,0.011788799,0.017970426,0.06438161,0.007982935,0.019012768,0.0067230146,0.012366577,0.040719766
Land Ownership,0.0021649066,0.001909212,0.00040356404,0.00012088345,0.0006198694,0.00018235293,0.0018271697,0.00013672176,0.001856577,0.000322285,0.00038149708,0.0020450884,0.003440711,0.00055043906,0.000501657,0.08838571,0.0074935565,0.0019876128,0.0002324138,0.0019148176,0.00016746685,0.0011296491,0.00060827355,0.024823166,0.0008884641,0.0011357589,0.00067680434,0.0011296491,0.0006000173,0.0006466259,0.0012972424,0.00057825836,0.02236562,0.9995514,0.07332839,0.0012535121,0.0015936232,0.000106523665,9.167886e-05,9.055058e-05,9.520049e-05,8.8226174e-05,8.551205e-05,8.8226174e-05,0.00021384255,0.00035538574,0.000557006,0.0008299597,0.024213742,0.0030704848,0.11493702,0.029756146,0.047586285,0.0013732502,0.0010579602,0.0006737467,0.0013506825,0.00074947183,0.00013986306,0.00058441865,0.00018339501,0.04034362,0.0021125409,0.0032612225,0.030226838,0.006015255,0.0019932187,0.001980063,0.02879401,0.00029425893,0.03439086,0.0011982085,0.07100352,0.0008806631,0.00084504794,0.0039780377,0.002005255,0.0010866533,0.005313932,0.00057653507,0.00083105266,0.003319598,0.0018434454,0.023496306
Most Common Type of Shelter,0.0010348705,0.0005047175,0.0003904635,5.1606836e-05,0.0035386637,6.079279e-05,0.0012883728,6.399813e-05,0.0009578976,0.0001024541,0.0002324811,0.0014281822,0.0008712595,0.0016091797,0.00037766484,0.14303339,0.003600319,0.0030899819,0.0010326314,0.019061897,0.00087791996,0.00025413558,0.00048671104,0.006804974,0.00036887958,0.008363716,0.00018909985,0.00066071394,0.0011920953,0.0008199835,0.00091903895,0.00018513417,0.048747398,0.030433178,0.99697345,0.00048082857,0.0009715712,0.00012539056,0.00012993583,0.00028341223,0.0001303723,0.00028341223,0.0001345582,0.00016063359,0.00022509706,0.00023741674,0.0003483872,0.0007263396,0.013115612,0.00041571262,0.03681507,0.23234497,0.11950411,0.011537577,0.00072201865,0.004466149,0.00082677254,0.0014093232,0.00042395934,0.0030987754,0.00027068835,0.021296753,0.0040499363,0.008528733,0.05645963,0.001826231,0.001199794,0.0010972953,0.26333985,0.0009320339,0.011877212,0.001146078,0.094520696,0.0012602396,0.003254371,0.0006531023,0.001200763,0.019956235,0.30599898,0.00075724587,0.012067371,0.0011119033,0.0011092906,0.033505265
Number of Households,0.0004714234,0.0001958664,0.00036479457,0.0026138972,0.00012800154,0.0045342348,0.00044851468,0.0012999491,7.596387e-05,0.0007221345,0.00036785216,8.109526e-05,0.088030525,0.08386946,0.00015206689,9.9140845e-05,0.00018241376,0.003697637,0.0006019343,0.00038572474,0.00014341493,0.00014996371,0.00039474218,0.0005839661,0.00044090542,0.00067327917,0.0002694364,0.00041469955,0.00041939548,0.00046417554,0.00096778886,0.00025400735,0.00036158183,0.00030002723,0.0005231381,0.99929124,0.40916264,0.5870163,0.647123,0.52067965,0.49812832,0.21393862,0.12299626,0.58410966,0.50132287,0.8261238,0.7575328,0.0010288804,0.00020352713,0.00023727502,0.00064603286,0.0010752025,0.0015903171,0.00056861964,0.0018763186,0.0015929682,0.0018074204,0.00025115305,0.008059466,0.0014704095,0.011698101,0.0002858708,0.0007037241,0.00029889063,0.00130718,0.002030997,0.00038944735,0.0003126783,0.006302557,0.8277201,0.00029482692,0.000843419,0.0013435135,0.00035711878,0.0007788777,0.0032597114,0.00023125905,0.008142101,0.004354092,0.00039421069,0.000977854,0.0002704677,0.000343571,0.002909278
Number of Individuals,0.0003073257,0.0002485379,0.0004562856,0.013699171,0.000108082786,0.0025812706,0.0002083199,0.0019095247,7.6366945e-05,0.0004586262,0.0004896385,9.383229e-05,0.094185896,0.064144045,7.754497e-05,0.00014278755,0.00040697693,0.0060991985,0.0013374237,0.00014404613,0.0030535695,0.00029891307,0.0002902166,0.000358334,0.0004141571,0.0008936725,0.00030219002,0.0002902166,0.0010713962,0.0015623113,0.0014314097,0.00016010384,0.0006279903,0.00090239197,0.00049174967,0.98435074,0.99975824,0.08312038,0.07984578,0.08237439,0.10850081,0.49339053,0.680746,0.62059885,0.63555646,0.039520007,0.23325133,0.0023353577,0.00025806736,0.0006469785,0.0029424299,0.00020922686,0.00038556568,0.000959491,0.0031130186,0.00075768476,0.0026019108,0.000595292,0.004076697,0.0012825661,0.00392719,0.00013528082,0.00040927719,0.00042731868,0.0006927528,0.002802218,0.0016537387,0.0011153268,0.0035234168,0.35308874,0.00147673,0.001769248,0.0028683133,0.0015979756,0.002523851,0.0076761623,0.0012220265,0.013580784,0.0010820933,0.0019783026,0.0011703931,0.003520167,0.0019156935,0.0011397393
Boys (<1),0.00020758562,0.00035464825,0.00036139344,0.0056848167,0.00010496612,0.0020914432,6.493516e-05,0.0017970232,7.126579e-05,0.0009831986,0.000465174,0.00015198543,0.12677312,0.110831335,0.000111069305,0.0010939889,0.00015480927,0.0010726016,0.00011758382,0.0013950204,7.737137e-05,0.00012099187,7.324728e-05,6.612477e-05,0.00011626636,8.838574e-05,9.103238e-05,7.405654e-05,7.33476e-05,0.0001620227,0.00011854886,0.00026900787,0.00014633258,9.40373e-05,7.3638395e-05,0.0730112,0.04099005,0.9992978,0.7658674,0.8984116,0.32565373,0.34960476,0.08439697,0.14080627,0.11753456,0.18168324,0.10598113,0.0001171236,3.800759e-05,5.893212e-05,8.032367e-05,0.00030261753,0.00018031179,0.00010484852,0.00031959257,0.00023002957,0.00050985214,0.00019886627,0.0023423408,0.0002496794,0.0034638774,0.0001058543,8.222581e-05,0.00010614398,0.00025651103,0.00095901324,7.001833e-05,9.0283065e-05,0.0005708934,0.1192322,0.00011554975,7.179018e-05,0.00017895036,5.335842e-05,7.045524e-05,0.0019888526,4.6400488e-05,0.000462614,0.00026120004,8.703636e-05,0.00017272797,4.582308e-05,6.8836176e-05,0.0001376123
Girls (<1),0.00019321364,0.00018595558,0.00015996763,0.0018130956,9.137622e-05,0.002033392,6.359125e-05,0.0035307915,7.159738e-05,0.00041655704,0.0004792102,0.00018357385,0.4247577,0.13486086,6.5961845e-05,0.0011019963,0.0001589791,0.0010824037,0.00011651799,0.00024605027,0.00011623618,0.0001113395,0.00012362383,6.7234534e-05,0.0001280809,7.861937e-05,0.00013539789,0.00012362383,0.00012097911,0.00015635835,0.00011946099,0.00028325734,0.00018489196,0.00010307151,8.509014e-05,0.1396183,0.047137,0.86795527,0.99896467,0.5055818,0.56609654,0.16317374,0.33354887,0.11196053,0.27602413,0.5424373,0.27438128,0.00012233463,3.8029044e-05,5.934986e-05,8.341571e-05,0.00030070756,0.00016240518,0.00010419265,0.00032018582,0.00023002957,0.0017756023,0.00021170192,0.0022577269,0.00024201008,0.003289967,6.539224e-05,8.457258e-05,0.00010614398,0.00033091096,0.00095492206,7.352779e-05,9.48393e-05,0.0005740491,0.18014912,0.00013726926,0.00012274053,0.00017895036,5.7571753e-05,0.000118475284,0.0019030853,4.6752593e-05,0.00046817103,0.00024549264,8.8792745e-05,0.00017629782,6.707842e-05,6.984998e-05,0.0001349764
Boys (1 - 5 y),0.00020288992,0.00020126166,0.0004073857,0.0036680538,0.00010310694,0.0015841837,7.073555e-05,0.0014016054,9.91198e-05,0.00070289103,0.0005971805,8.243942e-05,0.040467113,0.02945304,0.00012351641,0.0006236076,0.0001194368,0.0005742566,0.00013453045,0.0001958845,0.00014457949,0.0001430323,0.00013867683,8.164309e-05,0.00013094899,0.00013871912,0.00013513946,0.00013597279,0.0001421049,0.00013394159,0.00013234546,0.00025408153,0.00017570857,9.3988754e-05,0.00013906407,0.07220995,0.026333196,0.99801284,0.9731884,0.99935275,0.9455949,0.98038596,0.582727,0.48079833,0.6353727,0.9383933,0.8011618,0.00014624701,3.4513287e-05,4.9358834e-05,8.302671e-05,0.00029550988,0.00046035164,8.6231514e-05,0.00055943115,0.00021155024,0.0003763716,0.00018138075,0.0032320693,0.00032119066,0.003375036,0.000101736885,0.00015644412,0.00010650528,0.00016419828,0.0009417024,0.00016615525,0.00017365748,0.000520858,0.45099896,0.00014092617,0.00013612224,0.0001816508,0.00017410812,0.00018485636,0.006723009,7.893856e-05,0.00044515534,0.00024933665,0.00013886893,0.00045549384,0.00011762984,0.00031554443,0.00014529625
Girls (1 - 5 y),0.00020288992,0.00020126166,0.0001979243,0.0024384814,0.00010547648,0.0015841837,7.132853e-05,0.0014066754,9.635255e-05,0.0007080169,0.00059221487,8.303388e-05,0.051925406,0.03782312,0.00012184795,0.0006244878,0.00012056433,0.00057329197,0.00014020328,0.0001975847,0.0010354244,0.00014221734,0.00013234037,8.490753e-05,0.00013857536,0.00013988327,0.00013886955,0.00013234037,0.00013564978,0.00014214446,0.00013857536,0.0003315465,0.0001859481,0.00010473456,8.8617846e-05,0.07359367,0.058307845,0.9836838,0.9921775,0.9796627,0.99935275,0.64883,0.9804681,0.48022518,0.76837176,0.9261229,0.9161811,0.00015468671,6.5595865e-05,0.00010336446,8.16031e-05,0.00029550988,0.00045719632,0.000125508,0.0005775275,0.00020284741,0.0010404836,0.0002625448,0.0031210026,0.00031100094,0.0032286544,9.932135e-05,7.736951e-05,0.00010650528,0.00021323208,0.0009157668,0.0006347132,0.00017574076,0.00053299975,0.48091045,0.00013979187,0.00047583997,0.0001816508,0.00036021427,0.00017561197,0.0053095515,8.737961e-05,0.00044493334,0.00024933665,0.00013901936,0.00016210217,0.0004660364,0.0005940342,0.00016810054
Boys 6to12y,0.00040932035,0.0004355028,0.0009808545,0.0031390947,7.724579e-05,0.0059379814,6.986717e-05,0.0020191115,9.332919e-05,0.0011566286,0.0004787959,8.305086e-05,0.055413246,0.05513746,0.00021846712,0.0009556733,0.0003082823,0.0007893446,0.00013293432,0.00016978284,0.0001442216,0.0005572084,0.000152394,8.490753e-05,0.00014928154,0.0004859567,0.00024090812,0.000840084,0.0001421049,0.00013657263,0.00013657263,0.0014330448,0.0003394906,9.5491414e-05,8.776912e-05,0.18744904,0.049739666,0.99029285,0.96718943,0.9891432,0.65705836,0.9614085,0.47006336,0.22359005,0.37712666,0.92640525,0.39067212,0.00013394159,3.4080436e-05,4.7953017e-05,8.416211e-05,0.00029740727,0.00046274476,7.7930024e-05,0.00019967121,0.00015186273,0.00020169214,0.00018977479,0.0021450017,0.0002253149,0.0054581705,9.9449906e-05,0.00013463985,0.00012283254,0.00016585938,0.0009110184,0.00017408175,0.00017601813,0.00046860919,0.4471498,0.00013945079,0.00013612224,0.0001816508,0.00017676479,0.00014225433,0.00680914,8.726471e-05,0.00044515534,0.00024933665,0.00013901936,0.00033381066,0.00012643216,0.0004381036,0.00014397055
Girls 6to12y,0.00041612724,0.00030403925,0.0009747838,0.0037162544,0.00012818194,0.004316133,6.8442285e-05,0.002595435,9.392331e-05,0.0010995378,0.0005603501,8.289275e-05,0.20189616,0.040951744,0.0002637449,0.0006403817,0.0003115726,0.00077014894,0.00013557942,0.00021182465,0.0010328905,0.001063546,0.00024784548,0.00012117901,0.000543261,0.0006611288,0.0010667593,0.00024784548,0.00013564978,0.00013331482,0.0004952262,0.0015608391,0.00035942675,0.00022017531,8.804216e-05,0.09215516,0.058307845,0.95954657,0.9914621,0.7281404,0.9845835,0.50906265,0.95879364,0.22085729,0.2312694,0.9008998,0.89438826,0.00014921134,3.263942e-05,4.8488335e-05,8.3077844e-05,0.00039971733,0.00018888593,7.411256e-05,0.00020355379,0.00015077561,0.00030511184,0.00019007409,0.0022976147,0.0002973483,0.0051146224,6.7684516e-05,6.2051455e-05,0.00012416899,0.000645348,0.00092619745,0.0004485745,0.0001588328,0.00061398867,0.6582637,0.00014678267,0.00047786487,0.0001816508,0.0005834826,0.00013691075,0.006480854,8.816402e-05,0.0004946705,0.00024881054,0.0006128422,0.00040217457,0.00047206765,0.0003933369,0.00015931662
Boys 13to17y,0.0003891668,0.00038713322,0.0009243846,0.0040594945,9.502856e-05,0.004756287,6.832189e-05,0.0024208426,8.9670546e-05,0.0011566286,0.00051433,8.2256665e-05,0.05893066,0.061577808,0.00024097395,0.00063912023,0.00030098416,0.0007173091,0.00012096906,0.00022745432,0.00013668323,0.00051069696,0.00013699011,7.934622e-05,0.00013393686,0.00044371246,0.00014025012,0.0007416447,0.00012365666,0.00012255559,0.00012255559,0.0013090334,0.00025977398,8.822528e-05,6.956778e-05,0.2014623,0.055833492,0.99132454,0.9615035,0.9889742,0.6782499,0.9614605,0.5087869,0.23864979,0.38995734,0.5065468,0.34790835,0.00012047206,3.2266988e-05,4.6892408e-05,7.691355e-05,0.00028271732,0.00053653243,7.203901e-05,0.00019023579,0.00014994883,0.00014429957,0.00017971576,0.0023308946,0.00021054482,0.005980994,9.7059194e-05,0.00012587543,0.000100240475,0.00015630234,0.0008356952,0.0001587115,0.00015741793,0.00054085907,0.43222487,0.00013160541,0.0001277297,0.00016928096,0.00013307095,0.0001277297,0.006583685,8.2632425e-05,0.000420939,0.00024444785,0.00013076676,0.00031434477,0.00012114434,0.0003651025,0.00014015933
Girls 13to17y,0.00038964703,0.0002901741,0.00061420206,0.0039938036,9.835968e-05,0.0033627742,6.75139e-05,0.00325666,8.979984e-05,0.0007029838,0.00053716725,7.5922464e-05,0.27172238,0.06300743,0.00023407464,0.00062430126,0.0003040666,0.00055507256,0.00012291393,0.00023999614,0.0007572052,0.0004901985,0.00012847471,0.0001426287,0.00048457787,0.0004819956,0.00050376664,0.00012847471,0.00012047206,0.00012255559,0.000683302,0.0014995371,0.00027944805,0.00020343249,6.8998845e-05,0.07845393,0.0655154,0.93016165,0.99016833,0.84226584,0.99361104,0.5593853,0.9616337,0.2691134,0.23904322,0.71524084,0.66301,0.00013291667,3.2228243e-05,4.8014288e-05,6.5498156e-05,0.00028271732,0.0005389738,5.5286335e-05,0.00014788353,0.00015004579,0.00027072814,0.00017999571,0.002358325,0.00021054482,0.005213583,6.8168396e-05,5.8803973e-05,0.000101497564,0.0004662581,0.0008518335,0.00044676996,0.00018453278,0.0005489413,0.43576893,0.00013795255,0.00042156,0.00016928096,0.0007436068,0.00012061071,0.0065307366,8.5527754e-05,0.000420939,0.00024444785,0.00045276844,0.0004219739,0.0004790846,0.00045307787,0.00014351659
Men (18 - 59 y),0.00022777093,0.0002008544,0.00014667504,0.00079753203,0.0001032915,0.0012112487,0.00044236804,0.0013033126,8.9257774e-05,0.00021952864,0.00037045474,0.00011945364,0.06306094,0.051487308,9.647506e-05,0.0002976587,0.00012602686,0.003443665,0.0008075,0.00031939504,0.00017602422,0.000106341344,0.00017694385,0.000100901925,0.000266342,0.00010962421,0.00010905688,0.00018038739,0.0002665808,0.0002942652,0.000195648,0.0002192928,0.00020043005,6.400147e-05,0.00021654724,0.4842955,0.033685416,0.88471204,0.9108317,0.93755984,0.93376344,0.86593646,0.7294755,0.9994632,0.9395605,0.9856597,0.86800396,0.00028986926,0.00013043756,5.0042774e-05,0.00041266394,0.0006860765,0.00021761058,5.6216468e-05,0.00043374527,0.00025379265,0.00024123765,0.00014222378,0.0023511795,0.00021369937,0.0015256216,0.00021374028,0.00025441163,9.367383e-05,0.0009808555,0.000397373,8.4361316e-05,0.00014600731,0.0011410849,0.45569864,0.00015618255,0.00018589577,0.00011146545,0.000277314,0.0004087601,0.0030374455,5.9295067e-05,0.0017094548,0.00041681645,0.00022446846,0.00014941876,0.00012388211,0.00021454903,0.0003609926
Women (18 - 59 y),0.00024205363,0.00012593647,0.00012019873,0.0005459114,0.00012719023,0.0010827482,0.0004666531,0.0014081707,9.031312e-05,0.00021952864,0.000324619,0.00011616394,0.05306769,0.02994479,0.00017171414,0.00013324259,0.00012635415,0.0037720457,0.0011990847,8.821758e-05,0.00028709677,0.00018019462,0.000201615,0.00010303406,0.0003183999,0.00024259271,0.0001814158,0.00020275665,0.0007635118,0.00034599903,0.0003728148,0.00023590948,0.00020633786,6.8784844e-05,0.00032801653,0.6570036,0.028234575,0.61021316,0.8497871,0.98315924,0.98043096,0.85523623,0.9179142,0.9840128,0.9995488,0.61604744,0.9893302,0.00032650822,0.00013157864,5.355974e-05,0.0004436368,0.0009502922,0.00031588445,6.075816e-05,0.00036937994,0.00027935847,0.00021577602,0.00015423734,0.0015840292,0.00029193208,0.0010298854,8.5893356e-05,0.0006953094,9.8028715e-05,0.0010433401,0.0004320992,7.354143e-05,0.00034047538,0.001190288,0.24002314,0.00015539101,0.00020006162,0.00015081059,0.00042881037,0.00047993305,0.0012649044,0.00017699534,0.0015855081,0.00050416915,0.00037409418,0.00015401866,0.0001246588,0.00021036385,0.00038046905
(Elderly men 60+ y),0.00026148255,0.0002517947,0.00079624355,0.0038623281,0.0001362069,0.00449602,4.535129e-05,0.00059071946,7.766956e-05,0.00017432029,0.0004920993,0.000117618445,0.010175298,0.009416825,6.872663e-05,8.446802e-05,0.00020607434,0.00048865116,0.00045665237,7.0980226e-05,0.0004493615,0.000111489135,8.0219674e-05,5.4759053e-05,0.00010337968,0.0006300717,0.00010435692,8.0219674e-05,0.00033556853,0.00033651752,0.00044785894,0.00013402021,7.919547e-05,0.0001498417,0.00013050689,0.08100614,0.03299261,0.115989186,0.18998486,0.23213913,0.15468264,0.11208696,0.07165328,0.84135437,0.16181718,0.9993584,0.97559506,0.00041226295,0.00038099,0.0003885929,0.00028436113,0.00026060964,0.0003494664,0.0011526978,0.0046964893,0.0015232362,0.0008783106,0.0026935101,0.006978513,0.0011410791,0.007794438,0.000245899,0.0001452001,0.00073256483,0.00018666776,0.00015009879,0.00033395432,0.00010797386,0.00020073171,0.08300007,0.0001181662,0.0002973661,0.00010140938,0.0006394059,0.0005983712,0.00016890893,0.00024232204,0.00086546136,8.124373e-05,0.00061264134,8.000029e-05,0.00060211215,0.0002954184,0.00018261325
(Elderly women 60+ y),0.00027010654,0.00019509374,0.00036865877,0.0026239979,0.00011151133,0.002258066,6.303262e-05,0.0014018939,8.071922e-05,0.00064210745,0.0005676452,6.9949194e-05,0.08595448,0.087820284,9.528441e-05,0.000161872,0.00041313292,0.00050172623,0.0002950129,0.00050481036,0.00026099166,7.1602815e-05,6.842305e-05,8.2747065e-05,9.537471e-05,0.00039265287,0.00024216066,9.2380484e-05,0.0002416068,0.00024185538,0.00036255454,0.00011758382,0.00010173703,0.00033970788,0.00026288407,0.18547887,0.0873236,0.030704295,0.051594667,0.121577084,0.15740637,0.054261286,0.07775676,0.14051239,0.8700158,0.98399824,0.9989552,0.00027761055,0.00017823753,6.366434e-05,0.00021654817,0.00048478204,0.00087808265,0.0004433671,0.00053659343,0.0006029977,0.0013727151,0.00083064986,0.0032501675,0.0003832648,0.002242095,0.00039849704,0.00012571464,0.0003394876,0.0007704633,0.001545043,0.00021225534,0.0004376421,0.0006750536,0.019303484,0.00019946623,0.00024305566,0.00078401197,0.00045545388,0.0003171588,0.002171456,0.00014803196,0.0024602134,0.00034812695,0.0013465068,0.0004611758,0.00033176833,0.00017870557,0.00027067246
Have IDPs been displaced previously,0.0020465038,0.008259069,0.013617915,0.0019303235,0.0022282982,0.00093778875,0.0003065069,0.0010151593,0.00012777427,0.0017993163,0.0056803348,6.214581e-05,0.00012440248,0.0001450831,0.023553498,0.00025645044,0.09800034,0.00014033107,0.97582346,0.031214045,0.9597156,0.8927005,0.64528215,0.0008571624,0.9429927,0.9063009,0.6521627,0.49169013,0.95695406,0.95018303,0.97572076,0.97854006,0.0005500839,0.0013480199,0.00038634974,0.00044960866,0.0011484972,7.219652e-05,7.1117334e-05,0.00023799606,0.00017624324,0.00023552889,0.00017501946,0.00025799972,0.00026140452,0.00026225543,0.00017953997,0.9998021,0.028176358,0.12519586,0.0030665477,0.00059180363,0.0015212076,0.1916872,0.0052815485,0.0056673475,0.0053732507,0.1168408,0.00057321397,0.010012248,0.0007185466,0.0007518534,0.002291398,0.00069195265,0.0016606771,0.00092284835,0.57430744,0.9354649,0.00093429454,0.00021468152,0.008637254,0.9708231,0.06302408,0.75808954,0.9373202,0.009462457,0.6310128,0.012719383,0.0007017627,0.92128146,0.020681705,0.7568373,0.693138,0.00042061406
Reason for displacement of Majority,0.0031795884,0.004105382,0.00022594152,9.304587e-05,0.00061637495,0.00013271206,0.0017452938,0.0003791822,0.00043969363,0.00088541216,0.001600631,7.597904e-05,0.0007767377,0.00037765014,0.0011923763,0.002358231,0.05073949,0.001676569,0.03150018,0.00094915397,0.010376946,0.0046587423,0.0006198688,0.04208922,0.004627568,0.006624124,0.0046587423,0.006269998,0.0078677535,0.007697366,0.0065668505,0.0045741466,0.0009903613,0.03799872,0.0029512628,0.0005273016,0.0005761766,5.833155e-05,6.105817e-05,4.9486418e-05,7.7194505e-05,4.9917733e-05,7.9573816e-05,0.0001278975,0.0003242934,0.00016301959,0.00039891482,0.053672735,0.9998122,0.03320701,0.2666088,0.027209481,0.050899208,0.013537384,0.0017973363,0.0022901879,0.002258124,0.0020682958,0.00045990574,0.0022370352,0.00045224882,0.015952585,0.0011033071,0.015860576,0.0656883,0.018558104,0.009482172,0.0103431335,0.029939853,0.00016823849,0.16833542,0.011140319,0.05885386,0.010274942,0.010932468,0.018351395,0.011525504,0.13760312,0.033249393,0.031891696,0.004126693,0.010404209,0.011477251,0.0029369593
Natural Hazard Risks,0.007049864,0.0035363366,0.008252207,0.0014971411,0.0036898009,0.00342781,0.0004979705,0.00033274392,0.00016852038,0.0020439941,0.004031196,0.00010178879,0.00038966004,0.00039676027,0.045533884,0.00046650047,0.21623506,0.0015495518,0.24012287,0.63244075,0.3210663,0.025357943,0.0021807028,0.006784829,0.2628687,0.038517676,0.0024177528,0.0043711066,0.018657252,0.17168841,0.26208857,0.016382396,0.0012513325,0.015921157,0.00020282617,0.00048323916,0.0004978464,6.382147e-05,6.901576e-05,5.3779855e-05,9.65619e-05,8.563184e-05,0.00016737366,8.8084256e-05,0.00010131711,0.00010495245,7.046826e-05,0.024112927,0.011609767,0.99980557,0.073675,0.0009012391,0.0021290218,0.7929637,0.099132486,0.017400604,0.013686242,0.8803393,0.0024384346,0.04236766,0.0063245357,0.004032046,0.0038501343,0.0012715058,0.017807463,0.001309541,0.06518182,0.1638253,0.0006378521,0.00010675074,0.010415505,0.38365865,0.09870747,0.03203331,0.025465092,0.025467435,0.06269943,0.06968179,0.000578164,0.29073125,0.03933079,0.09058306,0.069697425,0.0013369888
Intended Area of Return,0.01564296,0.0035447322,0.0023765857,0.0001773474,0.00081103516,0.0008522762,0.0011654076,0.00023812172,0.000341013,0.0015348496,0.0021505656,0.00028364558,0.00025818823,0.00032216535,0.005837248,0.01963284,0.15380026,0.01649181,0.0035578785,0.0048411638,0.003547383,0.0015765529,0.00028292497,0.017667647,0.0023317363,0.0029810264,0.0013892371,0.0014904808,0.0030074785,0.0023158381,0.0026925085,0.00023544376,0.00666953,0.12119099,0.0029054726,0.0005644943,0.0013258704,0.0002751203,0.00030096452,0.0002245323,0.00022103326,0.00015524945,0.00015335556,0.00026704496,0.00028189394,0.00044967353,0.00040224782,0.003453658,0.100162335,0.024552798,0.9998188,0.06302963,0.21196254,0.0028573987,0.0028030844,0.002785288,0.0029181622,0.002536884,0.000475208,0.00788928,0.00046671784,0.014224777,0.023818197,0.023577716,0.10576031,0.0007594888,0.0050060796,0.0055510215,0.0041774693,0.00092496135,0.0690299,0.0039682724,0.027869781,0.0023344385,0.0035025976,0.038996007,0.0041091586,0.14829797,0.010442685,0.0030744367,0.0013361073,0.0038071494,0.004113791,0.008470717
Reasons to Return Home,0.002667595,0.00036817524,0.00022761039,5.8555055e-05,0.0015250151,6.451712e-05,0.0010519159,6.0756764e-05,0.0004282174,0.00013169536,0.00013308757,0.0007823433,0.0046159993,0.0030030939,0.0010588325,0.0052521382,0.0006265496,0.030182343,0.00044971437,0.00074716064,0.00054214516,0.0006225755,0.00013181359,0.017121727,0.0005985641,0.0004206383,0.00029820454,0.00038168402,0.0006925238,0.0006925238,0.00059464824,0.00033519676,0.039773494,0.016582636,0.48105183,0.0017863975,0.0004602401,0.00023685177,0.00024960394,0.0008243828,0.0008463815,0.0008423377,0.0010366876,0.0008454525,0.0012676377,0.0012336974,0.0016508208,0.0005659283,0.004592158,0.00078308623,0.036918193,0.9991079,0.777766,0.0011578607,0.00064815825,0.00056658575,0.0005667672,0.0011432313,0.00050579465,0.0006713989,0.00024572472,0.028133411,0.014756631,0.0072536725,0.018467017,0.0005739504,0.0005608774,0.0004503682,0.025783576,0.001158515,0.0022279904,0.00046388526,0.004421638,0.0005189071,0.00044971437,0.011526173,0.0015069232,0.0021582386,0.12222825,0.00051854114,0.0036117348,0.0021759658,0.0019056752,0.005421844
Reasons NOT to Return Home,0.00513574,0.0006197821,0.000298364,7.2684474e-05,0.0034832822,7.134952e-05,0.0006065579,0.00016390457,0.00038775764,0.00015007502,0.00028055784,0.0008952496,0.0040510283,0.0045806733,0.0006851916,0.048241418,0.0022893487,0.007969916,0.00072089065,0.0015153931,0.000731802,0.00044735934,0.00018547596,0.020672437,0.00071424845,0.0005855435,0.0004462399,0.00045647408,0.0009925524,0.0009918394,0.00096943666,0.00047175973,0.028272832,0.050092824,0.11219778,0.00077756547,0.00016142167,7.55508e-05,0.0002349429,0.00015106569,0.00015971025,0.00016253539,0.00053045916,0.0002233288,0.0006132555,0.00089554425,0.000685774,0.0010194123,0.024197282,0.0021309017,0.19647333,0.8293512,0.99978876,0.0012188444,0.0006596312,0.00066735735,0.0006643379,0.00038268015,0.00025448136,0.0006993319,0.00018772116,0.007259266,0.013565786,0.0066994857,0.12992825,0.0007819722,0.00077483454,0.0007178641,0.01839332,0.0009959142,0.0085361395,0.000740107,0.02215585,0.0008733531,0.0007435833,0.020885091,0.0010438017,0.01601849,0.02268972,0.0008456403,0.017107353,0.0011753312,0.0014139746,0.009145101
% HH living outside (no shelter),0.004934415,0.009255883,0.005012852,0.0045339894,0.00072454737,0.004316803,0.00012485539,0.0010645533,5.740276e-05,0.0025324763,0.03549461,8.7070395e-05,0.00016789093,0.00016595646,0.0015519373,0.00013488266,0.0013026379,0.0004569718,0.02866443,0.056377754,0.027480045,0.00187457,0.0011150053,0.00013063055,0.04011724,0.0051948284,0.0011641047,0.001773509,0.020238467,0.024861798,0.054566618,0.026472984,0.00013416352,0.00035913373,0.001012139,0.0010532348,0.00066338165,0.0002106503,0.00022832115,0.00010859154,0.00014488571,0.00013970344,0.00013965672,0.00013090785,0.00011306266,0.0005484249,0.0005142176,0.004223326,0.00080740027,0.78077817,0.0017708067,0.0002167723,0.00018685189,0.99968034,0.57222575,0.96156234,0.5943242,0.99530154,0.0029623634,0.28956386,0.0034224684,0.00015019174,0.00029690124,0.0015188819,0.0002843098,0.0017940245,0.0051063793,0.068643235,0.00017661967,0.00080354617,0.00020706719,0.07678781,0.005845058,0.0048753484,0.045338716,0.0001307753,0.004344157,0.00063973747,0.00030622177,0.050855737,0.0017766495,0.0049503366,0.004336193,0.0015311481
% HH living in EmS,0.001703723,0.001809516,0.0009829004,0.00064616045,0.0030057526,0.00065909955,0.0002467307,0.0002776519,0.00012220927,0.0006354613,0.009006711,0.0005279945,0.0012874501,0.0005597598,0.0029860951,0.00017092118,0.008546665,0.00075970776,0.15309313,0.27620298,0.11594131,0.0033503664,0.0025575287,0.0010957305,0.1363271,0.012460963,0.0075387396,0.0017700938,0.06564606,0.1386858,0.18030286,0.04945924,0.0010971223,0.0011115501,0.00056343625,0.0015810174,0.0009539352,0.000111420326,0.00012039574,0.00011882844,0.00019992689,0.00019577434,0.00023831746,0.00027644605,0.0005071183,0.00019915373,0.00013485097,0.012327742,0.002305705,0.88894,0.009444794,0.0013559265,0.0013506103,0.99803746,0.9989027,0.8741931,0.8811741,0.9961809,0.022601746,0.71352464,0.023970054,0.0014229871,0.0009785913,0.008719664,0.0015846498,0.0017720319,0.01483501,0.18381585,0.0014759144,0.0003216489,0.0028724137,0.18009627,0.059456337,0.014388685,0.09845465,0.00021434894,0.0076257912,0.0046578925,0.0007478476,0.10275374,0.0076416624,0.022781944,0.017683953,0.004270239
% HH living in makeshift/self-made shelter,0.0020717175,0.0017474359,0.0008139564,0.00047686227,0.009571756,0.00075192045,0.00023137823,0.00026026345,0.00012821956,0.00031960758,0.006575093,0.00033824277,0.00030972052,0.00048903143,0.0057633286,0.0003635058,0.0010266008,0.00035424373,0.101665966,0.072275504,0.0070105456,0.00520894,0.0032872674,0.0005091485,0.015251689,0.010541626,0.0031992022,0.0048919623,0.0050116065,0.015801296,0.07370052,0.042484336,0.0005090792,0.00028836276,0.0020785788,0.0012848147,0.0003754127,0.00012410038,0.00013214322,0.00016687856,0.00016492122,0.0002757095,0.00027647053,0.0002792491,0.00023869085,0.00023879242,0.00016376363,0.019915726,0.0037085535,0.19717999,0.002179444,0.0005118876,0.0005255433,0.99508816,0.99783784,0.9998502,0.9981028,0.9960812,0.033621754,0.96847874,0.019949794,0.0010597357,0.0009906797,0.00813126,0.0009100296,0.011384131,0.06762494,0.4048841,0.0012941065,0.0003540102,0.0024018034,0.11418828,0.044175908,0.010362883,0.082465574,0.0004359879,0.03880751,0.0010460726,0.002063652,0.11047546,0.010648253,0.016473264,0.0484822,0.008829064
% HH living indoors (solid walls),0.00028933497,0.00036840345,0.00027569625,0.0040291045,0.0010079318,0.0062362025,0.0001020071,0.0015822918,6.451084e-05,0.0009205881,0.00042980755,6.444431e-05,0.008490515,0.0072919307,0.0006790291,0.00015251437,0.00025163728,0.00014080245,0.00021446723,0.0002677391,0.00041108846,0.00021461312,0.00026759473,0.00015090889,0.00027503577,0.00026104687,0.00021478174,0.00021478174,0.0002146912,0.0002143767,0.0006623787,0.00022102047,0.00018319835,0.00014497587,0.0001971098,0.011246462,0.014164782,0.0034377913,0.0081500895,0.0028530627,0.005864712,0.0023285241,0.004383375,0.0015446399,0.0012239304,0.003341903,0.004130576,0.0005400163,0.00048175402,0.0011462203,0.002947241,0.0001972033,0.00022217774,0.050295595,0.5384742,0.5289378,0.99759626,0.019391084,0.9675592,0.26071328,0.9181243,0.00016888721,0.0002433147,0.0006426381,0.00025147115,0.00090319297,0.0057329116,0.0042975214,0.0002125304,0.008964081,0.00042827317,0.0024594404,0.00090362487,0.0007633648,0.0006412085,6.3854866e-05,0.0033973807,0.00041338644,0.0004097358,0.0005689472,0.0021409672,0.0022884468,0.004789773,0.00017902286
% HH have access to electricity,0.002132252,0.0017774842,0.0014390557,0.0006815829,0.0047620805,0.001607993,0.0005670679,0.00043247372,0.00015176271,0.00034840516,0.006499714,0.0012415871,0.0020871824,0.0007974217,0.0025341017,0.0005359622,0.0035975706,0.0004947814,0.006115234,0.0048115477,0.0061150705,0.0036626647,0.0037056936,0.00065355736,0.0039289286,0.0036617673,0.0012341188,0.00122858,0.004138402,0.00382717,0.0055498765,0.0033138443,0.0040664505,0.00063827704,0.0010459854,0.00033400857,0.0005169948,0.00028463875,0.00029387572,0.00020042533,0.00020615812,0.00017603491,0.000161766,0.00024148417,0.00018210789,0.00039879745,0.0004988757,0.013420982,0.002239974,0.021362623,0.01647582,0.0007392572,0.00049303344,0.58737326,0.9924816,0.9908913,0.9911896,0.9986285,0.5463579,0.99807304,0.35827467,0.00088442746,0.0012118231,0.0097369235,0.0006732882,0.013018535,0.03195131,0.029004648,0.0008169848,0.0007177891,0.0023299388,0.0058147935,0.0048974166,0.0058123954,0.004325614,0.0022269962,0.092519835,0.0034417908,0.0012339475,0.0045017274,0.025240809,0.09143616,0.08228534,0.0015700496
% HH have access to safe cooking facilities,0.0002876772,0.00059384666,0.00037171677,0.0019931195,0.0009208286,0.007909012,0.000100377016,0.002486512,0.00013310478,0.00041550552,0.0007089386,0.0001193566,0.010004895,0.0071275616,0.0006315564,0.00014041952,0.00070803834,0.000111010064,0.00041638865,0.00024533283,0.00051738584,0.00028590846,0.00030001142,0.00012889075,0.00031792573,0.00028590846,0.00029026618,0.0002826698,0.00028943422,0.00023641341,0.0002683561,0.00020740075,0.00019372623,7.590626e-05,0.00043418177,0.0035532315,0.0061321305,0.0018773099,0.001810515,0.0020682297,0.0015487341,0.0012260767,0.0012825431,0.0018761129,0.0015693521,0.003340306,0.0017256688,0.0006852738,0.00079884485,0.000867866,0.0016102369,0.0004225243,0.0002184289,0.007454137,0.058805633,0.10885488,0.09984652,0.047035143,0.9998441,0.4145792,0.99112505,0.00049682905,0.00020086915,0.00080690236,0.00021204971,0.00089355576,0.0036094252,0.0053867674,0.00023634263,0.0070076776,0.0004400307,0.000736356,0.003663267,0.0006437515,0.000681892,0.00040987204,0.011658133,0.000969058,0.00058461697,0.00074948906,0.0028625184,0.010254624,0.012689621,0.0008609917
% HH have private living area,0.0050722943,0.0016083148,0.0011264847,0.000432804,0.004849044,0.001845318,0.0005679631,0.0004104168,0.000144575,0.00038993516,0.006562784,0.002571497,0.0022263352,0.0008309474,0.0030052739,0.00032940134,0.0036007082,0.0021605284,0.006167485,0.0011882053,0.0058284556,0.001184996,0.00088392507,0.00069541746,0.004209304,0.0034558126,0.0008856028,0.00088392507,0.005582401,0.0033255338,0.006057078,0.0009311237,0.0031981275,0.00020888331,0.0010294192,0.00057754084,0.0009134165,0.00020420796,0.00021534435,0.00020748688,0.00024211558,0.00025580483,0.0002179558,0.00026330826,0.00017980195,0.00031335224,0.00026664225,0.009981481,0.002420747,0.0136505505,0.03515642,0.00067206024,0.0006479858,0.34538668,0.9959838,0.99323964,0.99570584,0.45439976,0.47987765,0.9998577,0.33746687,0.00054376037,0.0013025994,0.010183455,0.00081183045,0.014730615,0.0986763,0.018891543,0.0007604124,0.0007961495,0.0018733502,0.012911983,0.0039410526,0.0045191394,0.0042125187,0.00021796183,0.032411985,0.0034979987,0.0009566037,0.004487338,0.026054459,0.033068467,0.031616904,0.0016074147
% HH have mosquito nets,0.00039264216,0.00036934437,0.00045822933,0.0033488974,0.0009145169,0.021964481,9.893281e-05,0.0015102266,7.416601e-05,0.00043032048,0.00040072214,7.454364e-05,0.017594842,0.006682186,0.002885532,0.00064057135,0.0008733622,0.00013953954,0.00073623954,0.00018238627,0.00065451517,0.00047029598,0.00037154905,0.00013179731,0.00051465863,0.00047421246,0.00035816873,0.00037154905,0.00049713964,0.00037478417,0.00068201916,0.00034205028,0.00019405445,0.00017959552,0.0002767687,0.005394126,0.0057395427,0.0028521311,0.0025843808,0.0016076174,0.001604063,0.0019039206,0.001971979,0.0012313699,0.0010422973,0.0031168233,0.0011863331,0.0007915955,0.00046162985,0.0023637665,0.002876734,0.0002437402,0.00018879777,0.008685614,0.11942747,0.10235347,0.082399175,0.022826344,0.99125016,0.33861658,0.9998454,0.0003524949,0.0005413656,0.00080849277,0.00012987829,0.0009648575,0.0026356187,0.00416352,0.00031124876,0.0070477896,0.00064719474,0.00067629677,0.0015936638,0.00064766104,0.00068201916,0.00023755027,0.0036238788,0.0006322781,0.00031920683,0.00050125323,0.0041145277,0.0024415206,0.0035610383,0.00014354756
Most needed NFI,0.00029189023,0.00015918977,0.0003815668,0.000108269465,0.0049030054,0.0001541054,0.005130537,9.208139e-05,0.0017673144,0.0004379465,0.0001521552,0.0020915759,0.006322086,0.0049179425,0.0028802182,0.051826194,0.008529401,0.011288131,0.00095170655,0.0043344987,0.00090592745,0.00025132336,0.00056783407,0.029216766,0.00025639025,0.0006883222,0.033090785,0.00096237543,0.00057732,0.00026242147,0.00037551488,0.00023773397,0.010970957,0.0077210055,0.06095485,0.0010538952,0.000595345,0.00043168655,0.00017085703,0.0004593959,0.00044925007,0.0004714999,0.00017701297,0.00047967987,0.0002785791,0.00066438655,0.0011998208,0.0010241392,0.009831549,0.004177669,0.009928051,0.026899066,0.017821886,0.0014184889,0.00079462613,0.00069549045,0.00049985945,0.0008354267,0.00047155656,0.0014345739,0.00032758195,0.9998333,0.04962878,0.0010171172,0.012743785,0.0050206045,0.0003898531,0.00040329038,0.0046740826,0.0005735207,0.007183323,0.0002472377,0.028570008,0.0005792436,0.0006235175,0.0152283935,0.0012672171,0.0068898923,0.11772588,0.00093826925,0.03522236,0.0009875749,0.0007370966,0.0023669149
Location of site main water source,0.013517153,0.0007565558,0.00024835375,7.366366e-05,0.0002674067,0.00013874372,0.00018368915,0.00010531517,0.00011678775,0.00011600453,0.0022409216,0.0007016456,0.00076991756,0.00051711546,0.0026419372,0.009159922,0.027462438,0.0045296075,0.0018383964,0.0008716905,0.0021859286,0.0002168137,0.00018300177,0.002046632,0.00045263855,0.0008866726,0.00046102103,0.00018300177,0.0007174818,0.0007818644,0.00045131968,0.0001855022,0.0015439914,0.0021919967,0.0049062897,0.00033200366,0.00025776168,0.000104256345,0.00011102661,0.00010499116,0.00010499116,0.00010459597,0.00010459597,0.00010459597,9.977079e-05,0.00017276077,0.00021393507,0.00068972056,0.0032277158,0.00067353423,0.022684328,0.0050171707,0.0065992335,0.010386238,0.0066117924,0.010746956,0.007497777,0.009776077,0.0030692494,0.045244724,0.003327361,0.0013199969,0.0016146546,0.9998642,0.1729443,0.019274909,0.0033378815,0.0038792293,0.02799239,0.00086564675,0.008583001,0.00084495795,0.017526504,0.0021929736,0.0025623129,0.0014859871,0.0027543753,0.008733793,0.0149083845,0.00079443684,0.00030297064,0.00076968956,0.0008377937,0.025602648
Main drinking water source,0.0006719726,0.00015926025,0.00026394732,7.676849e-05,0.0006354125,0.00014941712,0.011090866,0.000107770036,0.0017144994,0.0002795137,7.276239e-05,0.009592124,0.0017046898,0.0016159243,0.0025449947,0.0013144043,0.0015355768,0.052884083,0.0005986044,0.001573544,0.0005733168,0.0005358121,0.0004855839,0.028675348,0.0005284245,0.000892813,0.0003648645,0.0004833539,0.0005605649,0.0007650192,0.0007376668,0.00015321108,0.04245823,0.01307508,0.018797822,0.0047134873,0.001648746,0.00023832676,0.00020276847,0.00015144733,0.00020022893,0.00012122539,0.0001587809,0.00030045543,0.0034553236,0.0005769679,0.0029704117,0.0006267582,0.007824482,0.0018512207,0.006355133,0.020866346,0.025534483,0.0005389682,0.0009247355,0.0011393393,0.00066772045,0.00040300237,0.00010075369,0.0006766627,5.6726523e-05,0.030709434,0.0060581425,0.07281096,0.99797475,0.009414487,0.113942586,0.01159602,0.01003747,0.00075468345,0.025566299,0.00088945235,0.0035963217,0.000860341,0.0008470121,0.0027452114,0.0010378584,0.01031288,0.047751326,0.0020049468,0.0007918876,0.00094799546,0.00096523145,0.0060101016
Avg amount of water available /day/person,0.0003484892,0.00082822045,0.00020545202,0.00010288266,0.0011321815,7.0098584e-05,0.0041699605,0.00024322952,0.00073438167,6.96197e-05,0.002361137,0.0011397784,0.0015682798,0.0013404916,0.002924697,0.003246065,0.001558759,0.0018938606,0.0005742275,0.0014233068,0.00046559857,0.00029812736,0.00030745147,0.009522244,0.00032449057,0.00038792175,0.00021790544,0.00031863706,0.00020887927,0.00022322612,0.00022365397,0.0002430503,0.0033791212,0.0013341408,0.0036541633,0.0011955162,0.0017032917,0.00060051976,0.0005409862,0.00049106876,0.00048906734,0.00045740395,0.00043967227,0.00047328504,0.00026237982,0.00064825435,0.0002275,0.000394931,0.0055800676,0.0010351709,0.0004341552,0.0010596273,0.0017296592,0.011326365,0.006105864,0.025351219,0.017296901,0.009645156,0.0008363493,0.012341061,0.0012983984,0.011263454,0.011495021,0.009279999,0.004095381,0.9998945,0.0022340964,0.008356532,0.026299983,0.002752719,0.03367548,0.0006192887,0.26410288,0.000569447,0.00061008835,0.003146922,0.00079628604,0.009911449,0.03494383,0.0005867663,0.008364553,0.0005848489,0.00057996926,0.017642112
Is drinking water potable,0.0025270332,0.006223583,0.026974924,0.0028693373,0.0016568475,0.0007703228,0.00024398784,0.0007449977,0.00014193573,0.0013252746,0.0041820384,8.66715e-05,0.00012355651,0.00012091764,0.019428633,0.00090360397,0.14672227,0.0004882664,0.73120606,0.01713248,0.9658706,0.9764473,0.6906692,0.00268678,0.85143936,0.98131835,0.9230872,0.92987704,0.92971814,0.8357931,0.5794146,0.42306045,0.0009026116,0.0024145127,0.0007204382,0.00042319117,0.0008929254,6.502843e-05,6.983061e-05,9.335056e-05,0.00024536846,0.00014728341,0.00057650945,0.00013638026,0.00010522918,9.8456316e-05,0.00013156899,0.8857417,0.0097526405,0.06420353,0.0032583533,0.00058772013,0.00093090656,0.021527778,0.042658832,0.051624227,0.06621995,0.011859163,0.0035404952,0.095808804,0.0024840801,0.000358453,0.0029486376,0.0062786513,0.14034596,0.014193944,0.99980086,0.77854294,0.0012299235,0.00038669826,0.008044067,0.98464096,0.03099134,0.98826534,0.9689945,0.15378779,0.98240834,0.018299924,0.0016089425,0.98276496,0.034830526,0.9901069,0.9893361,0.0016223384
Complaints about drinking water quality,0.0016465175,0.004748738,0.043113224,0.0013950089,0.0021024563,0.00036053092,0.00031021578,0.000648507,0.00013426882,0.00087629724,0.0031576895,6.3564614e-05,0.00015487522,0.00015121263,0.005025479,0.00018181342,0.084257476,0.0001236058,0.87844765,0.08627001,0.7804559,0.13541035,0.11111768,0.0023465666,0.69172925,0.17578948,0.097813256,0.111609384,0.75374436,0.8769977,0.55786306,0.73877364,0.0005923034,0.0013770866,0.00070599327,0.00012721858,0.0005587182,9.509142e-05,0.00011766244,0.00014436865,0.000119421435,9.763737e-05,9.702666e-05,9.763737e-05,0.00010539484,6.845878e-05,0.00018122587,0.75696933,0.015330238,0.14405942,0.0028731578,0.00032835116,0.00080995605,0.116516255,0.033207674,0.03811676,0.03759501,0.096795246,0.0051575317,0.017978817,0.0038250312,0.00034116642,0.0020932672,0.008834552,0.032566633,0.02250968,0.8494983,0.99980783,0.0010572082,0.00065223704,0.0070794667,0.9085858,0.0533704,0.7042385,0.88739353,0.018528821,0.51048225,0.0111100795,0.0016285484,0.9076893,0.019501217,0.7320552,0.6106459,0.0011942299
Condition of most of the toilets,0.0006902717,0.0010578883,0.00036082664,6.0231272e-05,0.0024435655,5.619674e-05,0.00064299814,0.00019610893,0.00024107455,0.00016179448,0.00072146056,0.00015083092,0.0027877514,0.00203167,0.012377626,0.008333063,0.0066398317,0.0046154927,0.003580067,0.0008907923,0.0033517042,0.00041151608,0.00041390499,0.001496179,0.00041390499,0.00043284066,0.00033546056,0.00041811558,0.0039561973,0.0039561973,0.0020217795,0.00033408016,0.004305551,0.010814535,0.0739801,0.000652962,0.0029501065,0.0006012905,0.00063710334,0.0005948568,0.00060319237,0.0004740933,0.00059122493,0.00022141958,0.00012299571,0.00053237105,0.000117975236,0.0038309905,0.022758432,0.0020358004,0.032336358,0.021750206,0.041268148,0.0050438736,0.0012638818,0.0016526621,0.0016283083,0.006557658,0.00038495622,0.0016983801,0.00043989156,0.0011201624,0.0024102123,0.080666035,0.03051309,0.0151443705,0.0029257403,0.0031007025,0.9997712,0.27833778,0.012187571,0.004621207,0.10267639,0.0102928,0.026198687,0.010824119,0.010679739,0.03630234,0.026190346,0.0033320882,0.008517578,0.004046734,0.0035756833,0.06625248
# of functioning toilets,0.00028116876,0.00030745898,0.00037351047,0.0017355012,0.00019237873,0.0028906069,7.132304e-05,0.002357735,9.614523e-05,0.00066873344,0.00056713686,9.428553e-05,0.12504776,0.031925313,0.00024130306,0.00018703725,0.0010137708,0.0009907277,0.0010951739,9.4553696e-05,0.0025528176,0.00016689341,0.00012138972,0.0002795838,0.00013886893,0.00020032533,0.0003488538,0.00035086376,0.0031702863,0.0013110301,0.0004882776,0.00015841625,0.0005771736,0.00021917124,0.0004109226,0.36454388,0.07998061,0.43379468,0.25323674,0.040192332,0.05593059,0.02758593,0.029476622,0.04382526,0.08765591,0.4622851,0.3869832,0.0005416954,0.00015983442,8.9121284e-05,0.00038686773,0.00060964836,0.0006730551,0.000356315,0.0022482616,0.0018595596,0.0019033679,0.0007129766,0.047797814,0.0021336665,0.047661122,0.00010967148,0.00023518827,0.0012197945,0.0020862776,0.0056290077,0.0003751252,0.0008561527,0.21592478,0.999717,0.00095670123,0.00068072183,0.006334673,0.00068955735,0.0073986053,0.010533672,0.00022741032,0.011822185,0.0019401901,0.003411395,0.00063777826,0.0005191045,0.00027625158,0.0017262903
Main garbage disposal,0.0048539992,0.000808519,0.00019953998,7.493171e-05,0.0011606289,0.00016698528,0.00282935,0.00020684412,0.00411812,0.0011369337,0.00089159457,0.0010202634,0.00034670407,0.00035754225,0.033835083,0.0025450697,0.10990654,0.054053105,0.007492666,0.0023104101,0.0057728137,0.0058345343,0.006092964,0.12316102,0.004279949,0.0059137214,0.003962369,0.001133883,0.0072599845,0.005463,0.0057886383,0.00044414573,0.014604151,0.10768987,0.008926001,0.00026839908,0.00068626547,9.193659e-05,9.601704e-05,9.18566e-05,8.930796e-05,9.226144e-05,9.364287e-05,0.00015189413,0.00012841827,0.00016057052,0.000132671,0.008740535,0.3910797,0.007946121,0.07471507,0.0036094987,0.014743076,0.0025058857,0.0023870072,0.002474231,0.002340737,0.0027236298,0.00045521397,0.002215274,0.00047387494,0.0093372995,0.02251001,0.0060756495,0.12913413,0.06903036,0.008211239,0.007008384,0.0072115506,0.00059598876,0.9998134,0.1364692,0.11449597,0.0073204516,0.0061061075,0.0050499407,0.006553771,0.1733106,0.06361017,0.0057826363,0.046832494,0.007801606,0.0065399986,0.016945932
Garbage and solid waste problem,0.0015682786,0.0039294367,0.0045444733,0.0030097878,0.0019519783,0.00056309067,0.0003678389,0.0008543064,0.0001494021,0.001205677,0.0054583414,8.712981e-05,8.0260645e-05,9.3266885e-05,0.0026650794,0.001589778,0.061734367,0.00035956598,0.9803761,0.054596677,0.95650196,0.97439814,0.8047116,0.0026200414,0.9427483,0.97267884,0.94403356,0.9725606,0.95882446,0.9491619,0.97878915,0.57557374,0.00063760084,0.0028159942,0.0005097783,0.00050096074,0.000715467,7.0024005e-05,7.459933e-05,0.00020716271,0.00050325104,0.0002272072,0.00045065256,0.000230784,0.00024130548,0.00027159302,0.00015455374,0.9853999,0.0039414265,0.3781244,0.0034558557,0.0004652668,0.0015986967,0.22214267,0.0065684277,0.0066101663,0.023319107,0.207262,0.0007419605,0.013221109,0.00077026774,0.0002414115,0.0023283605,0.00087263575,0.0024348185,0.0012882914,0.87939316,0.9427868,0.0012494992,0.0004216136,0.13095535,0.99980783,0.11720881,0.98742783,0.9863984,0.14945069,0.8738932,0.01197202,0.0011082625,0.96060693,0.0979785,0.94155955,0.9316693,0.0004193439
Availability of hand-washing station,0.0003390083,0.00046592468,0.00023113975,6.941656e-05,0.0012942924,9.9112774e-05,0.01492439,0.0001372561,0.0019662064,9.260386e-05,0.00035629238,0.00044990456,0.00081182725,0.0010890518,0.016897528,0.0021168697,0.016951906,0.0026825445,0.08295893,0.585117,0.03680751,0.009527345,0.003249291,0.013477876,0.07217331,0.0032551128,0.00235003,0.0034868314,0.00406889,0.071436055,0.07419053,0.009999735,0.01172647,0.039962944,0.002597482,0.0016667162,0.0025192674,0.00017238877,0.00018780457,0.00017516546,0.00017516546,0.00016913447,0.00016946554,0.00016913447,0.00018513815,0.00018286204,0.00050430105,0.005508212,0.032668952,0.37185913,0.014630727,0.0014216659,0.009669374,0.308509,0.025028305,0.039462443,0.036007997,0.55266356,0.002920941,0.03664092,0.0012045893,0.007352249,0.0026611374,0.021480912,0.0021623345,0.1591136,0.005594353,0.07667629,0.016733106,0.0039236764,0.02719955,0.09454257,0.9990095,0.010906721,0.09485956,0.004214013,0.005322703,0.13773873,0.013888301,0.09718913,0.013846004,0.03272423,0.006140987,0.034956936
Hygiene promotion campaign,0.0016314375,0.004065798,0.008063302,0.0013107215,0.00151524,0.0005968213,0.0003069685,0.0006364422,0.00014902496,0.0007187087,0.0055191326,9.8291435e-05,8.337858e-05,9.476589e-05,0.03122276,0.0012869628,0.1270555,0.00035573685,0.9905938,0.05422039,0.96516144,0.96826166,0.5005024,0.002825585,0.9790922,0.963317,0.86730826,0.70585924,0.97819376,0.98275536,0.9796683,0.79930604,0.0010366553,0.0014007869,0.0005585789,0.00036757626,0.0006903744,6.648541e-05,7.296266e-05,0.000267969,0.0003307325,0.00023365626,0.00019885937,0.00046682687,0.00041801293,0.00038490965,0.00022381547,0.9653402,0.004155351,0.1523632,0.0021731094,0.00051813043,0.0013626432,0.21306375,0.0066293604,0.0066953334,0.0048316806,0.10976525,0.0005936546,0.004677171,0.0006442388,0.00048076632,0.0038693256,0.0022318945,0.0022878917,0.0012993594,0.5459032,0.97386867,0.0026449277,0.0005158048,0.0070302077,0.9771909,0.10408836,0.99858224,0.98885065,0.112470634,0.6649323,0.012241033,0.0010923523,0.978229,0.03775832,0.947516,0.6376284,0.0013035111
Evidence of open defecation,0.0016792214,0.004201439,0.023670595,0.0021061078,0.0012346512,0.00027266832,0.00036581085,0.00062671443,0.00013023653,0.00087816175,0.0049265847,6.312483e-05,8.0690545e-05,8.626699e-05,0.0025426692,0.00025878486,0.09257207,0.0001303721,0.9697459,0.093653195,0.96848536,0.9152826,0.80828047,0.003210186,0.79253197,0.80458087,0.80502564,0.82490736,0.96441466,0.96789193,0.943505,0.5721322,0.00086829154,0.0014241661,0.0014848016,0.0007006781,0.0010660222,6.906945e-05,7.00124e-05,0.00027520416,0.00027778296,0.00030349247,0.00025202686,0.000481429,0.0005446641,0.00046607765,0.00021270785,0.97093505,0.0046671717,0.026328063,0.0035061024,0.00046388526,0.0011570173,0.25202712,0.004991057,0.004974769,0.010804996,0.15358467,0.00068243855,0.004270001,0.0006814726,0.0005763621,0.002206547,0.0026916072,0.0026212544,0.0012636231,0.9689945,0.8785864,0.006088638,0.003518606,0.0056971805,0.9861802,0.118963435,0.9933264,0.99980086,0.27686378,0.91706425,0.033369172,0.001112704,0.99349654,0.013051825,0.97357386,0.97434926,0.0023540612
Access to food,0.002088054,0.0017801266,0.0014069723,0.0003972496,0.00335377,0.00030477447,0.0051635006,0.0006946616,0.00052279024,0.00068508426,0.0025689765,0.0005289248,0.003018483,0.011684666,0.043471597,0.015718779,0.025990574,0.061313853,0.02698262,0.051128983,0.19763646,0.1872133,0.2289156,0.038106803,0.30526042,0.2902944,0.02918453,0.49320456,0.19495384,0.29334852,0.32162964,0.2756449,0.0066403486,0.05425379,0.0009296057,0.002360814,0.0057063256,0.0011248629,0.0011651587,0.0035949526,0.003352658,0.0034536596,0.0010816751,0.0034640864,0.00087111327,0.00086672866,0.0009733395,0.036178134,0.022772552,0.029048309,0.03291535,0.016938068,0.012953321,0.0004884501,0.00012692584,0.00018727971,0.00029553846,0.006334413,0.0021322907,0.00018389011,0.00023812846,0.0031942115,0.122250326,0.0021799372,0.008710861,0.004858235,0.2505076,0.021262651,0.0151671935,0.005763432,0.0053185318,0.2561167,0.025681455,0.2464298,0.3296799,0.9998249,0.4061334,0.2608533,0.02118849,0.3046783,0.025537381,0.3940911,0.51003593,0.0019378448
Access to market near from the site,0.0021226443,0.008414151,0.042912442,0.002866283,0.0011707679,0.0007555976,0.0002492931,0.00087580166,0.00015843866,0.0012980399,0.008874167,8.7588036e-05,0.00018081351,0.0001795243,0.028558973,0.00022373804,0.223876,0.0014489016,0.7904017,0.003690019,0.9859618,0.710659,0.56246805,0.0019168849,0.74747384,0.922368,0.66412336,0.6960766,0.89130145,0.7506666,0.34254098,0.08359099,0.001220185,0.00639912,0.00071727304,0.00023368007,0.0006700252,6.700133e-05,6.7237735e-05,6.4164364e-05,6.386714e-05,9.9697085e-05,0.00010904106,0.0001013917,0.00017255245,6.918302e-05,9.085271e-05,0.8925068,0.013241705,0.044945132,0.0032614148,0.0008460363,0.0010431238,0.020268181,0.02481976,0.033739477,0.039651833,0.045214366,0.012163183,0.052700546,0.003775746,0.000983389,0.0051767253,0.004803293,0.0028785202,0.0026275099,0.98240834,0.49912247,0.003130314,0.00022703764,0.0064937477,0.92348605,0.030794319,0.97991884,0.91706425,0.20224705,0.99980086,0.015061093,0.0014725825,0.95273364,0.018872606,0.9910025,0.9932777,0.001076675
Frequency of food distribution,0.00045594282,0.0015387223,0.00042350072,0.00010490922,0.0022491058,9.265986e-05,0.013332532,0.00036081206,0.0009341211,0.00026049567,0.0007173291,0.00019635183,0.003838653,0.0023679468,0.0018674014,0.0023574755,0.32274276,0.0008859236,0.00042853618,0.0049830736,0.0093687875,0.00040987576,0.00017291254,0.26537153,0.0002641195,0.0024395073,0.0016061089,0.0038702623,0.0011913793,0.0016692067,0.005901699,0.00044797076,0.0053378353,0.00042300063,0.00335498,0.0013755609,0.0017051214,0.00028635052,0.00030301054,0.00028926626,0.00028926626,0.0002825096,0.00028564216,0.00038370234,0.00019584119,0.0018612092,0.00083766243,0.0020382402,0.06331766,0.011371892,0.05461519,0.0040183836,0.009096665,0.0017061888,0.0008717283,0.0009099943,0.0010250664,0.0013930652,0.0007565293,0.0021710915,0.0006992112,0.002825607,0.025164654,0.0015858258,0.007489296,0.028042842,0.0049764332,0.004917325,0.07765718,0.005866662,0.14457418,0.0013330899,0.3291844,0.0049180943,0.0038915107,0.1271709,0.0049103256,0.99985594,0.053165264,0.009651225,0.001590682,0.0045442693,0.005025868,0.0035789942
Most common source for obtaining food,0.00014327624,0.00015523679,9.964706e-05,7.379056e-05,0.0011660178,4.625066e-05,0.015956627,4.3799286e-05,0.004924641,9.30096e-05,8.193656e-05,0.0076548597,0.00055552134,0.00048720214,0.00062311353,0.0014770554,0.0008039922,0.0018588322,0.00036242395,0.0015741616,0.0005096839,0.0001359587,0.00031763117,0.054269996,0.00013676587,0.00046733973,0.00013730869,0.0013538785,0.00053947733,0.00054180255,0.00066464517,0.00013474614,0.060760017,0.0021133542,0.21490242,0.0013981643,0.00048362065,9.924666e-05,0.0001049156,0.000103512924,0.000103704384,0.000103512924,0.000103731014,0.000103512924,0.00018495477,0.0001070134,0.00018560581,0.00047627807,0.05028473,0.0003130465,0.005030561,0.037580267,0.014133153,0.0016304976,0.0005575019,0.0014972502,0.0014112655,0.0015269452,0.00036710923,0.0011087714,0.00016078043,0.09827237,0.02797047,0.011048704,0.094696864,0.016460346,0.0010511666,0.0010753518,0.022663143,0.0008389646,0.041362055,0.0007855342,0.060244214,0.00093953946,0.0007771453,0.01742685,0.00096692867,0.13660453,0.9953129,0.0034149713,0.045199517,0.0009338328,0.00095630175,0.021563213
Screening for malnutrition,0.0015358644,0.017574966,0.041946627,0.0013107215,0.0015829863,0.0004167548,0.00029357045,0.0006364422,0.00012724038,0.00081295415,0.002972634,6.289838e-05,8.337858e-05,9.567666e-05,0.02178984,0.0002536978,0.12474158,0.00029215222,0.96848536,0.053413622,0.9280947,0.91698533,0.87882316,0.0030847779,0.9841247,0.95485336,0.8689964,0.9736732,0.9571761,0.9669844,0.9818351,0.9427047,0.00088434824,0.0013241095,0.00037604698,0.0004314014,0.000815912,6.648541e-05,7.296266e-05,0.000267969,0.00023799606,0.00023365626,0.00018546615,0.00031284217,0.00028522013,0.00039416907,0.00022299832,0.96007603,0.016427925,0.18588395,0.0028294853,0.00048747333,0.0013894384,0.21853358,0.0049293903,0.006714401,0.005203282,0.085650414,0.00071771577,0.004635988,0.0004766161,0.0007172094,0.0036392193,0.0007973325,0.0059195403,0.0013365265,0.6076964,0.97678053,0.0022599215,0.0017007005,0.0055648205,0.9202475,0.09596301,0.8322472,0.9889779,0.17343779,0.58364034,0.027644968,0.0046493714,0.99979633,0.032184437,0.95350534,0.740804,0.000556569
Most health problem,0.0036946824,0.026925843,0.0020422714,0.0007204774,0.10109265,0.00090788474,0.0022910405,0.0022774367,0.00059860083,0.0008951317,0.016235232,0.00017790614,0.00040858454,0.00039798598,0.2754064,0.043307368,0.1236606,0.0025893429,0.02375984,0.015189765,0.02175692,0.023929566,0.008917924,0.006714677,0.1571028,0.017319007,0.0012379565,0.014582193,0.017860848,0.015197916,0.023639983,0.012873907,0.0017513635,0.0046311347,0.009464515,0.00030853128,0.00021243418,0.00012643565,0.00020404092,0.00044312334,0.00017007277,0.00033084158,0.00013007651,0.00016804824,8.830811e-05,0.0003402162,0.0002146974,0.02384876,0.018717412,0.14688784,0.005006666,0.0029535398,0.009568348,0.014185957,0.019867033,0.014307277,0.028221685,0.017761294,0.0018730417,0.014594199,0.0028957399,0.0061070765,0.13256736,0.0006935483,0.011370874,0.017216804,0.025016395,0.08256253,0.028819801,0.00071937253,0.14072269,0.10750897,0.047905292,0.02838412,0.014447714,0.12971354,0.015234216,0.0025959758,0.022246156,0.024419297,0.999884,0.017991595,0.100995824,0.004249949
Regular access to medicine,0.0015682786,0.0031487937,0.026326848,0.0024875128,0.001876501,0.00037887957,0.00024062466,0.0007467784,0.00016217395,0.0011637511,0.0038145077,8.731031e-05,8.95163e-05,0.00017619271,0.0037262763,0.0002536978,0.13872522,0.00011100918,0.93478805,0.02507564,0.9847381,0.88291407,0.8438721,0.0034487844,0.9707201,0.97168815,0.87319964,0.8898274,0.9784297,0.9489011,0.93287283,0.49839577,0.000996499,0.0020605002,0.0005191493,0.00026371097,0.002054865,5.6642002e-05,6.395741e-05,5.768406e-05,0.00024936753,0.00013092393,0.00035665982,0.00019244516,0.0001687181,0.00026665244,0.00015300332,0.9259825,0.0044596693,0.08495559,0.0038015533,0.0020880676,0.0011466872,0.11858173,0.008804422,0.009316376,0.0027492484,0.2431886,0.0021299906,0.006132937,0.0005514847,0.000707857,0.0045989444,0.0008362095,0.0025567682,0.00088385463,0.9877023,0.74335337,0.001130744,0.00029601398,0.008408472,0.96892995,0.09943302,0.9897293,0.98558617,0.4315664,0.9894435,0.013310828,0.0011232891,0.99059165,0.018710306,0.99980086,0.9958367,0.00047434156
Access to health facility,0.001711636,0.008036563,0.024632756,0.0028200275,0.0016900738,0.0007208434,0.00023578595,0.0005536379,0.00015006482,0.001437906,0.005344187,9.551445e-05,0.00019013199,8.82786e-05,0.09330007,0.0011127891,0.28037238,0.0008126232,0.79227394,0.013203888,0.99166816,0.9677574,0.92987704,0.0019793499,0.808647,0.9756961,0.6477897,0.7185516,0.94146544,0.6822468,0.63416624,0.42838648,0.0013860187,0.00575829,0.0006679158,0.0011676233,0.0028750626,0.00019593569,0.00019519655,0.0006143413,0.0010670732,0.001114251,0.0015702298,0.0017391884,0.0006922061,0.00033811486,0.0004670545,0.9116651,0.013183316,0.061075218,0.004088825,0.002651933,0.0014592194,0.01485326,0.058494117,0.053029492,0.057741478,0.15335338,0.012850267,0.0457794,0.003726809,0.00062339153,0.00269838,0.0011249608,0.0027652285,0.0022702867,0.9889274,0.5208683,0.001396566,0.0011058275,0.0065312046,0.9561851,0.03199468,0.9825829,0.97434926,0.36320594,0.9934118,0.016495911,0.0014545172,0.9636718,0.13473189,0.9960488,0.9998088,0.073996834
Location of health facilities,0.0021188702,0.00017035202,0.00011101429,8.522875e-05,0.0014062531,0.00029706457,0.0003187592,4.7968442e-05,0.0007697168,8.8274755e-05,0.0005101879,0.0027388937,0.0054893447,0.004935013,0.0013693655,0.0031854303,0.0023169676,0.0041261534,0.00038789198,0.00058205676,0.0014352023,0.00022654208,0.00018895745,0.017906904,0.001214783,0.0003154378,0.00018895745,0.00022688902,0.00049498555,0.001327742,0.00031520214,0.00018541543,0.0353401,0.0075667207,0.010012218,0.0045606177,0.006529315,0.0003557874,0.0004381412,0.0003565731,0.00041834067,0.00035643336,0.0004190393,0.0004228516,0.0009247966,0.00048809167,0.00089306233,0.00038922665,0.0020410456,0.0024053608,0.011328589,0.0029273932,0.0087520685,0.008221065,0.00809265,0.0045254924,0.0076539144,0.007614731,0.0021141663,0.0046063396,0.0003397491,0.0036679509,0.001687562,0.023186956,0.009115836,0.071758114,0.0005685112,0.0006014449,0.06006906,0.010381505,0.008536885,0.00040515207,0.061684787,0.0013298612,0.002374975,0.00039659912,0.00060867623,0.011053146,0.02367115,0.0005534503,0.01010463,0.0011078701,0.05893681,0.999791
Main provider of health facilities,0.00032780707,0.00044852524,0.0002997733,0.00011227868,0.0020944597,0.00011443655,0.008274479,0.00018486191,0.001463488,0.0007687425,0.0004686099,0.00020790596,0.0008383442,0.0011436009,0.0036540395,0.004929,0.034511536,0.00091313664,0.01023109,0.012532759,0.008393243,0.0012123128,0.002065759,0.1820272,0.026379269,0.0018587201,0.0012588762,0.0019686162,0.011119333,0.0066358275,0.006227087,0.0013184567,0.008702285,0.01197217,0.0023644636,0.0029624333,0.012351121,0.00019657928,0.00021106242,0.00019863542,0.00019863542,0.00019885022,0.0001992837,0.0002686313,0.00014510933,0.00054660474,0.00080372015,0.0075346427,0.04215687,0.014193857,0.055820968,0.0030237527,0.008774757,0.002419422,0.0012970797,0.001545269,0.0014041695,0.0015822808,0.0034980287,0.0015551668,0.000603902,0.029352942,0.0148737505,0.0060196603,0.04632994,0.014980352,0.009333606,0.008710475,0.020312635,0.0021152108,0.07282256,0.012131024,0.37158048,0.008558,0.029807247,0.0053094686,0.009219708,0.26206666,0.047351997,0.008177879,0.23378736,0.018865667,0.10671275,0.042641923
Access to education services,0.00907921,0.009123947,0.2393284,0.0110164,0.0024276047,0.010677406,0.0002726661,0.0015192148,0.00013661562,0.004173792,0.007893125,7.3962394e-05,9.0711146e-05,0.00013856783,0.016471524,0.00027774228,0.105645895,0.0003166132,0.79319227,0.00074028445,0.96722674,0.88471705,0.8422084,0.0015298477,0.6502346,0.9489882,0.6903091,0.69103026,0.93963474,0.8813245,0.69436276,0.48915556,0.0015152821,0.0010634696,0.0005739491,0.00041596987,0.00064152566,7.8995065e-05,8.203032e-05,7.214177e-05,7.192482e-05,0.0001148155,0.00015098312,0.0001148155,0.00014254155,9.552119e-05,0.0001607492,0.8623011,0.0022982904,0.047344934,0.0020034623,0.0010177533,0.00064530096,0.0033981348,0.005787601,0.005364633,0.0035763362,0.022884507,0.0026745074,0.0031314618,0.00041973038,0.00057679054,0.00095518376,0.0018132823,0.0012762952,0.00021507211,0.9826444,0.42130765,0.00093422626,0.00038116984,0.0008589191,0.92324215,0.011046612,0.958959,0.93964297,0.08124123,0.98868537,0.002474203,0.000694231,0.9257162,0.003894298,0.99229735,0.9924862,0.0011716551
Location of education facilities,0.0039944416,0.02563878,0.039098762,0.0003339247,0.111327745,0.0007491457,0.003455759,0.0010756357,0.0012689368,0.00045879703,0.014370426,0.00010822473,0.00055433525,0.0006466712,0.021166982,0.00089912955,0.4001442,0.0015371984,0.02103791,0.002133942,0.1412901,0.003284048,0.001534845,0.022858985,0.0015947598,0.0046056984,0.00294231,0.0016026346,0.023395116,0.19347313,0.01569076,0.0030950343,0.002711475,0.012036026,0.005869933,0.00016449043,0.00018433612,5.5568402e-05,5.844133e-05,7.224423e-05,7.276991e-05,5.412793e-05,5.4036638e-05,3.806199e-05,3.521849e-05,6.014843e-05,6.15561e-05,0.021614283,0.09045842,0.07199762,0.014079042,0.0017222557,0.0038111575,0.15563248,0.029284157,0.02861341,0.030422032,0.03130245,0.018771783,0.04628788,0.005038469,0.0014708962,0.005597865,0.01918217,0.010299849,0.0055109942,0.056417666,0.070322834,0.036146708,0.00070289336,0.032976974,0.03323247,0.037227456,0.11945243,0.08251825,0.030015726,0.05192857,0.22839358,0.0076916264,0.04264534,0.021050716,0.035479818,0.18099257,0.005709624
% of children attending school,0.00089699886,0.00056506,0.000110174944,0.00011103771,0.0005787024,0.00017900237,0.0015236664,0.00018534242,0.00041326485,0.00014957752,0.0009693561,0.0005968973,0.018704064,0.015612391,0.003290594,0.004837192,0.0017190891,0.0020464535,0.001454974,0.0012014313,0.002788578,0.00031038435,0.00029192882,0.008944775,0.0011251689,0.0011832912,0.0002986226,0.00029249856,0.0013141006,0.0025019974,0.0017708978,0.00035456137,0.0007534302,0.0015210599,0.0010084145,0.0074212872,0.004975811,0.0014227428,0.0014723701,0.0014940423,0.0014296701,0.0014830164,0.001479926,0.0020580634,0.0007852181,0.0039453423,0.0023731415,0.0015205184,0.004348518,0.0016106225,0.011633163,0.0018060136,0.002180261,0.00925458,0.43272904,0.4792526,0.4870731,0.003765495,0.020909933,0.63081104,0.024749566,0.0042472705,0.0027366404,0.033753034,0.0018009635,0.23071547,0.0021771882,0.003859611,0.013298705,0.021077385,0.008323146,0.001386745,0.07738793,0.0016753923,0.004480092,0.011000445,0.0012835979,0.033985768,0.012167432,0.0026402734,0.010141385,0.0028249198,0.0021727928,0.02821058
Occupation of majority of IDPs,0.00033341054,0.00040695007,0.00033042414,5.2712126e-05,0.0042572133,7.583726e-05,0.024232067,0.00016543451,0.00494827,0.0002435278,0.00020890572,0.0018895259,0.0019368394,0.0021068756,0.002753842,0.0026671204,0.011063864,0.008031807,0.0017779791,0.0014121333,0.0044115665,0.00035374926,0.0011561667,0.025176015,0.0007454087,0.00039476025,0.0007885726,0.0011600337,0.0022516043,0.0034275148,0.0015790501,0.00035484543,0.027000751,0.03214064,0.039534826,0.003268739,0.009138925,0.00025647064,0.00026640456,0.00017648886,0.00017312977,0.00017608848,0.00017306564,0.00022042677,0.001437342,0.00046151315,0.0014801715,0.004868096,0.26432085,0.004012702,0.009572785,0.009562318,0.002489615,0.0015221109,0.0003823836,0.0003719976,0.00037406795,0.0013454794,0.00046128873,0.0044836383,0.00027390415,0.040121198,0.004949319,0.0097347135,0.085955985,0.012199096,0.0013672602,0.0020579807,0.056582313,0.010735725,0.1336933,0.001903468,0.12743618,0.0044695013,0.0086675,0.02279834,0.0024473579,0.3450124,0.04622841,0.0032927226,0.0023669465,0.0021358826,0.0023479091,0.010538595
# of HH with source of income,0.00020288992,0.00031382483,0.0006232101,0.0038716265,0.00014099342,0.004002267,7.25417e-05,0.0014066754,8.276748e-05,0.0007787954,0.00058934407,0.00013537737,0.061322227,0.046708636,0.00013274133,0.00020115255,0.0006414991,0.00075962377,0.0010446608,0.00027824414,0.0010372453,0.0010728203,0.00012770072,0.00021267081,0.0012883807,0.0006614982,0.00048422636,0.0001739247,0.0004954124,0.00017939798,0.00064953434,0.00013840178,0.00022504892,0.0001102542,0.00075254426,0.35916847,0.07687946,0.71723574,0.55600333,0.091993585,0.056671318,0.02825055,0.016520934,0.048380326,0.14550254,0.6345573,0.8240401,0.0007626709,0.00024413638,0.00022708008,0.00035160306,0.000499192,0.0010428181,0.00056255376,0.0057755294,0.001550638,0.0041076117,0.003186163,0.0517579,0.0029438802,0.053091947,0.00030749536,0.00017691152,0.0023085976,0.0056972024,0.005633129,0.00033849475,0.0011104572,0.0070958654,0.9006162,0.0008988565,0.0012458785,0.0023965489,0.0010708501,0.0028198718,0.0061801244,0.000565569,0.004146627,0.0096593425,0.00081304077,0.0009340213,0.0006739392,0.00053270423,0.00242438
Access to income generating activities,0.007999493,0.005909369,0.024407411,0.011023947,0.0025749074,0.004160743,0.0002726661,0.0015350515,0.00013661562,0.0020934525,0.007474228,6.660063e-05,9.0711146e-05,0.00013856783,0.009156353,0.00026981745,0.05302737,0.00012295188,0.83128804,0.0007546234,0.97737795,0.7547288,0.62159276,0.0011930404,0.34375048,0.8106138,0.6931998,0.85741025,0.7425201,0.7016718,0.39445007,0.10395734,0.0005816155,0.0005448895,0.0005464516,0.0001513632,0.0008154232,7.8995065e-05,8.089524e-05,7.2266004e-05,7.204906e-05,0.00011508257,0.000119135926,0.00011508257,0.00020796455,6.468186e-05,0.00012319714,0.9239464,0.003434233,0.04530812,0.0028470177,0.00051863486,0.0005696812,0.0057288497,0.006073582,0.0060476377,0.0038709042,0.022353806,0.0028801388,0.006237615,0.00057513296,0.00042828728,0.00085602835,0.00030907753,0.0011016586,0.00022202943,0.9648632,0.33409378,0.00038356526,0.00031098293,0.0011106966,0.95055604,0.008311478,0.95965075,0.9083576,0.046001326,0.9925654,0.0032049383,0.00094740686,0.9296816,0.003414813,0.9901348,0.9927442,0.00034952018
Livestock on site,0.0032697353,0.03329148,0.04819143,0.0042217723,0.0037681316,0.0007663162,0.00024450032,0.00074391236,0.00014071864,0.0008466954,0.023800284,0.00014527577,0.00043161114,0.0002794768,0.08568272,0.0021459523,0.35258052,0.00076927565,0.7982222,0.013070441,0.9827864,0.93770975,0.90340537,0.0020885202,0.7702957,0.97665036,0.9097272,0.96195745,0.94259036,0.86590767,0.9207363,0.5319949,0.0009991217,0.01632662,0.00072805985,0.001020793,0.0011976688,6.969346e-05,6.9753936e-05,6.405204e-05,0.00017245275,9.947517e-05,0.00029674906,0.00015576789,0.0003539824,0.00010541915,0.00031593506,0.8094579,0.012872852,0.046391286,0.004855911,0.00067060266,0.00087844505,0.026012493,0.042779706,0.05633467,0.042626604,0.013647707,0.003641132,0.053176623,0.0035285212,0.0006543098,0.0035108053,0.0040447274,0.0019941637,0.0005045226,0.96794194,0.39871043,0.0014131838,0.00031486683,0.004990585,0.90352887,0.024706233,0.96249866,0.9247933,0.22357078,0.9895187,0.01532698,0.0015427014,0.9280646,0.019500135,0.9640341,0.9698034,0.0011183055
IDPs have access to land for cultivation,0.0015682786,0.0054689506,0.007825752,0.00286697,0.0018940396,0.00051565736,0.0002458309,0.00090294576,0.00013678917,0.0013259421,0.0037402136,6.6509245e-05,0.00021804673,0.00016942521,0.0027952208,0.0002581218,0.14853972,0.00014407525,0.8283166,0.0022340782,0.9841102,0.797247,0.58721095,0.002173778,0.80375665,0.9687942,0.88479906,0.8494762,0.9620303,0.9105038,0.7258408,0.13392983,0.001440454,0.007329432,0.0005011591,0.0001336082,0.00049724104,5.7859823e-05,6.226378e-05,5.9416278e-05,5.9416278e-05,0.00010110746,0.00010442378,0.00010110746,0.000100168996,6.7232424e-05,6.4511034e-05,0.98136586,0.0076577067,0.059392393,0.0018816678,0.0008523132,0.0009790598,0.018496437,0.0043971306,0.007014768,0.007354607,0.078560375,0.012149333,0.06797595,0.0039803796,0.000481851,0.00075670937,0.0009015978,0.0026464197,0.0009190379,0.96208036,0.4043961,0.000875947,0.00022239584,0.0030628971,0.96043515,0.043905273,0.96825004,0.9547503,0.18717524,0.99394685,0.015709303,0.0017841286,0.9708841,0.0074196532,0.9862603,0.99307936,0.0005636003
Most trusted source of Info,0.00012968048,0.0006666979,0.00039949015,7.103749e-05,0.0014004749,6.525866e-05,0.0012157969,0.00017686008,0.0008655574,0.0001278678,0.00024793955,0.00051460083,0.0015951807,0.0011026654,0.0057998607,0.0040681018,0.002017593,0.04448168,0.0010767122,0.0016306547,0.0008656137,0.00035171612,0.0003483979,0.0026898703,0.0003450784,0.0010347603,0.0003557456,0.0010635479,0.0010387336,0.0010768502,0.0010807513,0.0006361939,0.014344164,0.0037190893,0.41428432,0.002860487,0.0044253073,0.0002100589,0.00022018049,0.00050286454,0.00021159375,0.00050286454,0.00021159375,0.00021159375,0.00035715074,0.0006555528,0.001435032,0.00092109584,0.0053748223,0.0016118707,0.015911369,0.119954616,0.09499877,0.00027999983,0.0002897255,0.00027928205,0.00028019794,0.00038459536,0.0001453999,0.00037078297,0.00019617121,0.022772655,0.007916831,0.0058326568,0.1452642,0.003112925,0.0010858112,0.0010947867,0.3573082,0.0015733392,0.015295688,0.0010304296,0.007839882,0.001076699,0.0031802685,0.01082363,0.001129126,0.0092985965,0.1726201,0.0011112153,0.05233395,0.0011338564,0.0010662881,0.012273259
Main topic community is requesting info,0.00047625983,0.00020832813,0.00030366794,8.853619e-05,0.0010667065,7.0940805e-05,0.004945441,9.0545e-05,0.0040489724,7.657804e-05,0.0002225766,0.002786335,0.0007663218,0.00073311914,0.0014534759,0.010655693,0.0017495259,0.0025989823,0.00045560303,0.0026648424,0.0007507574,0.00019810992,0.00019624396,0.08635434,0.0001884496,0.00019574484,0.00019574484,0.00019819385,0.0004142495,0.0004024997,0.00019985453,0.00016320127,0.0542376,0.01622556,0.04018778,0.000478966,0.00035037755,0.00012380717,0.00016997902,0.00013094088,0.0001333645,0.0001333645,0.0001443688,0.00017304871,0.00019485579,0.0001464247,0.00022308483,0.0005273752,0.01604509,0.00041835182,0.010372827,0.022450583,0.050235435,0.0006398222,0.0007722857,0.0013455215,0.0010214882,0.0007853771,0.00023167583,0.00071194203,0.00015955938,0.022835415,0.050705772,0.0012808547,0.0723189,0.0030522535,0.000849364,0.0017398348,0.008410247,0.00052605337,0.028482966,0.0003869338,0.03293298,0.00068714254,0.0006344883,0.004349328,0.00079633755,0.016196314,0.28734875,0.0006370569,0.02286569,0.00081597484,0.000769092,0.0057527106
Serious problem due to lack information,0.0005825202,0.008115625,0.00907367,0.0013014593,0.0017193933,0.0004169074,0.00030043666,0.0010521123,0.00015076321,0.00081466435,0.0055352063,7.3045565e-05,0.000106048945,0.00014925312,0.0044251266,0.0003381551,0.21252514,0.00014416286,0.948562,0.06442072,0.9120039,0.19545668,0.51140636,0.0038217548,0.71669555,0.76242113,0.30362263,0.36628848,0.9271052,0.90794414,0.92612696,0.7996466,0.0009705002,0.00026627872,0.0003969878,0.00029897434,0.0010709706,5.6992045e-05,0.00012774966,0.00013764616,0.0001360901,0.00010165253,0.000122030804,0.000140895,0.00011417016,0.00023535811,0.00015348516,0.96561867,0.007317086,0.14299312,0.0014528085,0.0005025037,0.00090304075,0.11160719,0.0013833496,0.004573018,0.0042967913,0.12861657,0.002411809,0.017658534,0.0041029966,0.000502194,0.0019826964,0.0021354398,0.0022262922,0.0014725819,0.60310066,0.9894486,0.002909751,0.00048238292,0.006106189,0.9516803,0.07021772,0.66980505,0.9675209,0.19989546,0.75146836,0.013664778,0.00091212685,0.8886512,0.041122284,0.8581015,0.7391207,0.00050172175
